Protein,GO_term/EC_number,Score,GO_term/EC_number name
tr|A0B5T7|A0B5T7_METTP,GO:0016829,0.11984,lyase activity
tr|A0B5T7|A0B5T7_METTP,GO:0016788,0.11621,"hydrolase activity, acting on ester bonds"
tr|A0B5T7|A0B5T7_METTP,GO:0016810,0.10726,"hydrolase activity, acting on carbon-nitrogen (but not peptide) bonds"
tr|A0B5W5|A0B5W5_METTP,GO:0051536,0.86830,iron-sulfur cluster binding
tr|A0B5W5|A0B5W5_METTP,GO:0051540,0.86799,metal cluster binding
tr|A0B5W5|A0B5W5_METTP,GO:0051539,0.85354,"4 iron, 4 sulfur cluster binding"
tr|A0B5W5|A0B5W5_METTP,GO:0046914,0.43284,transition metal ion binding
tr|A0B5W5|A0B5W5_METTP,GO:0008270,0.15852,zinc ion binding
tr|A0B5Z1|A0B5Z1_METTP,GO:0097367,0.10313,carbohydrate derivative binding
tr|A0B5Z1|A0B5Z1_METTP,GO:0032553,0.10160,ribonucleotide binding
tr|A0B6Z3|A0B6Z3_METTP,GO:0016874,0.12842,ligase activity
tr|A0B7F1|A0B7F1_METTP,GO:0016741,0.68843,"transferase activity, transferring one-carbon groups"
tr|A0B7F1|A0B7F1_METTP,GO:0008168,0.58465,methyltransferase activity
tr|A0B7F1|A0B7F1_METTP,GO:0140096,0.13505,"catalytic activity, acting on a protein"
tr|A0B7F1|A0B7F1_METTP,GO:0008757,0.13313,S-adenosylmethionine-dependent methyltransferase activity
tr|A0B7J1|A0B7J1_METTP,GO:0046914,0.15690,transition metal ion binding
tr|A0B7J1|A0B7J1_METTP,GO:0140096,0.10194,"catalytic activity, acting on a protein"
tr|A0B7J2|A0B7J2_METTP,GO:0097367,0.42855,carbohydrate derivative binding
tr|A0B7J2|A0B7J2_METTP,GO:0032553,0.36784,ribonucleotide binding
tr|A0B7J2|A0B7J2_METTP,GO:0032555,0.32774,purine ribonucleotide binding
tr|A0B7J2|A0B7J2_METTP,GO:0035639,0.32420,purine ribonucleoside triphosphate binding
tr|A0B7J2|A0B7J2_METTP,GO:0017076,0.30395,purine nucleotide binding
tr|A0B7J2|A0B7J2_METTP,GO:0005524,0.20254,ATP binding
tr|A0B7J2|A0B7J2_METTP,GO:0032559,0.20070,adenyl ribonucleotide binding
tr|A0B7J2|A0B7J2_METTP,GO:0030554,0.18390,adenyl nucleotide binding
tr|A0B7N6|A0B7N6_METTP,GO:0051540,0.44535,metal cluster binding
tr|A0B7N6|A0B7N6_METTP,GO:0051536,0.44502,iron-sulfur cluster binding
tr|A0B7N6|A0B7N6_METTP,GO:0051539,0.43604,"4 iron, 4 sulfur cluster binding"
tr|A0B7N6|A0B7N6_METTP,GO:0046914,0.21467,transition metal ion binding
tr|A0B7N6|A0B7N6_METTP,GO:0008270,0.14670,zinc ion binding
tr|A0B7N6|A0B7N6_METTP,GO:0016829,0.10837,lyase activity
tr|A0B7T7|A0B7T7_METTP,GO:0003723,0.16596,RNA binding
tr|A0B7T7|A0B7T7_METTP,GO:0003677,0.11258,DNA binding
tr|A0B7Z8|A0B7Z8_METTP,GO:0097367,0.14713,carbohydrate derivative binding
tr|A0B7Z8|A0B7Z8_METTP,GO:0032553,0.12727,ribonucleotide binding
tr|A0B7Z8|A0B7Z8_METTP,GO:0032555,0.10421,purine ribonucleotide binding
tr|A0B7Z8|A0B7Z8_METTP,GO:0035639,0.10030,purine ribonucleoside triphosphate binding
tr|A0B8F2|A0B8F2_METTP,GO:0030554,0.98436,adenyl nucleotide binding
tr|A0B8F2|A0B8F2_METTP,GO:0032559,0.98229,adenyl ribonucleotide binding
tr|A0B8F2|A0B8F2_METTP,GO:0005524,0.98134,ATP binding
tr|A0B8F2|A0B8F2_METTP,GO:0017076,0.97633,purine nucleotide binding
tr|A0B8F2|A0B8F2_METTP,GO:0032555,0.97331,purine ribonucleotide binding
tr|A0B8F2|A0B8F2_METTP,GO:0035639,0.97201,purine ribonucleoside triphosphate binding
tr|A0B8F2|A0B8F2_METTP,GO:0097367,0.97070,carbohydrate derivative binding
tr|A0B8F2|A0B8F2_METTP,GO:0032553,0.97030,ribonucleotide binding
tr|A0B8F2|A0B8F2_METTP,GO:0016874,0.92591,ligase activity
tr|A0B8F2|A0B8F2_METTP,GO:0016878,0.91567,acid-thiol ligase activity
tr|A0B8F2|A0B8F2_METTP,GO:0016877,0.86765,"ligase activity, forming carbon-sulfur bonds"
tr|A0B8F2|A0B8F2_METTP,GO:0016405,0.79900,CoA-ligase activity
tr|A0B8F2|A0B8F2_METTP,GO:0016208,0.40869,AMP binding
tr|A0B8W6|A0B8W6_METTP,GO:0140096,0.84933,"catalytic activity, acting on a protein"
tr|A0B8W6|A0B8W6_METTP,GO:0008233,0.78283,peptidase activity
tr|A0B8W6|A0B8W6_METTP,GO:0004175,0.66549,endopeptidase activity
tr|A0B8W6|A0B8W6_METTP,GO:0004298,0.54161,threonine-type endopeptidase activity
tr|A0B8W6|A0B8W6_METTP,GO:0070003,0.53701,threonine-type peptidase activity
sp|A0B9K2|AATA_METTP,GO:0005524,0.99684,ATP binding
sp|A0B9K2|AATA_METTP,GO:0032559,0.99682,adenyl ribonucleotide binding
sp|A0B9K2|AATA_METTP,GO:0030554,0.99660,adenyl nucleotide binding
sp|A0B9K2|AATA_METTP,GO:0035639,0.99592,purine ribonucleoside triphosphate binding
sp|A0B9K2|AATA_METTP,GO:0032555,0.99589,purine ribonucleotide binding
sp|A0B9K2|AATA_METTP,GO:0032553,0.99558,ribonucleotide binding
sp|A0B9K2|AATA_METTP,GO:0017076,0.99557,purine nucleotide binding
sp|A0B9K2|AATA_METTP,GO:0097367,0.99496,carbohydrate derivative binding
sp|A0B9K2|AATA_METTP,GO:0015078,0.96741,proton transmembrane transporter activity
sp|A0B9K2|AATA_METTP,GO:0015075,0.96549,ion transmembrane transporter activity
sp|A0B9K2|AATA_METTP,GO:0022857,0.96195,transmembrane transporter activity
sp|A0B9K2|AATA_METTP,GO:0022890,0.95769,inorganic cation transmembrane transporter activity
sp|A0B9K2|AATA_METTP,GO:0005215,0.95768,transporter activity
sp|A0B9K2|AATA_METTP,GO:0008324,0.95718,cation transmembrane transporter activity
sp|A0B9K2|AATA_METTP,GO:0015318,0.95463,inorganic molecular entity transmembrane transporter activity
sp|A0B9K2|AATA_METTP,GO:0016874,0.90185,ligase activity
sp|A0B9K2|AATA_METTP,GO:0046933,0.87334,"proton-transporting ATP synthase activity, rotational mechanism"
sp|A0B9K2|AATA_METTP,GO:0015267,0.87266,channel activity
sp|A0B9K2|AATA_METTP,GO:0022803,0.87252,passive transmembrane transporter activity
sp|A0B9K2|AATA_METTP,GO:0015252,0.87119,proton channel activity
sp|A0B9K2|AATA_METTP,GO:0005261,0.86506,cation channel activity
sp|A0B9K2|AATA_METTP,GO:0005216,0.86016,ion channel activity
sp|A0B9K2|AATA_METTP,GO:0022853,0.14218,active ion transmembrane transporter activity
sp|A0B9K2|AATA_METTP,GO:0042625,0.13832,ATPase-coupled ion transmembrane transporter activity
sp|A0B9K2|AATA_METTP,GO:0015399,0.13188,primary active transmembrane transporter activity
sp|A0B9K2|AATA_METTP,GO:0042626,0.13110,ATPase-coupled transmembrane transporter activity
sp|A0B9K2|AATA_METTP,GO:0022804,0.12748,active transmembrane transporter activity
sp|A0B9K2|AATA_METTP,GO:0019829,0.10671,ATPase-coupled cation transmembrane transporter activity
tr|A0B9U3|A0B9U3_METTP,GO:0004553,0.34886,"hydrolase activity, hydrolyzing O-glycosyl compounds"
tr|A0B9U3|A0B9U3_METTP,GO:0016798,0.32885,"hydrolase activity, acting on glycosyl bonds"
tr|A0B9U3|A0B9U3_METTP,GO:0140096,0.12632,"catalytic activity, acting on a protein"
tr|A0B9U3|A0B9U3_METTP,GO:0008233,0.12526,peptidase activity
tr|A0LE81|A0LE81_SYNFM,GO:0051540,0.72431,metal cluster binding
tr|A0LE81|A0LE81_SYNFM,GO:0051536,0.72404,iron-sulfur cluster binding
tr|A0LE81|A0LE81_SYNFM,GO:0051539,0.65126,"4 iron, 4 sulfur cluster binding"
tr|A0LE81|A0LE81_SYNFM,GO:0046914,0.50095,transition metal ion binding
tr|A0LE81|A0LE81_SYNFM,GO:0008270,0.21685,zinc ion binding
tr|A0LE81|A0LE81_SYNFM,GO:0003723,0.12439,RNA binding
tr|A0LE81|A0LE81_SYNFM,GO:0140096,0.11546,"catalytic activity, acting on a protein"
tr|A0LE82|A0LE82_SYNFM,GO:0046914,0.10383,transition metal ion binding
tr|A0LE87|A0LE87_SYNFM,GO:0097367,0.10298,carbohydrate derivative binding
tr|A0LE88|A0LE88_SYNFM,GO:0051540,0.66725,metal cluster binding
tr|A0LE88|A0LE88_SYNFM,GO:0051536,0.66668,iron-sulfur cluster binding
tr|A0LE88|A0LE88_SYNFM,GO:0051539,0.56114,"4 iron, 4 sulfur cluster binding"
tr|A0LE88|A0LE88_SYNFM,GO:0046914,0.36239,transition metal ion binding
tr|A0LE88|A0LE88_SYNFM,GO:0005506,0.16223,iron ion binding
tr|A0LE88|A0LE88_SYNFM,GO:0009055,0.14904,electron transfer activity
tr|A0LE88|A0LE88_SYNFM,GO:0008270,0.10091,zinc ion binding
sp|A0LEC9|ENO_SYNFM,GO:0016829,0.99999,lyase activity
sp|A0LEC9|ENO_SYNFM,GO:0016835,0.99997,carbon-oxygen lyase activity
sp|A0LEC9|ENO_SYNFM,GO:0016836,0.99994,hydro-lyase activity
sp|A0LEC9|ENO_SYNFM,GO:0004634,0.99819,phosphopyruvate hydratase activity
sp|A0LEC9|ENO_SYNFM,GO:0000287,0.98026,magnesium ion binding
sp|A0LEH2|CH601_SYNFM,GO:0030554,0.99977,adenyl nucleotide binding
sp|A0LEH2|CH601_SYNFM,GO:0005524,0.99975,ATP binding
sp|A0LEH2|CH601_SYNFM,GO:0032559,0.99974,adenyl ribonucleotide binding
sp|A0LEH2|CH601_SYNFM,GO:0017076,0.99970,purine nucleotide binding
sp|A0LEH2|CH601_SYNFM,GO:0035639,0.99969,purine ribonucleoside triphosphate binding
sp|A0LEH2|CH601_SYNFM,GO:0032555,0.99968,purine ribonucleotide binding
sp|A0LEH2|CH601_SYNFM,GO:0032553,0.99968,ribonucleotide binding
sp|A0LEH2|CH601_SYNFM,GO:0097367,0.99960,carbohydrate derivative binding
sp|A0LEH2|CH601_SYNFM,GO:0051082,0.94298,unfolded protein binding
tr|A0LEV9|A0LEV9_SYNFM,GO:0032553,0.99262,ribonucleotide binding
tr|A0LEV9|A0LEV9_SYNFM,GO:0005524,0.99150,ATP binding
tr|A0LEV9|A0LEV9_SYNFM,GO:0030554,0.99139,adenyl nucleotide binding
tr|A0LEV9|A0LEV9_SYNFM,GO:0032559,0.99127,adenyl ribonucleotide binding
tr|A0LEV9|A0LEV9_SYNFM,GO:0097367,0.99064,carbohydrate derivative binding
tr|A0LEV9|A0LEV9_SYNFM,GO:0035639,0.98882,purine ribonucleoside triphosphate binding
tr|A0LEV9|A0LEV9_SYNFM,GO:0017076,0.98855,purine nucleotide binding
tr|A0LEV9|A0LEV9_SYNFM,GO:0032555,0.98850,purine ribonucleotide binding
tr|A0LEV9|A0LEV9_SYNFM,GO:0051082,0.85147,unfolded protein binding
tr|A0LEY5|A0LEY5_SYNFM,GO:0016829,0.13603,lyase activity
tr|A0LF20|A0LF20_SYNFM,GO:0003723,0.10214,RNA binding
tr|A0LF20|A0LF20_SYNFM,GO:0003677,0.10208,DNA binding
tr|A0LFF3|A0LFF3_SYNFM,GO:0016788,0.10992,"hydrolase activity, acting on ester bonds"
tr|A0LFF6|A0LFF6_SYNFM,GO:0097367,0.12340,carbohydrate derivative binding
tr|A0LFF6|A0LFF6_SYNFM,GO:0032553,0.10809,ribonucleotide binding
tr|A0LFF9|A0LFF9_SYNFM,GO:0046914,0.12196,transition metal ion binding
tr|A0LFJ0|A0LFJ0_SYNFM,GO:0097367,0.22031,carbohydrate derivative binding
tr|A0LFJ0|A0LFJ0_SYNFM,GO:0032553,0.14932,ribonucleotide binding
tr|A0LFJ0|A0LFJ0_SYNFM,GO:0032555,0.11660,purine ribonucleotide binding
tr|A0LFJ0|A0LFJ0_SYNFM,GO:0035639,0.11089,purine ribonucleoside triphosphate binding
tr|A0LFJ0|A0LFJ0_SYNFM,GO:0017076,0.11059,purine nucleotide binding
tr|A0LFJ0|A0LFJ0_SYNFM,GO:0004553,0.11050,"hydrolase activity, hydrolyzing O-glycosyl compounds"
tr|A0LFJ0|A0LFJ0_SYNFM,GO:0016798,0.10855,"hydrolase activity, acting on glycosyl bonds"
tr|A0LFV7|A0LFV7_SYNFM,GO:0046914,0.14298,transition metal ion binding
tr|A0LFV7|A0LFV7_SYNFM,GO:0051540,0.10600,metal cluster binding
tr|A0LFV7|A0LFV7_SYNFM,GO:0051536,0.10598,iron-sulfur cluster binding
tr|A0LG79|A0LG79_SYNFM,GO:0003677,0.20479,DNA binding
tr|A0LG79|A0LG79_SYNFM,GO:0005198,0.14910,structural molecule activity
tr|A0LG79|A0LG79_SYNFM,GO:0003735,0.14589,structural constituent of ribosome
tr|A0LG79|A0LG79_SYNFM,GO:0003723,0.12071,RNA binding
tr|A0LGH9|A0LGH9_SYNFM,GO:0097367,0.13617,carbohydrate derivative binding
tr|A0LGH9|A0LGH9_SYNFM,GO:0032553,0.12066,ribonucleotide binding
tr|A0LGH9|A0LGH9_SYNFM,GO:0016829,0.11439,lyase activity
tr|A0LGK7|A0LGK7_SYNFM,GO:0097367,0.15285,carbohydrate derivative binding
tr|A0LGK7|A0LGK7_SYNFM,GO:0032553,0.13429,ribonucleotide binding
tr|A0LGK7|A0LGK7_SYNFM,GO:0032555,0.12950,purine ribonucleotide binding
tr|A0LGK7|A0LGK7_SYNFM,GO:0035639,0.12706,purine ribonucleoside triphosphate binding
tr|A0LGK7|A0LGK7_SYNFM,GO:0017076,0.12166,purine nucleotide binding
tr|A0LGK7|A0LGK7_SYNFM,GO:0032559,0.11285,adenyl ribonucleotide binding
tr|A0LGK7|A0LGK7_SYNFM,GO:0005524,0.11161,ATP binding
tr|A0LGK7|A0LGK7_SYNFM,GO:0030554,0.10642,adenyl nucleotide binding
tr|A0LH28|A0LH28_SYNFM,GO:0017076,0.99901,purine nucleotide binding
tr|A0LH28|A0LH28_SYNFM,GO:0030554,0.99893,adenyl nucleotide binding
tr|A0LH28|A0LH28_SYNFM,GO:0032553,0.99872,ribonucleotide binding
tr|A0LH28|A0LH28_SYNFM,GO:0035639,0.99862,purine ribonucleoside triphosphate binding
tr|A0LH28|A0LH28_SYNFM,GO:0032555,0.99857,purine ribonucleotide binding
tr|A0LH28|A0LH28_SYNFM,GO:0005524,0.99846,ATP binding
tr|A0LH28|A0LH28_SYNFM,GO:0032559,0.99842,adenyl ribonucleotide binding
tr|A0LH28|A0LH28_SYNFM,GO:0097367,0.99841,carbohydrate derivative binding
tr|A0LH28|A0LH28_SYNFM,GO:0051082,0.97585,unfolded protein binding
tr|A0LH39|A0LH39_SYNFM,GO:0051540,0.38950,metal cluster binding
tr|A0LH39|A0LH39_SYNFM,GO:0051536,0.38879,iron-sulfur cluster binding
tr|A0LH39|A0LH39_SYNFM,GO:0046914,0.31032,transition metal ion binding
tr|A0LH39|A0LH39_SYNFM,GO:0051539,0.26214,"4 iron, 4 sulfur cluster binding"
tr|A0LH39|A0LH39_SYNFM,GO:0008270,0.12455,zinc ion binding
tr|A0LH39|A0LH39_SYNFM,GO:0009055,0.11562,electron transfer activity
tr|A0LHL1|A0LHL1_SYNFM,GO:0003677,0.12920,DNA binding
tr|A0LHL1|A0LHL1_SYNFM,GO:0032553,0.10649,ribonucleotide binding
tr|A0LHL1|A0LHL1_SYNFM,GO:0097367,0.10569,carbohydrate derivative binding
tr|A0LHL1|A0LHL1_SYNFM,GO:0017076,0.10042,purine nucleotide binding
tr|A0LHL3|A0LHL3_SYNFM,GO:0097367,0.42189,carbohydrate derivative binding
tr|A0LHL3|A0LHL3_SYNFM,GO:0032553,0.40903,ribonucleotide binding
tr|A0LHL3|A0LHL3_SYNFM,GO:0032555,0.39366,purine ribonucleotide binding
tr|A0LHL3|A0LHL3_SYNFM,GO:0035639,0.38137,purine ribonucleoside triphosphate binding
tr|A0LHL3|A0LHL3_SYNFM,GO:0017076,0.37712,purine nucleotide binding
tr|A0LHL3|A0LHL3_SYNFM,GO:0032559,0.35260,adenyl ribonucleotide binding
tr|A0LHL3|A0LHL3_SYNFM,GO:0005524,0.34064,ATP binding
tr|A0LHL3|A0LHL3_SYNFM,GO:0030554,0.33818,adenyl nucleotide binding
tr|A0LHL3|A0LHL3_SYNFM,GO:0016874,0.32787,ligase activity
tr|A0LHS6|A0LHS6_SYNFM,GO:0051540,0.41003,metal cluster binding
tr|A0LHS6|A0LHS6_SYNFM,GO:0051536,0.40988,iron-sulfur cluster binding
tr|A0LHS6|A0LHS6_SYNFM,GO:0051539,0.35522,"4 iron, 4 sulfur cluster binding"
tr|A0LHS6|A0LHS6_SYNFM,GO:0050660,0.16487,flavin adenine dinucleotide binding
tr|A0LHS6|A0LHS6_SYNFM,GO:0016651,0.10784,"oxidoreductase activity, acting on NAD(P)H"
tr|A0LHS7|A0LHS7_SYNFM,GO:0050660,0.47447,flavin adenine dinucleotide binding
tr|A0LHS7|A0LHS7_SYNFM,GO:0016667,0.32905,"oxidoreductase activity, acting on a sulfur group of donors"
tr|A0LHS7|A0LHS7_SYNFM,GO:0016651,0.26390,"oxidoreductase activity, acting on NAD(P)H"
tr|A0LHS7|A0LHS7_SYNFM,GO:0016668,0.21478,"oxidoreductase activity, acting on a sulfur group of donors, NAD(P) as acceptor"
tr|A0LHS7|A0LHS7_SYNFM,GO:0009055,0.14069,electron transfer activity
tr|A0LHS7|A0LHS7_SYNFM,GO:0051540,0.12829,metal cluster binding
tr|A0LHS7|A0LHS7_SYNFM,GO:0051536,0.12811,iron-sulfur cluster binding
tr|A0LHS7|A0LHS7_SYNFM,GO:0015036,0.11778,disulfide oxidoreductase activity
sp|A0LI20|RISB_SYNFM,GO:0016765,0.87606,"transferase activity, transferring alkyl or aryl (other than methyl) groups"
tr|A0LI60|A0LI60_SYNFM,GO:0051536,0.53822,iron-sulfur cluster binding
tr|A0LI60|A0LI60_SYNFM,GO:0051540,0.53810,metal cluster binding
tr|A0LI60|A0LI60_SYNFM,GO:0051539,0.33862,"4 iron, 4 sulfur cluster binding"
tr|A0LI60|A0LI60_SYNFM,GO:0046914,0.29864,transition metal ion binding
tr|A0LI60|A0LI60_SYNFM,GO:0003677,0.15528,DNA binding
tr|A0LI60|A0LI60_SYNFM,GO:0003723,0.12513,RNA binding
tr|A0LI60|A0LI60_SYNFM,GO:0005506,0.11413,iron ion binding
tr|A0LI60|A0LI60_SYNFM,GO:0009055,0.11021,electron transfer activity
tr|A0LI60|A0LI60_SYNFM,GO:0005198,0.10435,structural molecule activity
sp|A0LIH6|EFTU_SYNFM,GO:0032550,1.00000,purine ribonucleoside binding
sp|A0LIH6|EFTU_SYNFM,GO:0032549,1.00000,ribonucleoside binding
sp|A0LIH6|EFTU_SYNFM,GO:0019001,1.00000,guanyl nucleotide binding
sp|A0LIH6|EFTU_SYNFM,GO:0032561,1.00000,guanyl ribonucleotide binding
sp|A0LIH6|EFTU_SYNFM,GO:0005525,1.00000,GTP binding
sp|A0LIH6|EFTU_SYNFM,GO:0001883,1.00000,purine nucleoside binding
sp|A0LIH6|EFTU_SYNFM,GO:0001882,1.00000,nucleoside binding
sp|A0LIH6|EFTU_SYNFM,GO:0003924,1.00000,GTPase activity
sp|A0LIH6|EFTU_SYNFM,GO:0032553,1.00000,ribonucleotide binding
sp|A0LIH6|EFTU_SYNFM,GO:0016818,1.00000,"hydrolase activity, acting on acid anhydrides, in phosphorus-containing anhydrides"
sp|A0LIH6|EFTU_SYNFM,GO:0016817,1.00000,"hydrolase activity, acting on acid anhydrides"
sp|A0LIH6|EFTU_SYNFM,GO:0097367,1.00000,carbohydrate derivative binding
sp|A0LIH6|EFTU_SYNFM,GO:0016462,1.00000,pyrophosphatase activity
sp|A0LIH6|EFTU_SYNFM,GO:0017076,1.00000,purine nucleotide binding
sp|A0LIH6|EFTU_SYNFM,GO:0035639,1.00000,purine ribonucleoside triphosphate binding
sp|A0LIH6|EFTU_SYNFM,GO:0032555,1.00000,purine ribonucleotide binding
sp|A0LIH6|EFTU_SYNFM,GO:0017111,0.99999,nucleoside-triphosphatase activity
sp|A0LIH6|EFTU_SYNFM,GO:0008135,0.99999,"translation factor activity, RNA binding"
sp|A0LIH6|EFTU_SYNFM,GO:0090079,0.99999,"translation regulator activity, nucleic acid binding"
sp|A0LIH6|EFTU_SYNFM,GO:0045182,0.99999,translation regulator activity
sp|A0LIH6|EFTU_SYNFM,GO:0003723,0.99944,RNA binding
sp|A0LIH6|EFTU_SYNFM,GO:0003746,0.99886,translation elongation factor activity
sp|A0LIJ6|RS3_SYNFM,GO:0003735,0.99999,structural constituent of ribosome
sp|A0LIJ6|RS3_SYNFM,GO:0005198,0.99997,structural molecule activity
sp|A0LIJ6|RS3_SYNFM,GO:0019843,0.99993,rRNA binding
sp|A0LIJ6|RS3_SYNFM,GO:0003723,0.99984,RNA binding
sp|A0LIJ6|RS3_SYNFM,GO:0003729,0.73732,mRNA binding
tr|A0LIP6|A0LIP6_SYNFM,GO:0015075,0.14428,ion transmembrane transporter activity
tr|A0LIP6|A0LIP6_SYNFM,GO:0005215,0.14274,transporter activity
tr|A0LIP6|A0LIP6_SYNFM,GO:0022857,0.14013,transmembrane transporter activity
tr|A0LIP6|A0LIP6_SYNFM,GO:0015318,0.10262,inorganic molecular entity transmembrane transporter activity
tr|A0LIW6|A0LIW6_SYNFM,GO:0032553,0.41041,ribonucleotide binding
tr|A0LIW6|A0LIW6_SYNFM,GO:0097367,0.40713,carbohydrate derivative binding
tr|A0LIW6|A0LIW6_SYNFM,GO:0017076,0.38909,purine nucleotide binding
tr|A0LIW6|A0LIW6_SYNFM,GO:0032555,0.37632,purine ribonucleotide binding
tr|A0LIW6|A0LIW6_SYNFM,GO:0035639,0.36220,purine ribonucleoside triphosphate binding
tr|A0LIW6|A0LIW6_SYNFM,GO:0030554,0.29139,adenyl nucleotide binding
tr|A0LIW6|A0LIW6_SYNFM,GO:0032559,0.28181,adenyl ribonucleotide binding
tr|A0LIW6|A0LIW6_SYNFM,GO:0005524,0.27213,ATP binding
tr|A0LIW7|A0LIW7_SYNFM,GO:0003677,0.12679,DNA binding
tr|A0LIW7|A0LIW7_SYNFM,GO:0003723,0.10599,RNA binding
tr|A0LIY7|A0LIY7_SYNFM,GO:0097367,0.20628,carbohydrate derivative binding
tr|A0LIY7|A0LIY7_SYNFM,GO:0032553,0.18899,ribonucleotide binding
tr|A0LIY7|A0LIY7_SYNFM,GO:0032555,0.14321,purine ribonucleotide binding
tr|A0LIY7|A0LIY7_SYNFM,GO:0035639,0.14234,purine ribonucleoside triphosphate binding
tr|A0LIY7|A0LIY7_SYNFM,GO:0017076,0.14134,purine nucleotide binding
tr|A0LIY7|A0LIY7_SYNFM,GO:0032559,0.12081,adenyl ribonucleotide binding
tr|A0LIY7|A0LIY7_SYNFM,GO:0005524,0.11978,ATP binding
tr|A0LIY7|A0LIY7_SYNFM,GO:0030554,0.11977,adenyl nucleotide binding
sp|A0LIY8|SUCC_SYNFM,GO:0032559,0.99145,adenyl ribonucleotide binding
sp|A0LIY8|SUCC_SYNFM,GO:0005524,0.99117,ATP binding
sp|A0LIY8|SUCC_SYNFM,GO:0030554,0.99073,adenyl nucleotide binding
sp|A0LIY8|SUCC_SYNFM,GO:0032555,0.98975,purine ribonucleotide binding
sp|A0LIY8|SUCC_SYNFM,GO:0035639,0.98940,purine ribonucleoside triphosphate binding
sp|A0LIY8|SUCC_SYNFM,GO:0017076,0.98879,purine nucleotide binding
sp|A0LIY8|SUCC_SYNFM,GO:0032553,0.98838,ribonucleotide binding
sp|A0LIY8|SUCC_SYNFM,GO:0097367,0.98681,carbohydrate derivative binding
sp|A0LIY8|SUCC_SYNFM,GO:0016874,0.90055,ligase activity
sp|A0LIY8|SUCC_SYNFM,GO:0016878,0.89519,acid-thiol ligase activity
sp|A0LIY8|SUCC_SYNFM,GO:0016877,0.83703,"ligase activity, forming carbon-sulfur bonds"
sp|A0LIY8|SUCC_SYNFM,GO:0000287,0.78501,magnesium ion binding
tr|A0LJ30|A0LJ30_SYNFM,GO:0008233,0.23939,peptidase activity
tr|A0LJ30|A0LJ30_SYNFM,GO:0016798,0.19792,"hydrolase activity, acting on glycosyl bonds"
tr|A0LJ30|A0LJ30_SYNFM,GO:0140096,0.18791,"catalytic activity, acting on a protein"
tr|A0LJ30|A0LJ30_SYNFM,GO:0004553,0.18292,"hydrolase activity, hydrolyzing O-glycosyl compounds"
tr|A0LJ30|A0LJ30_SYNFM,GO:0004175,0.10864,endopeptidase activity
tr|A0LJ75|A0LJ75_SYNFM,GO:0097367,0.28878,carbohydrate derivative binding
tr|A0LJ75|A0LJ75_SYNFM,GO:0032553,0.28000,ribonucleotide binding
tr|A0LJ75|A0LJ75_SYNFM,GO:0032555,0.26862,purine ribonucleotide binding
tr|A0LJ75|A0LJ75_SYNFM,GO:0017076,0.26758,purine nucleotide binding
tr|A0LJ75|A0LJ75_SYNFM,GO:0035639,0.26530,purine ribonucleoside triphosphate binding
tr|A0LJ75|A0LJ75_SYNFM,GO:0032559,0.18315,adenyl ribonucleotide binding
tr|A0LJ75|A0LJ75_SYNFM,GO:0030554,0.18261,adenyl nucleotide binding
tr|A0LJ75|A0LJ75_SYNFM,GO:0005524,0.18088,ATP binding
tr|A0LJ75|A0LJ75_SYNFM,GO:0003723,0.12789,RNA binding
tr|A0LJ79|A0LJ79_SYNFM,GO:0051540,0.29190,metal cluster binding
tr|A0LJ79|A0LJ79_SYNFM,GO:0051536,0.29149,iron-sulfur cluster binding
tr|A0LJ79|A0LJ79_SYNFM,GO:0051539,0.28372,"4 iron, 4 sulfur cluster binding"
tr|A0LJ79|A0LJ79_SYNFM,GO:0050660,0.10929,flavin adenine dinucleotide binding
tr|A0LJ81|A0LJ81_SYNFM,GO:0051540,0.50319,metal cluster binding
tr|A0LJ81|A0LJ81_SYNFM,GO:0051536,0.50249,iron-sulfur cluster binding
tr|A0LJ81|A0LJ81_SYNFM,GO:0051539,0.34299,"4 iron, 4 sulfur cluster binding"
tr|A0LJ81|A0LJ81_SYNFM,GO:0046914,0.23843,transition metal ion binding
tr|A0LJ81|A0LJ81_SYNFM,GO:0005506,0.14655,iron ion binding
tr|A0LJ81|A0LJ81_SYNFM,GO:0008168,0.12024,methyltransferase activity
tr|A0LJ81|A0LJ81_SYNFM,GO:0016741,0.10068,"transferase activity, transferring one-carbon groups"
tr|A0LJ84|A0LJ84_SYNFM,GO:0051540,0.67263,metal cluster binding
tr|A0LJ84|A0LJ84_SYNFM,GO:0051536,0.67259,iron-sulfur cluster binding
tr|A0LJ84|A0LJ84_SYNFM,GO:0051539,0.63295,"4 iron, 4 sulfur cluster binding"
tr|A0LJ84|A0LJ84_SYNFM,GO:0046914,0.24144,transition metal ion binding
tr|A0LJ84|A0LJ84_SYNFM,GO:0008270,0.11833,zinc ion binding
tr|A0LJ84|A0LJ84_SYNFM,GO:0140096,0.10769,"catalytic activity, acting on a protein"
tr|A0LJ85|A0LJ85_SYNFM,GO:0003677,0.17397,DNA binding
tr|A0LJ87|A0LJ87_SYNFM,GO:0051536,0.67373,iron-sulfur cluster binding
tr|A0LJ87|A0LJ87_SYNFM,GO:0051540,0.67323,metal cluster binding
tr|A0LJ87|A0LJ87_SYNFM,GO:0051539,0.66874,"4 iron, 4 sulfur cluster binding"
tr|A0LJ87|A0LJ87_SYNFM,GO:0050660,0.20941,flavin adenine dinucleotide binding
tr|A0LJA1|A0LJA1_SYNFM,GO:0003677,0.20124,DNA binding
tr|A0LJA1|A0LJA1_SYNFM,GO:0003735,0.18637,structural constituent of ribosome
tr|A0LJA1|A0LJA1_SYNFM,GO:0005198,0.17951,structural molecule activity
tr|A0LJA1|A0LJA1_SYNFM,GO:0003723,0.15045,RNA binding
tr|A0LJQ2|A0LJQ2_SYNFM,GO:0046914,0.20934,transition metal ion binding
tr|A0LJQ2|A0LJQ2_SYNFM,GO:0051540,0.16060,metal cluster binding
tr|A0LJQ2|A0LJQ2_SYNFM,GO:0051536,0.16002,iron-sulfur cluster binding
tr|A0LJQ2|A0LJQ2_SYNFM,GO:0097367,0.14768,carbohydrate derivative binding
tr|A0LJQ2|A0LJQ2_SYNFM,GO:0140096,0.13790,"catalytic activity, acting on a protein"
tr|A0LJQ2|A0LJQ2_SYNFM,GO:0016829,0.13321,lyase activity
tr|A0LJQ2|A0LJQ2_SYNFM,GO:0008270,0.13179,zinc ion binding
tr|A0LJQ2|A0LJQ2_SYNFM,GO:0032553,0.12528,ribonucleotide binding
tr|A0LJQ2|A0LJQ2_SYNFM,GO:0032555,0.11246,purine ribonucleotide binding
tr|A0LJQ2|A0LJQ2_SYNFM,GO:0035639,0.10923,purine ribonucleoside triphosphate binding
tr|A0LJQ2|A0LJQ2_SYNFM,GO:0017076,0.10820,purine nucleotide binding
tr|A0LJS9|A0LJS9_SYNFM,GO:0051536,0.88555,iron-sulfur cluster binding
tr|A0LJS9|A0LJS9_SYNFM,GO:0051540,0.88548,metal cluster binding
tr|A0LJS9|A0LJS9_SYNFM,GO:0051539,0.83105,"4 iron, 4 sulfur cluster binding"
tr|A0LJS9|A0LJS9_SYNFM,GO:0046914,0.45588,transition metal ion binding
tr|A0LJS9|A0LJS9_SYNFM,GO:0005506,0.26642,iron ion binding
tr|A0LJS9|A0LJS9_SYNFM,GO:0008270,0.15614,zinc ion binding
tr|A0LJS9|A0LJS9_SYNFM,GO:0009055,0.13771,electron transfer activity
tr|A0LJW6|A0LJW6_SYNFM,GO:0097367,0.21508,carbohydrate derivative binding
tr|A0LJW6|A0LJW6_SYNFM,GO:0032555,0.19186,purine ribonucleotide binding
tr|A0LJW6|A0LJW6_SYNFM,GO:0032553,0.19155,ribonucleotide binding
tr|A0LJW6|A0LJW6_SYNFM,GO:0035639,0.18387,purine ribonucleoside triphosphate binding
tr|A0LJW6|A0LJW6_SYNFM,GO:0017076,0.17957,purine nucleotide binding
tr|A0LJW6|A0LJW6_SYNFM,GO:0032559,0.13570,adenyl ribonucleotide binding
tr|A0LJW6|A0LJW6_SYNFM,GO:0005524,0.13156,ATP binding
tr|A0LJW6|A0LJW6_SYNFM,GO:0030554,0.12612,adenyl nucleotide binding
tr|A0LJX5|A0LJX5_SYNFM,GO:0003677,0.11225,DNA binding
tr|A0LJX5|A0LJX5_SYNFM,GO:0097367,0.10430,carbohydrate derivative binding
tr|A0LK38|A0LK38_SYNFM,GO:0003735,0.35000,structural constituent of ribosome
tr|A0LK38|A0LK38_SYNFM,GO:0005198,0.27679,structural molecule activity
tr|A0LK38|A0LK38_SYNFM,GO:0003677,0.19278,DNA binding
tr|A0LK40|A0LK40_SYNFM,GO:0046914,0.10061,transition metal ion binding
tr|A0LK41|A0LK41_SYNFM,GO:0003677,0.14306,DNA binding
tr|A0LK41|A0LK41_SYNFM,GO:0005198,0.11247,structural molecule activity
tr|A0LK41|A0LK41_SYNFM,GO:0140110,0.10384,transcription regulator activity
tr|A0LKL5|A0LKL5_SYNFM,GO:0097367,0.23832,carbohydrate derivative binding
tr|A0LKL5|A0LKL5_SYNFM,GO:0032553,0.21964,ribonucleotide binding
tr|A0LKL5|A0LKL5_SYNFM,GO:0032555,0.19633,purine ribonucleotide binding
tr|A0LKL5|A0LKL5_SYNFM,GO:0035639,0.18629,purine ribonucleoside triphosphate binding
tr|A0LKL5|A0LKL5_SYNFM,GO:0017076,0.18028,purine nucleotide binding
tr|A0LKR5|A0LKR5_SYNFM,GO:0051540,0.12764,metal cluster binding
tr|A0LKR5|A0LKR5_SYNFM,GO:0051536,0.12710,iron-sulfur cluster binding
tr|A0LKR5|A0LKR5_SYNFM,GO:0097367,0.10895,carbohydrate derivative binding
sp|A0LKS4|CH602_SYNFM,GO:0017076,0.99954,purine nucleotide binding
sp|A0LKS4|CH602_SYNFM,GO:0030554,0.99949,adenyl nucleotide binding
sp|A0LKS4|CH602_SYNFM,GO:0035639,0.99947,purine ribonucleoside triphosphate binding
sp|A0LKS4|CH602_SYNFM,GO:0032555,0.99945,purine ribonucleotide binding
sp|A0LKS4|CH602_SYNFM,GO:0032553,0.99943,ribonucleotide binding
sp|A0LKS4|CH602_SYNFM,GO:0005524,0.99940,ATP binding
sp|A0LKS4|CH602_SYNFM,GO:0032559,0.99939,adenyl ribonucleotide binding
sp|A0LKS4|CH602_SYNFM,GO:0097367,0.99934,carbohydrate derivative binding
sp|A0LKS4|CH602_SYNFM,GO:0051082,0.93979,unfolded protein binding
tr|A0LLD9|A0LLD9_SYNFM,GO:0032555,0.17825,purine ribonucleotide binding
tr|A0LLD9|A0LLD9_SYNFM,GO:0017076,0.17808,purine nucleotide binding
tr|A0LLD9|A0LLD9_SYNFM,GO:0097367,0.17763,carbohydrate derivative binding
tr|A0LLD9|A0LLD9_SYNFM,GO:0035639,0.17384,purine ribonucleoside triphosphate binding
tr|A0LLD9|A0LLD9_SYNFM,GO:0032553,0.17192,ribonucleotide binding
tr|A0LLD9|A0LLD9_SYNFM,GO:0030554,0.14736,adenyl nucleotide binding
tr|A0LLD9|A0LLD9_SYNFM,GO:0032559,0.14710,adenyl ribonucleotide binding
tr|A0LLD9|A0LLD9_SYNFM,GO:0005524,0.14492,ATP binding
tr|A0LLD9|A0LLD9_SYNFM,GO:0140096,0.12111,"catalytic activity, acting on a protein"
tr|A0LLE1|A0LLE1_SYNFM,GO:0051536,0.45028,iron-sulfur cluster binding
tr|A0LLE1|A0LLE1_SYNFM,GO:0051540,0.44994,metal cluster binding
tr|A0LLE1|A0LLE1_SYNFM,GO:0051539,0.36826,"4 iron, 4 sulfur cluster binding"
tr|A0LLE1|A0LLE1_SYNFM,GO:0097367,0.29863,carbohydrate derivative binding
tr|A0LLE1|A0LLE1_SYNFM,GO:0032553,0.25690,ribonucleotide binding
tr|A0LLE1|A0LLE1_SYNFM,GO:0032555,0.22486,purine ribonucleotide binding
tr|A0LLE1|A0LLE1_SYNFM,GO:0035639,0.22306,purine ribonucleoside triphosphate binding
tr|A0LLE1|A0LLE1_SYNFM,GO:0017076,0.21088,purine nucleotide binding
tr|A0LLE1|A0LLE1_SYNFM,GO:0032559,0.17934,adenyl ribonucleotide binding
tr|A0LLE1|A0LLE1_SYNFM,GO:0005524,0.17767,ATP binding
tr|A0LLE1|A0LLE1_SYNFM,GO:0030554,0.16804,adenyl nucleotide binding
tr|A0LLE1|A0LLE1_SYNFM,GO:0046914,0.14365,transition metal ion binding
tr|A0LLE2|A0LLE2_SYNFM,GO:0051540,0.22587,metal cluster binding
tr|A0LLE2|A0LLE2_SYNFM,GO:0051536,0.22549,iron-sulfur cluster binding
tr|A0LLE2|A0LLE2_SYNFM,GO:0097367,0.19304,carbohydrate derivative binding
tr|A0LLE2|A0LLE2_SYNFM,GO:0032553,0.17314,ribonucleotide binding
tr|A0LLE2|A0LLE2_SYNFM,GO:0030554,0.15663,adenyl nucleotide binding
tr|A0LLE2|A0LLE2_SYNFM,GO:0051539,0.15484,"4 iron, 4 sulfur cluster binding"
tr|A0LLE2|A0LLE2_SYNFM,GO:0032559,0.14947,adenyl ribonucleotide binding
tr|A0LLE2|A0LLE2_SYNFM,GO:0017076,0.14793,purine nucleotide binding
tr|A0LLE2|A0LLE2_SYNFM,GO:0005524,0.14187,ATP binding
tr|A0LLE2|A0LLE2_SYNFM,GO:0032555,0.14149,purine ribonucleotide binding
tr|A0LLE2|A0LLE2_SYNFM,GO:0035639,0.13374,purine ribonucleoside triphosphate binding
tr|A0LLE2|A0LLE2_SYNFM,GO:0046914,0.12510,transition metal ion binding
tr|A0LLE3|A0LLE3_SYNFM,GO:0097367,0.20970,carbohydrate derivative binding
tr|A0LLE3|A0LLE3_SYNFM,GO:0032553,0.18980,ribonucleotide binding
tr|A0LLE3|A0LLE3_SYNFM,GO:0017076,0.18976,purine nucleotide binding
tr|A0LLE3|A0LLE3_SYNFM,GO:0032555,0.18119,purine ribonucleotide binding
tr|A0LLE3|A0LLE3_SYNFM,GO:0035639,0.17747,purine ribonucleoside triphosphate binding
tr|A0LLE3|A0LLE3_SYNFM,GO:0030554,0.13110,adenyl nucleotide binding
tr|A0LLE3|A0LLE3_SYNFM,GO:0032559,0.12468,adenyl ribonucleotide binding
tr|A0LLE3|A0LLE3_SYNFM,GO:0005524,0.12159,ATP binding
tr|A0LLE3|A0LLE3_SYNFM,GO:0003723,0.10307,RNA binding
sp|A0LLF8|ATPB_SYNFM,GO:0015078,0.99998,proton transmembrane transporter activity
sp|A0LLF8|ATPB_SYNFM,GO:0046933,0.99997,"proton-transporting ATP synthase activity, rotational mechanism"
sp|A0LLF8|ATPB_SYNFM,GO:0015252,0.99997,proton channel activity
sp|A0LLF8|ATPB_SYNFM,GO:0022890,0.99995,inorganic cation transmembrane transporter activity
sp|A0LLF8|ATPB_SYNFM,GO:0008324,0.99995,cation transmembrane transporter activity
sp|A0LLF8|ATPB_SYNFM,GO:0015318,0.99993,inorganic molecular entity transmembrane transporter activity
sp|A0LLF8|ATPB_SYNFM,GO:0015075,0.99993,ion transmembrane transporter activity
sp|A0LLF8|ATPB_SYNFM,GO:0022857,0.99992,transmembrane transporter activity
sp|A0LLF8|ATPB_SYNFM,GO:0005261,0.99991,cation channel activity
sp|A0LLF8|ATPB_SYNFM,GO:0005215,0.99990,transporter activity
sp|A0LLF8|ATPB_SYNFM,GO:0005216,0.99986,ion channel activity
sp|A0LLF8|ATPB_SYNFM,GO:0022803,0.99984,passive transmembrane transporter activity
sp|A0LLF8|ATPB_SYNFM,GO:0015267,0.99984,channel activity
sp|A0LLF8|ATPB_SYNFM,GO:0035639,0.99982,purine ribonucleoside triphosphate binding
sp|A0LLF8|ATPB_SYNFM,GO:0032555,0.99982,purine ribonucleotide binding
sp|A0LLF8|ATPB_SYNFM,GO:0017076,0.99980,purine nucleotide binding
sp|A0LLF8|ATPB_SYNFM,GO:0032553,0.99979,ribonucleotide binding
sp|A0LLF8|ATPB_SYNFM,GO:0097367,0.99976,carbohydrate derivative binding
sp|A0LLF8|ATPB_SYNFM,GO:0005524,0.99968,ATP binding
sp|A0LLF8|ATPB_SYNFM,GO:0032559,0.99967,adenyl ribonucleotide binding
sp|A0LLF8|ATPB_SYNFM,GO:0030554,0.99965,adenyl nucleotide binding
sp|A0LLF8|ATPB_SYNFM,GO:0016874,0.99915,ligase activity
sp|A0LLG0|ATPA_SYNFM,GO:0015078,0.99998,proton transmembrane transporter activity
sp|A0LLG0|ATPA_SYNFM,GO:0046933,0.99997,"proton-transporting ATP synthase activity, rotational mechanism"
sp|A0LLG0|ATPA_SYNFM,GO:0015252,0.99997,proton channel activity
sp|A0LLG0|ATPA_SYNFM,GO:0022890,0.99995,inorganic cation transmembrane transporter activity
sp|A0LLG0|ATPA_SYNFM,GO:0008324,0.99994,cation transmembrane transporter activity
sp|A0LLG0|ATPA_SYNFM,GO:0005261,0.99991,cation channel activity
sp|A0LLG0|ATPA_SYNFM,GO:0015318,0.99991,inorganic molecular entity transmembrane transporter activity
sp|A0LLG0|ATPA_SYNFM,GO:0015075,0.99988,ion transmembrane transporter activity
sp|A0LLG0|ATPA_SYNFM,GO:0005216,0.99988,ion channel activity
sp|A0LLG0|ATPA_SYNFM,GO:0022857,0.99985,transmembrane transporter activity
sp|A0LLG0|ATPA_SYNFM,GO:0015267,0.99985,channel activity
sp|A0LLG0|ATPA_SYNFM,GO:0022803,0.99985,passive transmembrane transporter activity
sp|A0LLG0|ATPA_SYNFM,GO:0005215,0.99981,transporter activity
sp|A0LLG0|ATPA_SYNFM,GO:0016874,0.99977,ligase activity
sp|A0LLG0|ATPA_SYNFM,GO:0035639,0.99958,purine ribonucleoside triphosphate binding
sp|A0LLG0|ATPA_SYNFM,GO:0017076,0.99957,purine nucleotide binding
sp|A0LLG0|ATPA_SYNFM,GO:0032555,0.99957,purine ribonucleotide binding
sp|A0LLG0|ATPA_SYNFM,GO:0032553,0.99948,ribonucleotide binding
sp|A0LLG0|ATPA_SYNFM,GO:0005524,0.99943,ATP binding
sp|A0LLG0|ATPA_SYNFM,GO:0030554,0.99943,adenyl nucleotide binding
sp|A0LLG0|ATPA_SYNFM,GO:0032559,0.99942,adenyl ribonucleotide binding
sp|A0LLG0|ATPA_SYNFM,GO:0097367,0.99935,carbohydrate derivative binding
sp|A0LLG1|ATPD_SYNFM,GO:0015075,0.29219,ion transmembrane transporter activity
sp|A0LLG1|ATPD_SYNFM,GO:0022857,0.27234,transmembrane transporter activity
sp|A0LLG1|ATPD_SYNFM,GO:0005215,0.26449,transporter activity
sp|A0LLG1|ATPD_SYNFM,GO:0015318,0.25454,inorganic molecular entity transmembrane transporter activity
sp|A0LLG1|ATPD_SYNFM,GO:0015078,0.23630,proton transmembrane transporter activity
sp|A0LLG1|ATPD_SYNFM,GO:0016874,0.23032,ligase activity
sp|A0LLG1|ATPD_SYNFM,GO:0008324,0.22211,cation transmembrane transporter activity
sp|A0LLG1|ATPD_SYNFM,GO:0022890,0.21111,inorganic cation transmembrane transporter activity
sp|A0LLG1|ATPD_SYNFM,GO:0015252,0.20841,proton channel activity
sp|A0LLG1|ATPD_SYNFM,GO:0046933,0.20520,"proton-transporting ATP synthase activity, rotational mechanism"
sp|A0LLG1|ATPD_SYNFM,GO:0005261,0.17042,cation channel activity
sp|A0LLG1|ATPD_SYNFM,GO:0005216,0.16588,ion channel activity
sp|A0LLG1|ATPD_SYNFM,GO:0022803,0.14457,passive transmembrane transporter activity
sp|A0LLG1|ATPD_SYNFM,GO:0015267,0.14450,channel activity
sp|A0LLR2|FOLD_SYNFM,GO:0016646,0.63971,"oxidoreductase activity, acting on the CH-NH group of donors, NAD or NADP as acceptor"
sp|A0LLR2|FOLD_SYNFM,GO:0016810,0.63952,"hydrolase activity, acting on carbon-nitrogen (but not peptide) bonds"
sp|A0LLR2|FOLD_SYNFM,GO:0019238,0.60402,cyclohydrolase activity
sp|A0LLR2|FOLD_SYNFM,GO:0016814,0.56555,"hydrolase activity, acting on carbon-nitrogen (but not peptide) bonds, in cyclic amidines"
sp|A0LLR2|FOLD_SYNFM,GO:0016645,0.49167,"oxidoreductase activity, acting on the CH-NH group of donors"
sp|A0LLR2|FOLD_SYNFM,GO:0097367,0.11612,carbohydrate derivative binding
sp|A0LLR2|FOLD_SYNFM,GO:0032553,0.10787,ribonucleotide binding
sp|A0LLR2|FOLD_SYNFM,GO:0032555,0.10083,purine ribonucleotide binding
sp|A0LLR2|FOLD_SYNFM,GO:0017076,0.10004,purine nucleotide binding
sp|A0LLR3|FTHS_SYNFM,GO:0035639,0.99383,purine ribonucleoside triphosphate binding
sp|A0LLR3|FTHS_SYNFM,GO:0032555,0.99379,purine ribonucleotide binding
sp|A0LLR3|FTHS_SYNFM,GO:0032553,0.99361,ribonucleotide binding
sp|A0LLR3|FTHS_SYNFM,GO:0017076,0.99335,purine nucleotide binding
sp|A0LLR3|FTHS_SYNFM,GO:0097367,0.99299,carbohydrate derivative binding
sp|A0LLR3|FTHS_SYNFM,GO:0032559,0.98720,adenyl ribonucleotide binding
sp|A0LLR3|FTHS_SYNFM,GO:0005524,0.98714,ATP binding
sp|A0LLR3|FTHS_SYNFM,GO:0030554,0.98643,adenyl nucleotide binding
sp|A0LLR3|FTHS_SYNFM,GO:0016874,0.73139,ligase activity
sp|A0LLR3|FTHS_SYNFM,GO:0016879,0.65757,"ligase activity, forming carbon-nitrogen bonds"
tr|A0LLS9|A0LLS9_SYNFM,GO:0005198,0.15901,structural molecule activity
tr|A0LLS9|A0LLS9_SYNFM,GO:0046914,0.10501,transition metal ion binding
tr|A0LLT0|A0LLT0_SYNFM,GO:0051536,0.74596,iron-sulfur cluster binding
tr|A0LLT0|A0LLT0_SYNFM,GO:0051540,0.74549,metal cluster binding
tr|A0LLT0|A0LLT0_SYNFM,GO:0051539,0.67863,"4 iron, 4 sulfur cluster binding"
tr|A0LLT0|A0LLT0_SYNFM,GO:0046914,0.34919,transition metal ion binding
tr|A0LLT0|A0LLT0_SYNFM,GO:0097367,0.22081,carbohydrate derivative binding
tr|A0LLT0|A0LLT0_SYNFM,GO:0032553,0.19333,ribonucleotide binding
tr|A0LLT0|A0LLT0_SYNFM,GO:0032555,0.14314,purine ribonucleotide binding
tr|A0LLT0|A0LLT0_SYNFM,GO:0035639,0.13938,purine ribonucleoside triphosphate binding
tr|A0LLT0|A0LLT0_SYNFM,GO:0008270,0.13459,zinc ion binding
tr|A0LLT0|A0LLT0_SYNFM,GO:0017076,0.13283,purine nucleotide binding
tr|A0LLT8|A0LLT8_SYNFM,GO:0051540,0.22720,metal cluster binding
tr|A0LLT8|A0LLT8_SYNFM,GO:0051536,0.22645,iron-sulfur cluster binding
tr|A0LLT8|A0LLT8_SYNFM,GO:0046914,0.20578,transition metal ion binding
tr|A0LLT8|A0LLT8_SYNFM,GO:0051539,0.16003,"4 iron, 4 sulfur cluster binding"
tr|A0LLT8|A0LLT8_SYNFM,GO:0005198,0.10848,structural molecule activity
tr|A0LLT9|A0LLT9_SYNFM,GO:0051536,0.56563,iron-sulfur cluster binding
tr|A0LLT9|A0LLT9_SYNFM,GO:0051540,0.56508,metal cluster binding
tr|A0LLT9|A0LLT9_SYNFM,GO:0051539,0.44033,"4 iron, 4 sulfur cluster binding"
tr|A0LLT9|A0LLT9_SYNFM,GO:0097367,0.36219,carbohydrate derivative binding
tr|A0LLT9|A0LLT9_SYNFM,GO:0032553,0.32159,ribonucleotide binding
tr|A0LLT9|A0LLT9_SYNFM,GO:0046914,0.29950,transition metal ion binding
tr|A0LLT9|A0LLT9_SYNFM,GO:0017076,0.25336,purine nucleotide binding
tr|A0LLT9|A0LLT9_SYNFM,GO:0032555,0.25322,purine ribonucleotide binding
tr|A0LLT9|A0LLT9_SYNFM,GO:0035639,0.25143,purine ribonucleoside triphosphate binding
tr|A0LLT9|A0LLT9_SYNFM,GO:0030554,0.15574,adenyl nucleotide binding
tr|A0LLT9|A0LLT9_SYNFM,GO:0032559,0.15476,adenyl ribonucleotide binding
tr|A0LLT9|A0LLT9_SYNFM,GO:0005524,0.15342,ATP binding
tr|A0LLT9|A0LLT9_SYNFM,GO:0008270,0.12758,zinc ion binding
tr|A0LLU0|A0LLU0_SYNFM,GO:0051536,0.56335,iron-sulfur cluster binding
tr|A0LLU0|A0LLU0_SYNFM,GO:0051540,0.56295,metal cluster binding
tr|A0LLU0|A0LLU0_SYNFM,GO:0051539,0.43752,"4 iron, 4 sulfur cluster binding"
tr|A0LLU0|A0LLU0_SYNFM,GO:0046914,0.22794,transition metal ion binding
tr|A0LLX0|A0LLX0_SYNFM,GO:0016798,0.10697,"hydrolase activity, acting on glycosyl bonds"
tr|A0LLX0|A0LLX0_SYNFM,GO:0140096,0.10369,"catalytic activity, acting on a protein"
tr|A0LM18|A0LM18_SYNFM,GO:0051287,0.11835,NAD binding
tr|A0LM18|A0LM18_SYNFM,GO:0016903,0.10574,"oxidoreductase activity, acting on the aldehyde or oxo group of donors"
tr|A0LM19|A0LM19_SYNFM,GO:0051540,0.68330,metal cluster binding
tr|A0LM19|A0LM19_SYNFM,GO:0051536,0.68325,iron-sulfur cluster binding
tr|A0LM19|A0LM19_SYNFM,GO:0051539,0.52680,"4 iron, 4 sulfur cluster binding"
tr|A0LM19|A0LM19_SYNFM,GO:0046914,0.37127,transition metal ion binding
tr|A0LM19|A0LM19_SYNFM,GO:0005506,0.16090,iron ion binding
tr|A0LM19|A0LM19_SYNFM,GO:0009055,0.16059,electron transfer activity
tr|A0LM19|A0LM19_SYNFM,GO:0008270,0.12105,zinc ion binding
tr|A0LM20|A0LM20_SYNFM,GO:0097367,0.12079,carbohydrate derivative binding
tr|A0LM20|A0LM20_SYNFM,GO:0140096,0.11012,"catalytic activity, acting on a protein"
tr|A0LM20|A0LM20_SYNFM,GO:0032553,0.10236,ribonucleotide binding
tr|A0LM21|A0LM21_SYNFM,GO:0051540,0.16510,metal cluster binding
tr|A0LM21|A0LM21_SYNFM,GO:0051536,0.16456,iron-sulfur cluster binding
tr|A0LM21|A0LM21_SYNFM,GO:0051539,0.14513,"4 iron, 4 sulfur cluster binding"
tr|A0LM21|A0LM21_SYNFM,GO:0046914,0.13308,transition metal ion binding
sp|A0LMD8|GLMM_SYNFM,GO:0000287,0.69629,magnesium ion binding
sp|A0LMD8|GLMM_SYNFM,GO:0016866,0.68007,intramolecular transferase activity
sp|A0LMD8|GLMM_SYNFM,GO:0016868,0.62354,"intramolecular transferase activity, phosphotransferases"
sp|A0LMD8|GLMM_SYNFM,GO:0016853,0.51004,isomerase activity
tr|A0LMH5|A0LMH5_SYNFM,GO:0051536,0.27751,iron-sulfur cluster binding
tr|A0LMH5|A0LMH5_SYNFM,GO:0051540,0.27710,metal cluster binding
tr|A0LMH5|A0LMH5_SYNFM,GO:0046914,0.23188,transition metal ion binding
tr|A0LMH5|A0LMH5_SYNFM,GO:0051539,0.18671,"4 iron, 4 sulfur cluster binding"
tr|A0LML7|A0LML7_SYNFM,GO:0097367,0.15032,carbohydrate derivative binding
tr|A0LML7|A0LML7_SYNFM,GO:0022857,0.13055,transmembrane transporter activity
tr|A0LML7|A0LML7_SYNFM,GO:0032553,0.12857,ribonucleotide binding
tr|A0LML7|A0LML7_SYNFM,GO:0022804,0.11586,active transmembrane transporter activity
tr|A0LML7|A0LML7_SYNFM,GO:0005215,0.11458,transporter activity
tr|A0LML7|A0LML7_SYNFM,GO:0032555,0.10718,purine ribonucleotide binding
tr|A0LML7|A0LML7_SYNFM,GO:0017076,0.10639,purine nucleotide binding
tr|A0LML7|A0LML7_SYNFM,GO:0035639,0.10220,purine ribonucleoside triphosphate binding
tr|A0LN34|A0LN34_SYNFM,GO:0016741,0.14780,"transferase activity, transferring one-carbon groups"
tr|A0LN34|A0LN34_SYNFM,GO:0140096,0.12452,"catalytic activity, acting on a protein"
tr|A0LN34|A0LN34_SYNFM,GO:0008168,0.11072,methyltransferase activity
tr|A0LP14|A0LP14_SYNFM,GO:0097367,0.11069,carbohydrate derivative binding
tr|A0LP28|A0LP28_SYNFM,GO:0051539,0.72461,"4 iron, 4 sulfur cluster binding"
tr|A0LP28|A0LP28_SYNFM,GO:0051536,0.71979,iron-sulfur cluster binding
tr|A0LP28|A0LP28_SYNFM,GO:0051540,0.71942,metal cluster binding
tr|A0LP28|A0LP28_SYNFM,GO:0046914,0.45797,transition metal ion binding
tr|A0LP28|A0LP28_SYNFM,GO:0008270,0.18539,zinc ion binding
tr|A0LP29|A0LP29_SYNFM,GO:0097367,0.24716,carbohydrate derivative binding
tr|A0LP29|A0LP29_SYNFM,GO:0032553,0.21315,ribonucleotide binding
tr|A0LP29|A0LP29_SYNFM,GO:0032555,0.20356,purine ribonucleotide binding
tr|A0LP29|A0LP29_SYNFM,GO:0017076,0.19948,purine nucleotide binding
tr|A0LP29|A0LP29_SYNFM,GO:0035639,0.19876,purine ribonucleoside triphosphate binding
tr|A0LP29|A0LP29_SYNFM,GO:0032559,0.11780,adenyl ribonucleotide binding
tr|A0LP29|A0LP29_SYNFM,GO:0005524,0.11588,ATP binding
tr|A0LP29|A0LP29_SYNFM,GO:0030554,0.11531,adenyl nucleotide binding
tr|A0LP42|A0LP42_SYNFM,GO:0140096,0.12545,"catalytic activity, acting on a protein"
tr|A0LQK7|A0LQK7_SYNFM,GO:0051540,0.75799,metal cluster binding
tr|A0LQK7|A0LQK7_SYNFM,GO:0051536,0.75777,iron-sulfur cluster binding
tr|A0LQK7|A0LQK7_SYNFM,GO:0051539,0.67223,"4 iron, 4 sulfur cluster binding"
tr|A0LQK7|A0LQK7_SYNFM,GO:0046914,0.28879,transition metal ion binding
tr|A0LQK7|A0LQK7_SYNFM,GO:0140096,0.17777,"catalytic activity, acting on a protein"
tr|A0LQK7|A0LQK7_SYNFM,GO:0005506,0.10757,iron ion binding
tr|A0LQN2|A0LQN2_SYNFM,GO:0097367,0.19870,carbohydrate derivative binding
tr|A0LQN2|A0LQN2_SYNFM,GO:0032553,0.19094,ribonucleotide binding
tr|A0LQN2|A0LQN2_SYNFM,GO:0032555,0.18511,purine ribonucleotide binding
tr|A0LQN2|A0LQN2_SYNFM,GO:0035639,0.18002,purine ribonucleoside triphosphate binding
tr|A0LQN2|A0LQN2_SYNFM,GO:0017076,0.17656,purine nucleotide binding
tr|A0LQN2|A0LQN2_SYNFM,GO:0032559,0.13399,adenyl ribonucleotide binding
tr|A0LQN2|A0LQN2_SYNFM,GO:0005524,0.13153,ATP binding
tr|A0LQN2|A0LQN2_SYNFM,GO:0030554,0.12769,adenyl nucleotide binding
tr|A0LQN2|A0LQN2_SYNFM,GO:0046914,0.11147,transition metal ion binding
tr|A0LQN2|A0LQN2_SYNFM,GO:0140096,0.10701,"catalytic activity, acting on a protein"
tr|A0LQN2|A0LQN2_SYNFM,GO:0016829,0.10320,lyase activity
sp|A1ALS6|EFTU_PELPD,GO:0032550,1.00000,purine ribonucleoside binding
sp|A1ALS6|EFTU_PELPD,GO:0032549,1.00000,ribonucleoside binding
sp|A1ALS6|EFTU_PELPD,GO:0019001,1.00000,guanyl nucleotide binding
sp|A1ALS6|EFTU_PELPD,GO:0032561,1.00000,guanyl ribonucleotide binding
sp|A1ALS6|EFTU_PELPD,GO:0005525,1.00000,GTP binding
sp|A1ALS6|EFTU_PELPD,GO:0001883,1.00000,purine nucleoside binding
sp|A1ALS6|EFTU_PELPD,GO:0001882,1.00000,nucleoside binding
sp|A1ALS6|EFTU_PELPD,GO:0003924,1.00000,GTPase activity
sp|A1ALS6|EFTU_PELPD,GO:0016818,1.00000,"hydrolase activity, acting on acid anhydrides, in phosphorus-containing anhydrides"
sp|A1ALS6|EFTU_PELPD,GO:0016817,1.00000,"hydrolase activity, acting on acid anhydrides"
sp|A1ALS6|EFTU_PELPD,GO:0016462,1.00000,pyrophosphatase activity
sp|A1ALS6|EFTU_PELPD,GO:0032553,0.99999,ribonucleotide binding
sp|A1ALS6|EFTU_PELPD,GO:0097367,0.99999,carbohydrate derivative binding
sp|A1ALS6|EFTU_PELPD,GO:0017111,0.99999,nucleoside-triphosphatase activity
sp|A1ALS6|EFTU_PELPD,GO:0017076,0.99999,purine nucleotide binding
sp|A1ALS6|EFTU_PELPD,GO:0035639,0.99999,purine ribonucleoside triphosphate binding
sp|A1ALS6|EFTU_PELPD,GO:0032555,0.99999,purine ribonucleotide binding
sp|A1ALS6|EFTU_PELPD,GO:0008135,0.99998,"translation factor activity, RNA binding"
sp|A1ALS6|EFTU_PELPD,GO:0090079,0.99998,"translation regulator activity, nucleic acid binding"
sp|A1ALS6|EFTU_PELPD,GO:0045182,0.99998,translation regulator activity
sp|A1ALS6|EFTU_PELPD,GO:0003746,0.99942,translation elongation factor activity
sp|A1ALS6|EFTU_PELPD,GO:0003723,0.99900,RNA binding
tr|A1AM16|A1AM16_PELPD,GO:0097367,0.16409,carbohydrate derivative binding
tr|A1AM16|A1AM16_PELPD,GO:0032553,0.13964,ribonucleotide binding
tr|A1AM16|A1AM16_PELPD,GO:0140096,0.13671,"catalytic activity, acting on a protein"
tr|A1AM16|A1AM16_PELPD,GO:0032555,0.11713,purine ribonucleotide binding
tr|A1AM16|A1AM16_PELPD,GO:0017076,0.11706,purine nucleotide binding
tr|A1AM16|A1AM16_PELPD,GO:0035639,0.11419,purine ribonucleoside triphosphate binding
tr|A1AME6|A1AME6_PELPD,GO:0016829,0.11902,lyase activity
tr|A1AMF2|A1AMF2_PELPD,GO:0016798,0.14491,"hydrolase activity, acting on glycosyl bonds"
tr|A1AMF2|A1AMF2_PELPD,GO:0004553,0.10968,"hydrolase activity, hydrolyzing O-glycosyl compounds"
tr|A1AMP4|A1AMP4_PELPD,GO:0097367,0.28511,carbohydrate derivative binding
tr|A1AMP4|A1AMP4_PELPD,GO:0032553,0.18027,ribonucleotide binding
tr|A1AMP4|A1AMP4_PELPD,GO:0032555,0.17494,purine ribonucleotide binding
tr|A1AMP4|A1AMP4_PELPD,GO:0035639,0.17195,purine ribonucleoside triphosphate binding
tr|A1AMP4|A1AMP4_PELPD,GO:0017076,0.16638,purine nucleotide binding
tr|A1AN37|A1AN37_PELPD,GO:0046914,0.17505,transition metal ion binding
tr|A1AN37|A1AN37_PELPD,GO:0003723,0.16533,RNA binding
tr|A1AN37|A1AN37_PELPD,GO:0051540,0.11408,metal cluster binding
tr|A1AN37|A1AN37_PELPD,GO:0051536,0.11367,iron-sulfur cluster binding
tr|A1AN37|A1AN37_PELPD,GO:0003677,0.11199,DNA binding
tr|A1AN37|A1AN37_PELPD,GO:0008270,0.10426,zinc ion binding
tr|A1ANB0|A1ANB0_PELPD,GO:0016798,0.12944,"hydrolase activity, acting on glycosyl bonds"
tr|A1ANB0|A1ANB0_PELPD,GO:0140096,0.12420,"catalytic activity, acting on a protein"
tr|A1ANB0|A1ANB0_PELPD,GO:0004553,0.11862,"hydrolase activity, hydrolyzing O-glycosyl compounds"
tr|A1ANB0|A1ANB0_PELPD,GO:0016788,0.10474,"hydrolase activity, acting on ester bonds"
tr|A1AP96|A1AP96_PELPD,GO:0051540,0.37139,metal cluster binding
tr|A1AP96|A1AP96_PELPD,GO:0051536,0.37137,iron-sulfur cluster binding
tr|A1AP96|A1AP96_PELPD,GO:0051539,0.28800,"4 iron, 4 sulfur cluster binding"
tr|A1AP96|A1AP96_PELPD,GO:0046914,0.18391,transition metal ion binding
tr|A1AP96|A1AP96_PELPD,GO:0097367,0.10603,carbohydrate derivative binding
tr|A1APK0|A1APK0_PELPD,GO:0003677,0.10106,DNA binding
tr|A1APK1|A1APK1_PELPD,GO:0005198,0.12795,structural molecule activity
tr|A1AQ43|A1AQ43_PELPD,GO:0005198,0.10303,structural molecule activity
tr|A1AQ43|A1AQ43_PELPD,GO:0003677,0.10035,DNA binding
tr|A1AQI8|A1AQI8_PELPD,GO:0016798,0.17666,"hydrolase activity, acting on glycosyl bonds"
tr|A1AQI8|A1AQI8_PELPD,GO:0004553,0.13211,"hydrolase activity, hydrolyzing O-glycosyl compounds"
tr|A1AQI8|A1AQI8_PELPD,GO:0140096,0.12577,"catalytic activity, acting on a protein"
tr|A1ATN6|A1ATN6_PELPD,GO:0097367,0.33176,carbohydrate derivative binding
tr|A1ATN6|A1ATN6_PELPD,GO:0032553,0.32280,ribonucleotide binding
tr|A1ATN6|A1ATN6_PELPD,GO:0017076,0.27494,purine nucleotide binding
tr|A1ATN6|A1ATN6_PELPD,GO:0032555,0.26885,purine ribonucleotide binding
tr|A1ATN6|A1ATN6_PELPD,GO:0035639,0.26524,purine ribonucleoside triphosphate binding
tr|A1ATN6|A1ATN6_PELPD,GO:0030554,0.14629,adenyl nucleotide binding
tr|A1ATN6|A1ATN6_PELPD,GO:0032559,0.14184,adenyl ribonucleotide binding
tr|A1ATN6|A1ATN6_PELPD,GO:0005524,0.13990,ATP binding
tr|A1ATN6|A1ATN6_PELPD,GO:0046914,0.11335,transition metal ion binding
tr|A1ATR7|A1ATR7_PELPD,GO:0046914,0.21095,transition metal ion binding
tr|A1ATR7|A1ATR7_PELPD,GO:0009055,0.13973,electron transfer activity
tr|A1AUT8|A1AUT8_PELPD,GO:0051536,0.94477,iron-sulfur cluster binding
tr|A1AUT8|A1AUT8_PELPD,GO:0051540,0.94463,metal cluster binding
tr|A1AUT8|A1AUT8_PELPD,GO:0051539,0.91215,"4 iron, 4 sulfur cluster binding"
tr|A1AUT8|A1AUT8_PELPD,GO:0046914,0.39684,transition metal ion binding
tr|A1AUT9|A1AUT9_PELPD,GO:0003677,0.13230,DNA binding
tr|A1AUT9|A1AUT9_PELPD,GO:0046914,0.12660,transition metal ion binding
tr|A1AUT9|A1AUT9_PELPD,GO:0003723,0.11863,RNA binding
tr|A1AUU0|A1AUU0_PELPD,GO:0016829,0.10150,lyase activity
tr|A1E5U5|A1E5U5_FLAJ1,GO:0097367,0.47499,carbohydrate derivative binding
tr|A1E5U5|A1E5U5_FLAJ1,GO:0032553,0.33435,ribonucleotide binding
tr|A1E5U5|A1E5U5_FLAJ1,GO:0032555,0.29997,purine ribonucleotide binding
tr|A1E5U5|A1E5U5_FLAJ1,GO:0035639,0.29887,purine ribonucleoside triphosphate binding
tr|A1E5U5|A1E5U5_FLAJ1,GO:0017076,0.26693,purine nucleotide binding
tr|A1HPY3|A1HPY3_9FIRM,GO:0016829,0.16481,lyase activity
tr|A1HRY1|A1HRY1_9FIRM,GO:0016829,0.10854,lyase activity
tr|A1K517|A1K517_AZOSB,GO:0005198,0.14068,structural molecule activity
tr|A1XWG6|A1XWG6_9EURY,GO:0140096,0.16521,"catalytic activity, acting on a protein"
tr|A1XWG6|A1XWG6_9EURY,GO:0016788,0.11091,"hydrolase activity, acting on ester bonds"
tr|A1XWG6|A1XWG6_9EURY,GO:0016829,0.11003,lyase activity
sp|A3CWQ6|Y1880_METMJ,GO:0016874,0.10595,ligase activity
tr|A3QI07|A3QI07_SHELP,GO:0097367,0.48580,carbohydrate derivative binding
tr|A3QI07|A3QI07_SHELP,GO:0032553,0.39814,ribonucleotide binding
tr|A3QI07|A3QI07_SHELP,GO:0032555,0.35758,purine ribonucleotide binding
tr|A3QI07|A3QI07_SHELP,GO:0035639,0.35318,purine ribonucleoside triphosphate binding
tr|A3QI07|A3QI07_SHELP,GO:0017076,0.33964,purine nucleotide binding
tr|A3QI07|A3QI07_SHELP,GO:0032559,0.11710,adenyl ribonucleotide binding
tr|A3QI07|A3QI07_SHELP,GO:0005524,0.11582,ATP binding
tr|A3QI07|A3QI07_SHELP,GO:0030554,0.10920,adenyl nucleotide binding
tr|A4CPY2|A4CPY2_ROBBH,GO:0097367,0.27030,carbohydrate derivative binding
tr|A4CPY2|A4CPY2_ROBBH,GO:0032553,0.18159,ribonucleotide binding
tr|A4IMH3|A4IMH3_GEOTN,GO:0003735,0.12715,structural constituent of ribosome
tr|A4IMH3|A4IMH3_GEOTN,GO:0005198,0.12654,structural molecule activity
tr|A4J1J9|A4J1J9_DESRM,GO:0097367,0.19802,carbohydrate derivative binding
tr|A4J1J9|A4J1J9_DESRM,GO:0032553,0.17258,ribonucleotide binding
tr|A4J1J9|A4J1J9_DESRM,GO:0032555,0.14837,purine ribonucleotide binding
tr|A4J1J9|A4J1J9_DESRM,GO:0017076,0.14787,purine nucleotide binding
tr|A4J1J9|A4J1J9_DESRM,GO:0035639,0.14416,purine ribonucleoside triphosphate binding
tr|A4J1J9|A4J1J9_DESRM,GO:0140096,0.12743,"catalytic activity, acting on a protein"
tr|A4J1J9|A4J1J9_DESRM,GO:0030554,0.11816,adenyl nucleotide binding
tr|A4J1J9|A4J1J9_DESRM,GO:0032559,0.11799,adenyl ribonucleotide binding
tr|A4J1J9|A4J1J9_DESRM,GO:0005524,0.11552,ATP binding
tr|A4J430|A4J430_DESRM,GO:0005198,0.12480,structural molecule activity
tr|A4J430|A4J430_DESRM,GO:0003735,0.12410,structural constituent of ribosome
tr|A4J5R0|A4J5R0_DESRM,GO:0046914,0.15696,transition metal ion binding
tr|A4J5R0|A4J5R0_DESRM,GO:0016829,0.11000,lyase activity
tr|A4XIP4|A4XIP4_CALS8,GO:0097367,0.38000,carbohydrate derivative binding
tr|A4XIP4|A4XIP4_CALS8,GO:0032553,0.30552,ribonucleotide binding
tr|A4XIP4|A4XIP4_CALS8,GO:0032555,0.25615,purine ribonucleotide binding
tr|A4XIP4|A4XIP4_CALS8,GO:0035639,0.24879,purine ribonucleoside triphosphate binding
tr|A4XIP4|A4XIP4_CALS8,GO:0017076,0.24776,purine nucleotide binding
tr|A5D0L8|A5D0L8_PELTS,GO:0016829,0.13799,lyase activity
tr|A5D0L8|A5D0L8_PELTS,GO:0140096,0.11223,"catalytic activity, acting on a protein"
tr|A5D0L8|A5D0L8_PELTS,GO:0000287,0.10435,magnesium ion binding
tr|A5D0L9|A5D0L9_PELTS,GO:0046914,0.14563,transition metal ion binding
tr|A5D0L9|A5D0L9_PELTS,GO:0016829,0.10322,lyase activity
tr|A5D4P0|A5D4P0_PELTS,GO:0097367,0.19101,carbohydrate derivative binding
tr|A5D4P0|A5D4P0_PELTS,GO:0032553,0.17446,ribonucleotide binding
tr|A5D4P0|A5D4P0_PELTS,GO:0032555,0.16389,purine ribonucleotide binding
tr|A5D4P0|A5D4P0_PELTS,GO:0035639,0.15804,purine ribonucleoside triphosphate binding
tr|A5D4P0|A5D4P0_PELTS,GO:0032559,0.15759,adenyl ribonucleotide binding
tr|A5D4P0|A5D4P0_PELTS,GO:0017076,0.15301,purine nucleotide binding
tr|A5D4P0|A5D4P0_PELTS,GO:0005524,0.15170,ATP binding
tr|A5D4P0|A5D4P0_PELTS,GO:0030554,0.14765,adenyl nucleotide binding
tr|A5D4P0|A5D4P0_PELTS,GO:0000287,0.13075,magnesium ion binding
tr|A5D4X5|A5D4X5_PELTS,GO:0097367,0.11393,carbohydrate derivative binding
tr|A5D4X5|A5D4X5_PELTS,GO:0032553,0.10502,ribonucleotide binding
sp|A5G3J9|RISB_GEOUR,GO:0016765,0.94443,"transferase activity, transferring alkyl or aryl (other than methyl) groups"
tr|A5G3P3|A5G3P3_GEOUR,GO:0097367,0.21073,carbohydrate derivative binding
tr|A5G3P3|A5G3P3_GEOUR,GO:0032553,0.18864,ribonucleotide binding
tr|A5G3P3|A5G3P3_GEOUR,GO:0032559,0.17677,adenyl ribonucleotide binding
tr|A5G3P3|A5G3P3_GEOUR,GO:0005524,0.17317,ATP binding
tr|A5G3P3|A5G3P3_GEOUR,GO:0032555,0.16828,purine ribonucleotide binding
tr|A5G3P3|A5G3P3_GEOUR,GO:0035639,0.16426,purine ribonucleoside triphosphate binding
tr|A5G3P3|A5G3P3_GEOUR,GO:0030554,0.16341,adenyl nucleotide binding
tr|A5G3P3|A5G3P3_GEOUR,GO:0017076,0.15505,purine nucleotide binding
tr|A5G3P3|A5G3P3_GEOUR,GO:0140096,0.12659,"catalytic activity, acting on a protein"
tr|A5G3P3|A5G3P3_GEOUR,GO:0016874,0.12391,ligase activity
tr|A5G3P3|A5G3P3_GEOUR,GO:0016788,0.10369,"hydrolase activity, acting on ester bonds"
tr|A5G481|A5G481_GEOUR,GO:0097367,0.15193,carbohydrate derivative binding
tr|A5G481|A5G481_GEOUR,GO:0032553,0.13541,ribonucleotide binding
tr|A5G481|A5G481_GEOUR,GO:0017076,0.13048,purine nucleotide binding
tr|A5G481|A5G481_GEOUR,GO:0032555,0.12006,purine ribonucleotide binding
tr|A5G481|A5G481_GEOUR,GO:0035639,0.11573,purine ribonucleoside triphosphate binding
tr|A5G481|A5G481_GEOUR,GO:0000287,0.11571,magnesium ion binding
tr|A5G4Y3|A5G4Y3_GEOUR,GO:0097367,0.19947,carbohydrate derivative binding
tr|A5G4Y3|A5G4Y3_GEOUR,GO:0032553,0.17180,ribonucleotide binding
tr|A5G4Y3|A5G4Y3_GEOUR,GO:0017076,0.13812,purine nucleotide binding
tr|A5G4Y3|A5G4Y3_GEOUR,GO:0032555,0.13632,purine ribonucleotide binding
tr|A5G4Y3|A5G4Y3_GEOUR,GO:0035639,0.13154,purine ribonucleoside triphosphate binding
tr|A5G5W5|A5G5W5_GEOUR,GO:0097367,0.29393,carbohydrate derivative binding
tr|A5G5W5|A5G5W5_GEOUR,GO:0032555,0.19387,purine ribonucleotide binding
tr|A5G5W5|A5G5W5_GEOUR,GO:0032553,0.18935,ribonucleotide binding
tr|A5G5W5|A5G5W5_GEOUR,GO:0035639,0.18933,purine ribonucleoside triphosphate binding
tr|A5G5W5|A5G5W5_GEOUR,GO:0017076,0.16706,purine nucleotide binding
tr|A5G5Z0|A5G5Z0_GEOUR,GO:0097367,0.11838,carbohydrate derivative binding
tr|A5G6T1|A5G6T1_GEOUR,GO:0016829,0.12771,lyase activity
sp|A5G9I2|CH60_GEOUR,GO:0017076,0.99992,purine nucleotide binding
sp|A5G9I2|CH60_GEOUR,GO:0032553,0.99991,ribonucleotide binding
sp|A5G9I2|CH60_GEOUR,GO:0035639,0.99990,purine ribonucleoside triphosphate binding
sp|A5G9I2|CH60_GEOUR,GO:0032555,0.99990,purine ribonucleotide binding
sp|A5G9I2|CH60_GEOUR,GO:0097367,0.99989,carbohydrate derivative binding
sp|A5G9I2|CH60_GEOUR,GO:0030554,0.99989,adenyl nucleotide binding
sp|A5G9I2|CH60_GEOUR,GO:0005524,0.99985,ATP binding
sp|A5G9I2|CH60_GEOUR,GO:0032559,0.99985,adenyl ribonucleotide binding
sp|A5G9I2|CH60_GEOUR,GO:0051082,0.93939,unfolded protein binding
tr|A5GAJ1|A5GAJ1_GEOUR,GO:0097367,0.14101,carbohydrate derivative binding
tr|A5GAJ1|A5GAJ1_GEOUR,GO:0051536,0.11828,iron-sulfur cluster binding
tr|A5GAJ1|A5GAJ1_GEOUR,GO:0051540,0.11825,metal cluster binding
tr|A5GAJ1|A5GAJ1_GEOUR,GO:0032553,0.11298,ribonucleotide binding
sp|A5GAW4|EFTU_GEOUR,GO:0032550,1.00000,purine ribonucleoside binding
sp|A5GAW4|EFTU_GEOUR,GO:0032549,1.00000,ribonucleoside binding
sp|A5GAW4|EFTU_GEOUR,GO:0019001,1.00000,guanyl nucleotide binding
sp|A5GAW4|EFTU_GEOUR,GO:0032561,1.00000,guanyl ribonucleotide binding
sp|A5GAW4|EFTU_GEOUR,GO:0005525,1.00000,GTP binding
sp|A5GAW4|EFTU_GEOUR,GO:0001883,1.00000,purine nucleoside binding
sp|A5GAW4|EFTU_GEOUR,GO:0001882,1.00000,nucleoside binding
sp|A5GAW4|EFTU_GEOUR,GO:0003924,1.00000,GTPase activity
sp|A5GAW4|EFTU_GEOUR,GO:0016818,1.00000,"hydrolase activity, acting on acid anhydrides, in phosphorus-containing anhydrides"
sp|A5GAW4|EFTU_GEOUR,GO:0016817,1.00000,"hydrolase activity, acting on acid anhydrides"
sp|A5GAW4|EFTU_GEOUR,GO:0016462,1.00000,pyrophosphatase activity
sp|A5GAW4|EFTU_GEOUR,GO:0032553,1.00000,ribonucleotide binding
sp|A5GAW4|EFTU_GEOUR,GO:0097367,0.99999,carbohydrate derivative binding
sp|A5GAW4|EFTU_GEOUR,GO:0017111,0.99999,nucleoside-triphosphatase activity
sp|A5GAW4|EFTU_GEOUR,GO:0017076,0.99999,purine nucleotide binding
sp|A5GAW4|EFTU_GEOUR,GO:0035639,0.99999,purine ribonucleoside triphosphate binding
sp|A5GAW4|EFTU_GEOUR,GO:0032555,0.99999,purine ribonucleotide binding
sp|A5GAW4|EFTU_GEOUR,GO:0008135,0.99998,"translation factor activity, RNA binding"
sp|A5GAW4|EFTU_GEOUR,GO:0090079,0.99998,"translation regulator activity, nucleic acid binding"
sp|A5GAW4|EFTU_GEOUR,GO:0045182,0.99998,translation regulator activity
sp|A5GAW4|EFTU_GEOUR,GO:0003746,0.99952,translation elongation factor activity
sp|A5GAW4|EFTU_GEOUR,GO:0003723,0.99890,RNA binding
tr|A5GB32|A5GB32_GEOUR,GO:0051536,0.22287,iron-sulfur cluster binding
tr|A5GB32|A5GB32_GEOUR,GO:0051540,0.22243,metal cluster binding
tr|A5GB32|A5GB32_GEOUR,GO:0051539,0.16545,"4 iron, 4 sulfur cluster binding"
tr|A5GB32|A5GB32_GEOUR,GO:0046914,0.14757,transition metal ion binding
tr|A5GB32|A5GB32_GEOUR,GO:0016741,0.12262,"transferase activity, transferring one-carbon groups"
sp|A5GDC8|DNAK_GEOUR,GO:0030554,0.99989,adenyl nucleotide binding
sp|A5GDC8|DNAK_GEOUR,GO:0017076,0.99988,purine nucleotide binding
sp|A5GDC8|DNAK_GEOUR,GO:0032553,0.99984,ribonucleotide binding
sp|A5GDC8|DNAK_GEOUR,GO:0035639,0.99984,purine ribonucleoside triphosphate binding
sp|A5GDC8|DNAK_GEOUR,GO:0005524,0.99984,ATP binding
sp|A5GDC8|DNAK_GEOUR,GO:0032559,0.99983,adenyl ribonucleotide binding
sp|A5GDC8|DNAK_GEOUR,GO:0032555,0.99983,purine ribonucleotide binding
sp|A5GDC8|DNAK_GEOUR,GO:0097367,0.99979,carbohydrate derivative binding
sp|A5GDC8|DNAK_GEOUR,GO:0051082,0.98549,unfolded protein binding
tr|A5GEY9|A5GEY9_GEOUR,GO:0097367,0.35755,carbohydrate derivative binding
tr|A5GEY9|A5GEY9_GEOUR,GO:0032553,0.24871,ribonucleotide binding
tr|A5GEY9|A5GEY9_GEOUR,GO:0032555,0.19159,purine ribonucleotide binding
tr|A5GEY9|A5GEY9_GEOUR,GO:0035639,0.18805,purine ribonucleoside triphosphate binding
tr|A5GEY9|A5GEY9_GEOUR,GO:0017076,0.17413,purine nucleotide binding
tr|A5GEZ5|A5GEZ5_GEOUR,GO:0097367,0.30896,carbohydrate derivative binding
tr|A5GEZ5|A5GEZ5_GEOUR,GO:0032553,0.30756,ribonucleotide binding
tr|A5GEZ5|A5GEZ5_GEOUR,GO:0032555,0.30380,purine ribonucleotide binding
tr|A5GEZ5|A5GEZ5_GEOUR,GO:0035639,0.29887,purine ribonucleoside triphosphate binding
tr|A5GEZ5|A5GEZ5_GEOUR,GO:0017076,0.29712,purine nucleotide binding
tr|A5GEZ5|A5GEZ5_GEOUR,GO:0032559,0.28905,adenyl ribonucleotide binding
tr|A5GEZ5|A5GEZ5_GEOUR,GO:0005524,0.28644,ATP binding
tr|A5GEZ5|A5GEZ5_GEOUR,GO:0030554,0.28333,adenyl nucleotide binding
tr|A5GEZ5|A5GEZ5_GEOUR,GO:0016772,0.22839,"transferase activity, transferring phosphorus-containing groups"
tr|A5GEZ5|A5GEZ5_GEOUR,GO:0016301,0.18741,kinase activity
tr|A5GEZ5|A5GEZ5_GEOUR,GO:0016773,0.13536,"phosphotransferase activity, alcohol group as acceptor"
tr|A5GFL7|A5GFL7_GEOUR,GO:0003677,0.10431,DNA binding
tr|A5P862|A5P862_9SPHN,GO:0046914,0.30094,transition metal ion binding
tr|A5P862|A5P862_9SPHN,GO:0008233,0.19993,peptidase activity
tr|A5P862|A5P862_9SPHN,GO:0008270,0.19282,zinc ion binding
tr|A5P862|A5P862_9SPHN,GO:0140096,0.17329,"catalytic activity, acting on a protein"
tr|A5P862|A5P862_9SPHN,GO:0008237,0.16259,metallopeptidase activity
tr|A5P862|A5P862_9SPHN,GO:0097367,0.15646,carbohydrate derivative binding
tr|A5P862|A5P862_9SPHN,GO:0032553,0.13709,ribonucleotide binding
tr|A5P862|A5P862_9SPHN,GO:0017076,0.12759,purine nucleotide binding
tr|A5P862|A5P862_9SPHN,GO:0032555,0.10536,purine ribonucleotide binding
tr|A5P862|A5P862_9SPHN,GO:0035639,0.10531,purine ribonucleoside triphosphate binding
tr|A5USL7|A5USL7_ROSS1,GO:0051536,0.80488,iron-sulfur cluster binding
tr|A5USL7|A5USL7_ROSS1,GO:0051540,0.80446,metal cluster binding
tr|A5USL7|A5USL7_ROSS1,GO:0051539,0.77124,"4 iron, 4 sulfur cluster binding"
tr|A5USL7|A5USL7_ROSS1,GO:0046914,0.29489,transition metal ion binding
sp|A5UU55|GLPK_ROSS1,GO:0035639,0.99118,purine ribonucleoside triphosphate binding
sp|A5UU55|GLPK_ROSS1,GO:0032555,0.99090,purine ribonucleotide binding
sp|A5UU55|GLPK_ROSS1,GO:0032553,0.99033,ribonucleotide binding
sp|A5UU55|GLPK_ROSS1,GO:0017076,0.99004,purine nucleotide binding
sp|A5UU55|GLPK_ROSS1,GO:0097367,0.98975,carbohydrate derivative binding
sp|A5UU55|GLPK_ROSS1,GO:0005524,0.98691,ATP binding
sp|A5UU55|GLPK_ROSS1,GO:0032559,0.98662,adenyl ribonucleotide binding
sp|A5UU55|GLPK_ROSS1,GO:0016301,0.98656,kinase activity
sp|A5UU55|GLPK_ROSS1,GO:0030554,0.98541,adenyl nucleotide binding
sp|A5UU55|GLPK_ROSS1,GO:0016772,0.98480,"transferase activity, transferring phosphorus-containing groups"
sp|A5UU55|GLPK_ROSS1,GO:0016773,0.97669,"phosphotransferase activity, alcohol group as acceptor"
tr|A6EE43|A6EE43_9SPHI,GO:0097367,0.11765,carbohydrate derivative binding
tr|A6EIZ1|A6EIZ1_9SPHI,GO:0004553,0.15376,"hydrolase activity, hydrolyzing O-glycosyl compounds"
tr|A6EIZ1|A6EIZ1_9SPHI,GO:0097367,0.14552,carbohydrate derivative binding
tr|A6EIZ1|A6EIZ1_9SPHI,GO:0016798,0.14544,"hydrolase activity, acting on glycosyl bonds"
tr|A6L9B4|A6L9B4_PARD8,GO:0016798,0.17314,"hydrolase activity, acting on glycosyl bonds"
tr|A6L9B4|A6L9B4_PARD8,GO:0004553,0.14220,"hydrolase activity, hydrolyzing O-glycosyl compounds"
tr|A6L9B4|A6L9B4_PARD8,GO:0008233,0.13210,peptidase activity
tr|A6L9B4|A6L9B4_PARD8,GO:0097367,0.12939,carbohydrate derivative binding
tr|A6L9R5|A6L9R5_PARD8,GO:0046914,0.12312,transition metal ion binding
tr|A6NX83|A6NX83_9FIRM,GO:0016620,0.99775,"oxidoreductase activity, acting on the aldehyde or oxo group of donors, NAD or NADP as acceptor"
tr|A6NX83|A6NX83_9FIRM,GO:0016903,0.99677,"oxidoreductase activity, acting on the aldehyde or oxo group of donors"
tr|A6NX83|A6NX83_9FIRM,GO:0051287,0.88127,NAD binding
tr|A6NX83|A6NX83_9FIRM,GO:0050661,0.85773,NADP binding
tr|A6NX83|A6NX83_9FIRM,GO:0043891,0.84536,glyceraldehyde-3-phosphate dehydrogenase (NAD(P)+) (phosphorylating) activity
tr|A6NX83|A6NX83_9FIRM,GO:0004365,0.82323,glyceraldehyde-3-phosphate dehydrogenase (NAD+) (phosphorylating) activity
tr|A6TX53|A6TX53_ALKMQ,GO:0097367,0.12733,carbohydrate derivative binding
tr|A6TX53|A6TX53_ALKMQ,GO:0032553,0.11223,ribonucleotide binding
tr|A6UDY8|A6UDY8_SINMW,GO:0016829,0.17715,lyase activity
tr|A6UDY8|A6UDY8_SINMW,GO:0000287,0.15942,magnesium ion binding
tr|A6YCY2|A6YCY2_9BACT,GO:0051540,0.56040,metal cluster binding
tr|A6YCY2|A6YCY2_9BACT,GO:0051536,0.55988,iron-sulfur cluster binding
tr|A6YCY2|A6YCY2_9BACT,GO:0051539,0.40917,"4 iron, 4 sulfur cluster binding"
tr|A6YCY2|A6YCY2_9BACT,GO:0046914,0.29093,transition metal ion binding
tr|A6YCY2|A6YCY2_9BACT,GO:0003677,0.14796,DNA binding
tr|A6YCY2|A6YCY2_9BACT,GO:0003723,0.13541,RNA binding
tr|A6YCY2|A6YCY2_9BACT,GO:0009055,0.12441,electron transfer activity
tr|A6YCY2|A6YCY2_9BACT,GO:0008270,0.12156,zinc ion binding
tr|A6YCY2|A6YCY2_9BACT,GO:0005506,0.10821,iron ion binding
tr|A6ZJR7|A6ZJR7_9BACT,GO:0046914,0.12043,transition metal ion binding
tr|A7GZ48|A7GZ48_CAMC5,GO:0003723,0.19148,RNA binding
tr|A7GZ48|A7GZ48_CAMC5,GO:0016788,0.15568,"hydrolase activity, acting on ester bonds"
sp|A7HGP8|CH602_ANADF,GO:0017076,0.99996,purine nucleotide binding
sp|A7HGP8|CH602_ANADF,GO:0035639,0.99995,purine ribonucleoside triphosphate binding
sp|A7HGP8|CH602_ANADF,GO:0032555,0.99995,purine ribonucleotide binding
sp|A7HGP8|CH602_ANADF,GO:0030554,0.99995,adenyl nucleotide binding
sp|A7HGP8|CH602_ANADF,GO:0032553,0.99994,ribonucleotide binding
sp|A7HGP8|CH602_ANADF,GO:0005524,0.99994,ATP binding
sp|A7HGP8|CH602_ANADF,GO:0032559,0.99994,adenyl ribonucleotide binding
sp|A7HGP8|CH602_ANADF,GO:0097367,0.99993,carbohydrate derivative binding
sp|A7HGP8|CH602_ANADF,GO:0051082,0.94958,unfolded protein binding
tr|A7HJ85|A7HJ85_FERNB,GO:0005215,0.14487,transporter activity
tr|A7HJ85|A7HJ85_FERNB,GO:0022857,0.14351,transmembrane transporter activity
tr|A7HJ85|A7HJ85_FERNB,GO:0015075,0.11495,ion transmembrane transporter activity
tr|A7HKG1|A7HKG1_FERNB,GO:0097367,0.21086,carbohydrate derivative binding
tr|A7HKG1|A7HKG1_FERNB,GO:0032553,0.19262,ribonucleotide binding
tr|A7HKG1|A7HKG1_FERNB,GO:0032555,0.16483,purine ribonucleotide binding
tr|A7HKG1|A7HKG1_FERNB,GO:0017076,0.16298,purine nucleotide binding
tr|A7HKG1|A7HKG1_FERNB,GO:0035639,0.15451,purine ribonucleoside triphosphate binding
tr|A7HSX4|A7HSX4_PARL1,GO:0016616,0.53157,"oxidoreductase activity, acting on the CH-OH group of donors, NAD or NADP as acceptor"
tr|A7HSX4|A7HSX4_PARL1,GO:0016614,0.51686,"oxidoreductase activity, acting on CH-OH group of donors"
tr|A7HSX4|A7HSX4_PARL1,GO:0050661,0.16926,NADP binding
tr|A7HSX4|A7HSX4_PARL1,GO:0051287,0.15593,NAD binding
sp|A7I5N7|MTD_METB6,GO:0097367,0.14321,carbohydrate derivative binding
sp|A7I5N7|MTD_METB6,GO:0032553,0.13768,ribonucleotide binding
sp|A7I5N7|MTD_METB6,GO:0032555,0.11710,purine ribonucleotide binding
sp|A7I5N7|MTD_METB6,GO:0035639,0.11370,purine ribonucleoside triphosphate binding
sp|A7I5N7|MTD_METB6,GO:0017076,0.11365,purine nucleotide binding
tr|A7I5S3|A7I5S3_METB6,GO:0097367,0.19410,carbohydrate derivative binding
tr|A7I5S3|A7I5S3_METB6,GO:0032553,0.17573,ribonucleotide binding
tr|A7I5S3|A7I5S3_METB6,GO:0032555,0.15392,purine ribonucleotide binding
tr|A7I5S3|A7I5S3_METB6,GO:0035639,0.15109,purine ribonucleoside triphosphate binding
tr|A7I5S3|A7I5S3_METB6,GO:0017076,0.14791,purine nucleotide binding
tr|A7I5S3|A7I5S3_METB6,GO:0032559,0.13861,adenyl ribonucleotide binding
tr|A7I5S3|A7I5S3_METB6,GO:0005524,0.13615,ATP binding
tr|A7I5S3|A7I5S3_METB6,GO:0030554,0.13387,adenyl nucleotide binding
tr|A7I5T9|A7I5T9_METB6,GO:0046914,0.14270,transition metal ion binding
tr|A7I5T9|A7I5T9_METB6,GO:0097367,0.10377,carbohydrate derivative binding
tr|A7NFW8|A7NFW8_ROSCS,GO:0097367,0.12302,carbohydrate derivative binding
tr|A7NFW8|A7NFW8_ROSCS,GO:0032553,0.11380,ribonucleotide binding
tr|A7NFW8|A7NFW8_ROSCS,GO:0017076,0.10127,purine nucleotide binding
tr|A7NKW2|A7NKW2_ROSCS,GO:0097367,0.25256,carbohydrate derivative binding
tr|A7NKW2|A7NKW2_ROSCS,GO:0032553,0.22054,ribonucleotide binding
tr|A7NKW2|A7NKW2_ROSCS,GO:0017076,0.21646,purine nucleotide binding
tr|A7NKW2|A7NKW2_ROSCS,GO:0032555,0.21282,purine ribonucleotide binding
tr|A7NKW2|A7NKW2_ROSCS,GO:0035639,0.20383,purine ribonucleoside triphosphate binding
tr|A7NKW2|A7NKW2_ROSCS,GO:0016829,0.15822,lyase activity
tr|A7NKW2|A7NKW2_ROSCS,GO:0030554,0.15423,adenyl nucleotide binding
tr|A7NKW2|A7NKW2_ROSCS,GO:0032559,0.15138,adenyl ribonucleotide binding
tr|A7NKW2|A7NKW2_ROSCS,GO:0005524,0.14588,ATP binding
tr|A7ZRT4|A7ZRT4_ECO24,GO:0032555,0.68830,purine ribonucleotide binding
tr|A7ZRT4|A7ZRT4_ECO24,GO:0035639,0.68390,purine ribonucleoside triphosphate binding
tr|A7ZRT4|A7ZRT4_ECO24,GO:0017076,0.67818,purine nucleotide binding
tr|A7ZRT4|A7ZRT4_ECO24,GO:0097367,0.67296,carbohydrate derivative binding
tr|A7ZRT4|A7ZRT4_ECO24,GO:0032553,0.66962,ribonucleotide binding
tr|A7ZRT4|A7ZRT4_ECO24,GO:0032559,0.57160,adenyl ribonucleotide binding
tr|A7ZRT4|A7ZRT4_ECO24,GO:0005524,0.57033,ATP binding
tr|A7ZRT4|A7ZRT4_ECO24,GO:0030554,0.55995,adenyl nucleotide binding
tr|A7ZRT4|A7ZRT4_ECO24,GO:0016874,0.18127,ligase activity
tr|A7ZRT4|A7ZRT4_ECO24,GO:0140098,0.14340,"catalytic activity, acting on RNA"
tr|A7ZRT4|A7ZRT4_ECO24,GO:0140101,0.11402,"catalytic activity, acting on a tRNA"
tr|A8F4W7|A8F4W7_PSELT,GO:0097367,0.16647,carbohydrate derivative binding
tr|A8F4W7|A8F4W7_PSELT,GO:0032553,0.15089,ribonucleotide binding
tr|A8F4W7|A8F4W7_PSELT,GO:0032559,0.13926,adenyl ribonucleotide binding
tr|A8F4W7|A8F4W7_PSELT,GO:0005524,0.13305,ATP binding
tr|A8F4W7|A8F4W7_PSELT,GO:0030554,0.13194,adenyl nucleotide binding
tr|A8F4W7|A8F4W7_PSELT,GO:0032555,0.12684,purine ribonucleotide binding
tr|A8F4W7|A8F4W7_PSELT,GO:0017076,0.11961,purine nucleotide binding
tr|A8F4W7|A8F4W7_PSELT,GO:0035639,0.11909,purine ribonucleoside triphosphate binding
tr|A8F6K8|A8F6K8_PSELT,GO:0051540,0.13795,metal cluster binding
tr|A8F6K8|A8F6K8_PSELT,GO:0051536,0.13777,iron-sulfur cluster binding
tr|A8F6K8|A8F6K8_PSELT,GO:0016829,0.13070,lyase activity
tr|A8F6K8|A8F6K8_PSELT,GO:0046914,0.12096,transition metal ion binding
tr|A8F6K8|A8F6K8_PSELT,GO:0051539,0.10748,"4 iron, 4 sulfur cluster binding"
tr|A8F8E4|A8F8E4_PSELT,GO:0097367,0.11925,carbohydrate derivative binding
tr|A8F8E4|A8F8E4_PSELT,GO:0032559,0.11074,adenyl ribonucleotide binding
tr|A8F8E4|A8F8E4_PSELT,GO:0005524,0.10726,ATP binding
tr|A8F8E4|A8F8E4_PSELT,GO:0032553,0.10702,ribonucleotide binding
tr|A8F8E4|A8F8E4_PSELT,GO:0030554,0.10335,adenyl nucleotide binding
tr|A8F8V7|A8F8V7_PSELT,GO:0008233,0.36774,peptidase activity
tr|A8F8V7|A8F8V7_PSELT,GO:0140096,0.24873,"catalytic activity, acting on a protein"
tr|A8F8V7|A8F8V7_PSELT,GO:0017171,0.18743,serine hydrolase activity
tr|A8F8V7|A8F8V7_PSELT,GO:0008236,0.18708,serine-type peptidase activity
tr|A8F8V7|A8F8V7_PSELT,GO:0004175,0.14384,endopeptidase activity
tr|A8F8V7|A8F8V7_PSELT,GO:0097367,0.11537,carbohydrate derivative binding
tr|A8MEU2|A8MEU2_ALKOO,GO:0140096,0.39296,"catalytic activity, acting on a protein"
tr|A8MEU2|A8MEU2_ALKOO,GO:0008233,0.24735,peptidase activity
tr|A8MEU2|A8MEU2_ALKOO,GO:0046914,0.19814,transition metal ion binding
tr|A8MEU2|A8MEU2_ALKOO,GO:0016788,0.13174,"hydrolase activity, acting on ester bonds"
tr|A8MEU2|A8MEU2_ALKOO,GO:0008237,0.12034,metallopeptidase activity
tr|A8MEU2|A8MEU2_ALKOO,GO:0004175,0.11005,endopeptidase activity
tr|A8MEU2|A8MEU2_ALKOO,GO:0008270,0.10598,zinc ion binding
tr|A8MFW8|A8MFW8_ALKOO,GO:0097367,0.14255,carbohydrate derivative binding
tr|A8MFW8|A8MFW8_ALKOO,GO:0032553,0.12628,ribonucleotide binding
tr|A8MFW8|A8MFW8_ALKOO,GO:0046914,0.12586,transition metal ion binding
tr|A8MFW8|A8MFW8_ALKOO,GO:0032555,0.10855,purine ribonucleotide binding
tr|A8MFW8|A8MFW8_ALKOO,GO:0035639,0.10539,purine ribonucleoside triphosphate binding
tr|A8MFW8|A8MFW8_ALKOO,GO:0017076,0.10152,purine nucleotide binding
sp|A8MG11|GLPK_ALKOO,GO:0035639,0.99895,purine ribonucleoside triphosphate binding
sp|A8MG11|GLPK_ALKOO,GO:0032555,0.99891,purine ribonucleotide binding
sp|A8MG11|GLPK_ALKOO,GO:0032553,0.99891,ribonucleotide binding
sp|A8MG11|GLPK_ALKOO,GO:0005524,0.99885,ATP binding
sp|A8MG11|GLPK_ALKOO,GO:0017076,0.99883,purine nucleotide binding
sp|A8MG11|GLPK_ALKOO,GO:0032559,0.99882,adenyl ribonucleotide binding
sp|A8MG11|GLPK_ALKOO,GO:0030554,0.99874,adenyl nucleotide binding
sp|A8MG11|GLPK_ALKOO,GO:0097367,0.99865,carbohydrate derivative binding
sp|A8MG11|GLPK_ALKOO,GO:0016301,0.97949,kinase activity
sp|A8MG11|GLPK_ALKOO,GO:0016772,0.96494,"transferase activity, transferring phosphorus-containing groups"
sp|A8MG11|GLPK_ALKOO,GO:0016773,0.90515,"phosphotransferase activity, alcohol group as acceptor"
tr|A8MM21|A8MM21_ALKOO,GO:0046914,0.11782,transition metal ion binding
tr|A8MM21|A8MM21_ALKOO,GO:0016810,0.10485,"hydrolase activity, acting on carbon-nitrogen (but not peptide) bonds"
tr|A8NPE3|A8NPE3_COPC7,GO:0097367,0.22838,carbohydrate derivative binding
tr|A8NPE3|A8NPE3_COPC7,GO:0032559,0.20235,adenyl ribonucleotide binding
tr|A8NPE3|A8NPE3_COPC7,GO:0005524,0.19926,ATP binding
tr|A8NPE3|A8NPE3_COPC7,GO:0032553,0.18729,ribonucleotide binding
tr|A8NPE3|A8NPE3_COPC7,GO:0030554,0.18181,adenyl nucleotide binding
tr|A8NPE3|A8NPE3_COPC7,GO:0032555,0.17631,purine ribonucleotide binding
tr|A8NPE3|A8NPE3_COPC7,GO:0035639,0.17086,purine ribonucleoside triphosphate binding
tr|A8NPE3|A8NPE3_COPC7,GO:0017076,0.15767,purine nucleotide binding
tr|A8NPE3|A8NPE3_COPC7,GO:0140096,0.11396,"catalytic activity, acting on a protein"
tr|A8XIG3|A8XIG3_CAEBR,GO:0140096,0.10504,"catalytic activity, acting on a protein"
tr|A8XIG3|A8XIG3_CAEBR,GO:0005198,0.10174,structural molecule activity
tr|A8ZRW8|A8ZRW8_DESOH,GO:0046914,0.12078,transition metal ion binding
tr|A8ZVJ1|A8ZVJ1_DESOH,GO:0016616,0.90969,"oxidoreductase activity, acting on the CH-OH group of donors, NAD or NADP as acceptor"
tr|A8ZVJ1|A8ZVJ1_DESOH,GO:0016614,0.90080,"oxidoreductase activity, acting on CH-OH group of donors"
tr|A8ZVJ1|A8ZVJ1_DESOH,GO:0016615,0.23385,malate dehydrogenase activity
tr|A8ZVJ1|A8ZVJ1_DESOH,GO:0030060,0.19892,L-malate dehydrogenase activity
tr|A8ZVJ1|A8ZVJ1_DESOH,GO:0051287,0.12632,NAD binding
tr|A9A0K8|A9A0K8_DESOH,GO:0097367,0.16211,carbohydrate derivative binding
tr|A9A0K8|A9A0K8_DESOH,GO:0032555,0.11129,purine ribonucleotide binding
tr|A9A0K8|A9A0K8_DESOH,GO:0035639,0.11018,purine ribonucleoside triphosphate binding
tr|A9A0K8|A9A0K8_DESOH,GO:0032553,0.10104,ribonucleotide binding
tr|A9B0X0|A9B0X0_HERA2,GO:0097367,0.16232,carbohydrate derivative binding
tr|A9B0X0|A9B0X0_HERA2,GO:0032553,0.13379,ribonucleotide binding
tr|A9B0X0|A9B0X0_HERA2,GO:0032559,0.10864,adenyl ribonucleotide binding
tr|A9B0X0|A9B0X0_HERA2,GO:0005524,0.10485,ATP binding
tr|A9B3H3|A9B3H3_HERA2,GO:0016798,0.16727,"hydrolase activity, acting on glycosyl bonds"
tr|A9B3H3|A9B3H3_HERA2,GO:0004553,0.13757,"hydrolase activity, hydrolyzing O-glycosyl compounds"
tr|A9B3H3|A9B3H3_HERA2,GO:0016757,0.10709,"transferase activity, transferring glycosyl groups"
tr|A9BES8|A9BES8_PETMO,GO:0005215,0.20806,transporter activity
tr|A9BES8|A9BES8_PETMO,GO:0022857,0.20556,transmembrane transporter activity
tr|A9BES8|A9BES8_PETMO,GO:0015075,0.18082,ion transmembrane transporter activity
tr|A9BES8|A9BES8_PETMO,GO:0015318,0.12719,inorganic molecular entity transmembrane transporter activity
tr|A9BES8|A9BES8_PETMO,GO:0003677,0.10865,DNA binding
tr|A9BES8|A9BES8_PETMO,GO:0008324,0.10717,cation transmembrane transporter activity
tr|A9BES8|A9BES8_PETMO,GO:0022890,0.10197,inorganic cation transmembrane transporter activity
tr|A9BG31|A9BG31_PETMO,GO:0140096,0.22200,"catalytic activity, acting on a protein"
tr|A9BG31|A9BG31_PETMO,GO:0008233,0.12606,peptidase activity
tr|A9BG31|A9BG31_PETMO,GO:0016757,0.10450,"transferase activity, transferring glycosyl groups"
tr|A9BG52|A9BG52_PETMO,GO:0003677,0.12193,DNA binding
tr|A9BG52|A9BG52_PETMO,GO:0016788,0.10744,"hydrolase activity, acting on ester bonds"
tr|A9BH12|A9BH12_PETMO,GO:0097367,0.22204,carbohydrate derivative binding
tr|A9BH12|A9BH12_PETMO,GO:0032553,0.21449,ribonucleotide binding
tr|A9BH12|A9BH12_PETMO,GO:0032555,0.21104,purine ribonucleotide binding
tr|A9BH12|A9BH12_PETMO,GO:0035639,0.20296,purine ribonucleoside triphosphate binding
tr|A9BH12|A9BH12_PETMO,GO:0017076,0.19833,purine nucleotide binding
tr|A9BH12|A9BH12_PETMO,GO:0032559,0.15149,adenyl ribonucleotide binding
tr|A9BH12|A9BH12_PETMO,GO:0005524,0.14917,ATP binding
tr|A9BH12|A9BH12_PETMO,GO:0030554,0.14217,adenyl nucleotide binding
tr|A9BH12|A9BH12_PETMO,GO:0140096,0.10267,"catalytic activity, acting on a protein"
tr|A9F1K7|A9F1K7_SORC5,GO:0097367,0.29302,carbohydrate derivative binding
tr|A9F1K7|A9F1K7_SORC5,GO:0032553,0.24238,ribonucleotide binding
tr|A9F1K7|A9F1K7_SORC5,GO:0032555,0.22703,purine ribonucleotide binding
tr|A9F1K7|A9F1K7_SORC5,GO:0035639,0.22527,purine ribonucleoside triphosphate binding
tr|A9F1K7|A9F1K7_SORC5,GO:0017076,0.21012,purine nucleotide binding
tr|A9F1K7|A9F1K7_SORC5,GO:0032559,0.10382,adenyl ribonucleotide binding
tr|A9F1K7|A9F1K7_SORC5,GO:0005524,0.10366,ATP binding
tr|A9KKM8|A9KKM8_LACP7,GO:0032559,0.14071,adenyl ribonucleotide binding
tr|A9KKM8|A9KKM8_LACP7,GO:0097367,0.13926,carbohydrate derivative binding
tr|A9KKM8|A9KKM8_LACP7,GO:0030554,0.13846,adenyl nucleotide binding
tr|A9KKM8|A9KKM8_LACP7,GO:0005524,0.13833,ATP binding
tr|A9KKM8|A9KKM8_LACP7,GO:0032553,0.10245,ribonucleotide binding
tr|A9LA76|A9LA76_AVEFL,GO:0140096,0.19236,"catalytic activity, acting on a protein"
tr|A9LA76|A9LA76_AVEFL,GO:0003677,0.15831,DNA binding
tr|A9LA76|A9LA76_AVEFL,GO:0016772,0.12662,"transferase activity, transferring phosphorus-containing groups"
tr|A9LA76|A9LA76_AVEFL,GO:0097367,0.12629,carbohydrate derivative binding
tr|A9LA76|A9LA76_AVEFL,GO:0032553,0.12050,ribonucleotide binding
tr|A9LA76|A9LA76_AVEFL,GO:0032555,0.11872,purine ribonucleotide binding
tr|A9LA76|A9LA76_AVEFL,GO:0017076,0.11404,purine nucleotide binding
tr|A9LA76|A9LA76_AVEFL,GO:0035639,0.11386,purine ribonucleoside triphosphate binding
tr|A9LA76|A9LA76_AVEFL,GO:0032559,0.10391,adenyl ribonucleotide binding
tr|A9LA76|A9LA76_AVEFL,GO:0005524,0.10209,ATP binding
tr|A9MLQ2|A9MLQ2_SALAR,GO:0097367,0.14789,carbohydrate derivative binding
tr|A9MLQ2|A9MLQ2_SALAR,GO:0032553,0.13165,ribonucleotide binding
tr|A9MLQ2|A9MLQ2_SALAR,GO:0017076,0.12309,purine nucleotide binding
tr|A9MLQ2|A9MLQ2_SALAR,GO:0003677,0.12306,DNA binding
tr|A9MLQ2|A9MLQ2_SALAR,GO:0030554,0.11715,adenyl nucleotide binding
tr|A9MLQ2|A9MLQ2_SALAR,GO:0032555,0.11449,purine ribonucleotide binding
tr|A9MLQ2|A9MLQ2_SALAR,GO:0016829,0.11186,lyase activity
tr|A9MLQ2|A9MLQ2_SALAR,GO:0035639,0.10949,purine ribonucleoside triphosphate binding
tr|A9MLQ2|A9MLQ2_SALAR,GO:0032559,0.10826,adenyl ribonucleotide binding
tr|A9MLQ2|A9MLQ2_SALAR,GO:0005524,0.10470,ATP binding
tr|B0B5L4|B0B5L4_CLOBO,GO:0016614,0.17180,"oxidoreductase activity, acting on CH-OH group of donors"
tr|B0B5L4|B0B5L4_CLOBO,GO:0016616,0.14616,"oxidoreductase activity, acting on the CH-OH group of donors, NAD or NADP as acceptor"
tr|B0B5L4|B0B5L4_CLOBO,GO:0016829,0.14318,lyase activity
tr|B0P7U5|B0P7U5_9FIRM,GO:0016829,0.12921,lyase activity
tr|B0TD59|B0TD59_HELMI,GO:0097367,0.27962,carbohydrate derivative binding
tr|B0TD59|B0TD59_HELMI,GO:0032553,0.19208,ribonucleotide binding
tr|B0TD59|B0TD59_HELMI,GO:0032555,0.16297,purine ribonucleotide binding
tr|B0TD59|B0TD59_HELMI,GO:0035639,0.16232,purine ribonucleoside triphosphate binding
tr|B0TD59|B0TD59_HELMI,GO:0017076,0.14191,purine nucleotide binding
tr|B0TJ27|B0TJ27_SHEHH,GO:0004553,0.17679,"hydrolase activity, hydrolyzing O-glycosyl compounds"
tr|B0TJ27|B0TJ27_SHEHH,GO:0016798,0.16275,"hydrolase activity, acting on glycosyl bonds"
tr|B0TJ27|B0TJ27_SHEHH,GO:0140096,0.13007,"catalytic activity, acting on a protein"
tr|B0TJ27|B0TJ27_SHEHH,GO:0097367,0.11475,carbohydrate derivative binding
tr|B0VG09|B0VG09_CLOAI,GO:0097367,0.21822,carbohydrate derivative binding
tr|B0VG09|B0VG09_CLOAI,GO:0032555,0.14632,purine ribonucleotide binding
tr|B0VG09|B0VG09_CLOAI,GO:0032553,0.14588,ribonucleotide binding
tr|B0VG09|B0VG09_CLOAI,GO:0035639,0.14071,purine ribonucleoside triphosphate binding
tr|B0VG09|B0VG09_CLOAI,GO:0017076,0.13896,purine nucleotide binding
tr|B0VGC9|B0VGC9_CLOAI,GO:0032550,1.00000,purine ribonucleoside binding
tr|B0VGC9|B0VGC9_CLOAI,GO:0032549,1.00000,ribonucleoside binding
tr|B0VGC9|B0VGC9_CLOAI,GO:0019001,1.00000,guanyl nucleotide binding
tr|B0VGC9|B0VGC9_CLOAI,GO:0032561,1.00000,guanyl ribonucleotide binding
tr|B0VGC9|B0VGC9_CLOAI,GO:0005525,1.00000,GTP binding
tr|B0VGC9|B0VGC9_CLOAI,GO:0001883,1.00000,purine nucleoside binding
tr|B0VGC9|B0VGC9_CLOAI,GO:0001882,1.00000,nucleoside binding
tr|B0VGC9|B0VGC9_CLOAI,GO:0003924,1.00000,GTPase activity
tr|B0VGC9|B0VGC9_CLOAI,GO:0016818,1.00000,"hydrolase activity, acting on acid anhydrides, in phosphorus-containing anhydrides"
tr|B0VGC9|B0VGC9_CLOAI,GO:0016817,1.00000,"hydrolase activity, acting on acid anhydrides"
tr|B0VGC9|B0VGC9_CLOAI,GO:0016462,1.00000,pyrophosphatase activity
tr|B0VGC9|B0VGC9_CLOAI,GO:0017111,0.99999,nucleoside-triphosphatase activity
tr|B0VGC9|B0VGC9_CLOAI,GO:0032553,0.99999,ribonucleotide binding
tr|B0VGC9|B0VGC9_CLOAI,GO:0097367,0.99999,carbohydrate derivative binding
tr|B0VGC9|B0VGC9_CLOAI,GO:0035639,0.99998,purine ribonucleoside triphosphate binding
tr|B0VGC9|B0VGC9_CLOAI,GO:0017076,0.99998,purine nucleotide binding
tr|B0VGC9|B0VGC9_CLOAI,GO:0032555,0.99998,purine ribonucleotide binding
tr|B0VGC9|B0VGC9_CLOAI,GO:0008135,0.99997,"translation factor activity, RNA binding"
tr|B0VGC9|B0VGC9_CLOAI,GO:0090079,0.99997,"translation regulator activity, nucleic acid binding"
tr|B0VGC9|B0VGC9_CLOAI,GO:0045182,0.99997,translation regulator activity
tr|B0VGC9|B0VGC9_CLOAI,GO:0003723,0.99864,RNA binding
tr|B0VGC9|B0VGC9_CLOAI,GO:0003746,0.99734,translation elongation factor activity
tr|B0VGN2|B0VGN2_CLOAI,GO:0004553,0.23510,"hydrolase activity, hydrolyzing O-glycosyl compounds"
tr|B0VGN2|B0VGN2_CLOAI,GO:0016798,0.22211,"hydrolase activity, acting on glycosyl bonds"
tr|B0VGN2|B0VGN2_CLOAI,GO:0008233,0.14750,peptidase activity
tr|B0VGQ0|B0VGQ0_CLOAI,GO:0004553,0.36666,"hydrolase activity, hydrolyzing O-glycosyl compounds"
tr|B0VGQ0|B0VGQ0_CLOAI,GO:0016798,0.31028,"hydrolase activity, acting on glycosyl bonds"
tr|B0VGQ0|B0VGQ0_CLOAI,GO:0140096,0.11802,"catalytic activity, acting on a protein"
tr|B0VH79|B0VH79_CLOAI,GO:0016798,0.18545,"hydrolase activity, acting on glycosyl bonds"
tr|B0VH79|B0VH79_CLOAI,GO:0004553,0.16268,"hydrolase activity, hydrolyzing O-glycosyl compounds"
tr|B0VH79|B0VH79_CLOAI,GO:0008233,0.15534,peptidase activity
tr|B0VH79|B0VH79_CLOAI,GO:0097367,0.14726,carbohydrate derivative binding
tr|B0VH79|B0VH79_CLOAI,GO:0140096,0.12914,"catalytic activity, acting on a protein"
tr|B0VIW3|B0VIW3_CLOAI,GO:0003723,0.14214,RNA binding
tr|B0VIW3|B0VIW3_CLOAI,GO:0016788,0.12617,"hydrolase activity, acting on ester bonds"
tr|B0VIW3|B0VIW3_CLOAI,GO:0003677,0.11366,DNA binding
tr|B1HME3|B1HME3_LYSSC,GO:0097367,0.12158,carbohydrate derivative binding
tr|B1I6G0|B1I6G0_DESAP,GO:0097367,0.24819,carbohydrate derivative binding
tr|B1I6G0|B1I6G0_DESAP,GO:0032553,0.23427,ribonucleotide binding
tr|B1I6G0|B1I6G0_DESAP,GO:0032555,0.21714,purine ribonucleotide binding
tr|B1I6G0|B1I6G0_DESAP,GO:0035639,0.20503,purine ribonucleoside triphosphate binding
tr|B1I6G0|B1I6G0_DESAP,GO:0017076,0.19708,purine nucleotide binding
tr|B1I6G0|B1I6G0_DESAP,GO:0032559,0.18438,adenyl ribonucleotide binding
tr|B1I6G0|B1I6G0_DESAP,GO:0005524,0.17909,ATP binding
tr|B1I6G0|B1I6G0_DESAP,GO:0030554,0.16729,adenyl nucleotide binding
tr|B1ZL74|B1ZL74_METPB,GO:0016614,0.15262,"oxidoreductase activity, acting on CH-OH group of donors"
tr|B1ZL74|B1ZL74_METPB,GO:0016616,0.14308,"oxidoreductase activity, acting on the CH-OH group of donors, NAD or NADP as acceptor"
tr|B2AE47|B2AE47_PODAN,GO:0046914,0.17082,transition metal ion binding
tr|B2G4R2|B2G4R2_ZYGRO,GO:0017076,0.41920,purine nucleotide binding
tr|B2G4R2|B2G4R2_ZYGRO,GO:0032555,0.41367,purine ribonucleotide binding
tr|B2G4R2|B2G4R2_ZYGRO,GO:0035639,0.41356,purine ribonucleoside triphosphate binding
tr|B2G4R2|B2G4R2_ZYGRO,GO:0097367,0.39376,carbohydrate derivative binding
tr|B2G4R2|B2G4R2_ZYGRO,GO:0032553,0.38620,ribonucleotide binding
tr|B2G4R2|B2G4R2_ZYGRO,GO:0030554,0.17236,adenyl nucleotide binding
tr|B2G4R2|B2G4R2_ZYGRO,GO:0005524,0.17148,ATP binding
tr|B2G4R2|B2G4R2_ZYGRO,GO:0032559,0.17022,adenyl ribonucleotide binding
tr|B2J696|B2J696_NOSP7,GO:0140096,0.11640,"catalytic activity, acting on a protein"
tr|B2RIQ2|B2RIQ2_PORG3,GO:0046914,0.10733,transition metal ion binding
sp|B2S3Z5|FMT_TREPS,GO:0016741,0.82797,"transferase activity, transferring one-carbon groups"
sp|B2S3Z5|FMT_TREPS,GO:0140098,0.37697,"catalytic activity, acting on RNA"
sp|B2S3Z5|FMT_TREPS,GO:0016742,0.34470,"hydroxymethyl-, formyl- and related transferase activity"
sp|B2S3Z5|FMT_TREPS,GO:0140101,0.19718,"catalytic activity, acting on a tRNA"
tr|B2YK70|B2YK70_9BACT,GO:0030554,0.19292,adenyl nucleotide binding
tr|B2YK70|B2YK70_9BACT,GO:0017076,0.18521,purine nucleotide binding
tr|B2YK70|B2YK70_9BACT,GO:0032559,0.14664,adenyl ribonucleotide binding
tr|B2YK70|B2YK70_9BACT,GO:0097367,0.14502,carbohydrate derivative binding
tr|B2YK70|B2YK70_9BACT,GO:0005524,0.14374,ATP binding
tr|B2YK70|B2YK70_9BACT,GO:0032553,0.14270,ribonucleotide binding
tr|B2YK70|B2YK70_9BACT,GO:0032555,0.14160,purine ribonucleotide binding
tr|B2YK70|B2YK70_9BACT,GO:0035639,0.13753,purine ribonucleoside triphosphate binding
tr|B3E2Z7|B3E2Z7_TRIL1,GO:0140096,0.10956,"catalytic activity, acting on a protein"
tr|B3E2Z7|B3E2Z7_TRIL1,GO:0097367,0.10382,carbohydrate derivative binding
sp|B3E7U1|RS3_TRIL1,GO:0003735,0.99965,structural constituent of ribosome
sp|B3E7U1|RS3_TRIL1,GO:0005198,0.99857,structural molecule activity
sp|B3E7U1|RS3_TRIL1,GO:0019843,0.99777,rRNA binding
sp|B3E7U1|RS3_TRIL1,GO:0003723,0.99723,RNA binding
sp|B3E7U1|RS3_TRIL1,GO:0003729,0.71887,mRNA binding
tr|B3E8W6|B3E8W6_TRIL1,GO:0140096,0.10455,"catalytic activity, acting on a protein"
tr|B3G2A2|B3G2A2_PSEAI,GO:0050660,0.59539,flavin adenine dinucleotide binding
tr|B3G2A2|B3G2A2_PSEAI,GO:0050661,0.14070,NADP binding
tr|B3G2A2|B3G2A2_PSEAI,GO:0016627,0.11694,"oxidoreductase activity, acting on the CH-CH group of donors"
tr|A0A384LNN1|A0A384LNN1_PLAKH,GO:0097367,0.27866,carbohydrate derivative binding
tr|A0A384LNN1|A0A384LNN1_PLAKH,GO:0032553,0.20313,ribonucleotide binding
tr|A0A384LNN1|A0A384LNN1_PLAKH,GO:0017076,0.19034,purine nucleotide binding
tr|A0A384LNN1|A0A384LNN1_PLAKH,GO:0035639,0.18735,purine ribonucleoside triphosphate binding
tr|A0A384LNN1|A0A384LNN1_PLAKH,GO:0032555,0.18663,purine ribonucleotide binding
sp|B3QSH8|MDH_CHLT3,GO:0016614,0.76319,"oxidoreductase activity, acting on CH-OH group of donors"
sp|B3QSH8|MDH_CHLT3,GO:0016616,0.75904,"oxidoreductase activity, acting on the CH-OH group of donors, NAD or NADP as acceptor"
sp|B3QSH8|MDH_CHLT3,GO:0016615,0.16231,malate dehydrogenase activity
sp|B3QSH8|MDH_CHLT3,GO:0051287,0.15758,NAD binding
sp|B3QSH8|MDH_CHLT3,GO:0030060,0.15674,L-malate dehydrogenase activity
tr|B4CVQ4|B4CVQ4_9BACT,GO:0097367,0.11997,carbohydrate derivative binding
tr|B4CVQ4|B4CVQ4_9BACT,GO:0008233,0.10957,peptidase activity
tr|B4S6Z2|B4S6Z2_PROA2,GO:0097367,0.79359,carbohydrate derivative binding
tr|B4S6Z2|B4S6Z2_PROA2,GO:0032553,0.72344,ribonucleotide binding
tr|B4S6Z2|B4S6Z2_PROA2,GO:0035639,0.71298,purine ribonucleoside triphosphate binding
tr|B4S6Z2|B4S6Z2_PROA2,GO:0032555,0.71016,purine ribonucleotide binding
tr|B4S6Z2|B4S6Z2_PROA2,GO:0017076,0.68446,purine nucleotide binding
tr|B4S6Z2|B4S6Z2_PROA2,GO:0032559,0.35862,adenyl ribonucleotide binding
tr|B4S6Z2|B4S6Z2_PROA2,GO:0005524,0.35668,ATP binding
tr|B4S6Z2|B4S6Z2_PROA2,GO:0030554,0.33167,adenyl nucleotide binding
tr|B4Y5E5|B4Y5E5_9ORYZ,GO:0032553,0.96164,ribonucleotide binding
tr|B4Y5E5|B4Y5E5_9ORYZ,GO:0032555,0.96131,purine ribonucleotide binding
tr|B4Y5E5|B4Y5E5_9ORYZ,GO:0035639,0.95995,purine ribonucleoside triphosphate binding
tr|B4Y5E5|B4Y5E5_9ORYZ,GO:0017076,0.95788,purine nucleotide binding
tr|B4Y5E5|B4Y5E5_9ORYZ,GO:0097367,0.95627,carbohydrate derivative binding
tr|B4Y5E5|B4Y5E5_9ORYZ,GO:0032559,0.73705,adenyl ribonucleotide binding
tr|B4Y5E5|B4Y5E5_9ORYZ,GO:0005524,0.73477,ATP binding
tr|B4Y5E5|B4Y5E5_9ORYZ,GO:0030554,0.71613,adenyl nucleotide binding
tr|B4Y5E5|B4Y5E5_9ORYZ,GO:0016462,0.31814,pyrophosphatase activity
tr|B4Y5E5|B4Y5E5_9ORYZ,GO:0016818,0.30086,"hydrolase activity, acting on acid anhydrides, in phosphorus-containing anhydrides"
tr|B4Y5E5|B4Y5E5_9ORYZ,GO:0016817,0.30065,"hydrolase activity, acting on acid anhydrides"
tr|B4Y5E5|B4Y5E5_9ORYZ,GO:0017111,0.27728,nucleoside-triphosphatase activity
tr|B4Y5E5|B4Y5E5_9ORYZ,GO:0016887,0.18656,ATPase activity
tr|B4Y5E5|B4Y5E5_9ORYZ,GO:0016772,0.10163,"transferase activity, transferring phosphorus-containing groups"
tr|B5EH99|B5EH99_CITBB,GO:0097367,0.10092,carbohydrate derivative binding
tr|B5EIK7|B5EIK7_CITBB,GO:0097367,0.21566,carbohydrate derivative binding
tr|B5EIK7|B5EIK7_CITBB,GO:0032555,0.19713,purine ribonucleotide binding
tr|B5EIK7|B5EIK7_CITBB,GO:0032553,0.19620,ribonucleotide binding
tr|B5EIK7|B5EIK7_CITBB,GO:0035639,0.19308,purine ribonucleoside triphosphate binding
tr|B5EIK7|B5EIK7_CITBB,GO:0017076,0.18617,purine nucleotide binding
tr|B5EIK7|B5EIK7_CITBB,GO:0032559,0.15204,adenyl ribonucleotide binding
tr|B5EIK7|B5EIK7_CITBB,GO:0005524,0.14894,ATP binding
tr|B5EIK7|B5EIK7_CITBB,GO:0030554,0.14371,adenyl nucleotide binding
tr|B5EIK7|B5EIK7_CITBB,GO:0000287,0.10575,magnesium ion binding
tr|B5EIT2|B5EIT2_CITBB,GO:0016798,0.11814,"hydrolase activity, acting on glycosyl bonds"
tr|B5JJF7|B5JJF7_9BACT,GO:0097367,0.17333,carbohydrate derivative binding
tr|B5JJF7|B5JJF7_9BACT,GO:0032553,0.14624,ribonucleotide binding
tr|B5JJF7|B5JJF7_9BACT,GO:0032555,0.13139,purine ribonucleotide binding
tr|B5JJF7|B5JJF7_9BACT,GO:0035639,0.12693,purine ribonucleoside triphosphate binding
tr|B5JJF7|B5JJF7_9BACT,GO:0017076,0.11893,purine nucleotide binding
tr|B5YFG4|B5YFG4_DICT6,GO:0016620,0.99648,"oxidoreductase activity, acting on the aldehyde or oxo group of donors, NAD or NADP as acceptor"
tr|B5YFG4|B5YFG4_DICT6,GO:0016903,0.99467,"oxidoreductase activity, acting on the aldehyde or oxo group of donors"
tr|B5YFG4|B5YFG4_DICT6,GO:0050661,0.90431,NADP binding
tr|B5YFG4|B5YFG4_DICT6,GO:0051287,0.89050,NAD binding
tr|B5YFG4|B5YFG4_DICT6,GO:0043891,0.56031,glyceraldehyde-3-phosphate dehydrogenase (NAD(P)+) (phosphorylating) activity
tr|B5YFG4|B5YFG4_DICT6,GO:0004365,0.52370,glyceraldehyde-3-phosphate dehydrogenase (NAD+) (phosphorylating) activity
tr|B5YL88|B5YL88_THEYD,GO:0097367,0.13847,carbohydrate derivative binding
tr|B5YL88|B5YL88_THEYD,GO:0032553,0.11373,ribonucleotide binding
tr|B6BGJ6|B6BGJ6_SULGG,GO:0032559,0.41197,adenyl ribonucleotide binding
tr|B6BGJ6|B6BGJ6_SULGG,GO:0005524,0.40752,ATP binding
tr|B6BGJ6|B6BGJ6_SULGG,GO:0030554,0.40660,adenyl nucleotide binding
tr|B6BGJ6|B6BGJ6_SULGG,GO:0032555,0.40430,purine ribonucleotide binding
tr|B6BGJ6|B6BGJ6_SULGG,GO:0017076,0.39813,purine nucleotide binding
tr|B6BGJ6|B6BGJ6_SULGG,GO:0035639,0.39251,purine ribonucleoside triphosphate binding
tr|B6BGJ6|B6BGJ6_SULGG,GO:0032553,0.37450,ribonucleotide binding
tr|B6BGJ6|B6BGJ6_SULGG,GO:0097367,0.37059,carbohydrate derivative binding
tr|B6BGJ6|B6BGJ6_SULGG,GO:0016772,0.24460,"transferase activity, transferring phosphorus-containing groups"
tr|B6BGJ6|B6BGJ6_SULGG,GO:0140096,0.22471,"catalytic activity, acting on a protein"
tr|B6BGJ6|B6BGJ6_SULGG,GO:0003677,0.14950,DNA binding
tr|B6BGJ6|B6BGJ6_SULGG,GO:0016301,0.13225,kinase activity
tr|B6BGJ6|B6BGJ6_SULGG,GO:0016775,0.12495,"phosphotransferase activity, nitrogenous group as acceptor"
tr|B6BGJ6|B6BGJ6_SULGG,GO:0016773,0.11545,"phosphotransferase activity, alcohol group as acceptor"
tr|B6BGJ6|B6BGJ6_SULGG,GO:0004672,0.11368,protein kinase activity
tr|B6BGJ6|B6BGJ6_SULGG,GO:0016462,0.10859,pyrophosphatase activity
tr|B6BGJ6|B6BGJ6_SULGG,GO:0016817,0.10208,"hydrolase activity, acting on acid anhydrides"
tr|B6BGJ6|B6BGJ6_SULGG,GO:0016818,0.10202,"hydrolase activity, acting on acid anhydrides, in phosphorus-containing anhydrides"
tr|B6BMC3|B6BMC3_SULGG,GO:0017076,0.99894,purine nucleotide binding
tr|B6BMC3|B6BMC3_SULGG,GO:0032555,0.99888,purine ribonucleotide binding
tr|B6BMC3|B6BMC3_SULGG,GO:0032553,0.99888,ribonucleotide binding
tr|B6BMC3|B6BMC3_SULGG,GO:0035639,0.99886,purine ribonucleoside triphosphate binding
tr|B6BMC3|B6BMC3_SULGG,GO:0097367,0.99880,carbohydrate derivative binding
tr|B6BMC3|B6BMC3_SULGG,GO:0032549,0.90507,ribonucleoside binding
tr|B6BMC3|B6BMC3_SULGG,GO:0001882,0.90266,nucleoside binding
tr|B6BMC3|B6BMC3_SULGG,GO:0032550,0.90043,purine ribonucleoside binding
tr|B6BMC3|B6BMC3_SULGG,GO:0005525,0.89902,GTP binding
tr|B6BMC3|B6BMC3_SULGG,GO:0001883,0.89847,purine nucleoside binding
tr|B6BMC3|B6BMC3_SULGG,GO:0017111,0.89828,nucleoside-triphosphatase activity
tr|B6BMC3|B6BMC3_SULGG,GO:0019001,0.88941,guanyl nucleotide binding
tr|B6BMC3|B6BMC3_SULGG,GO:0032561,0.88760,guanyl ribonucleotide binding
tr|B6BMC3|B6BMC3_SULGG,GO:0016462,0.87098,pyrophosphatase activity
tr|B6BMC3|B6BMC3_SULGG,GO:0016818,0.86582,"hydrolase activity, acting on acid anhydrides, in phosphorus-containing anhydrides"
tr|B6BMC3|B6BMC3_SULGG,GO:0016817,0.86575,"hydrolase activity, acting on acid anhydrides"
tr|B6BMC3|B6BMC3_SULGG,GO:0003924,0.55484,GTPase activity
tr|B6BMC3|B6BMC3_SULGG,GO:0030554,0.39111,adenyl nucleotide binding
tr|B6BMC3|B6BMC3_SULGG,GO:0032559,0.38594,adenyl ribonucleotide binding
tr|B6BMC3|B6BMC3_SULGG,GO:0005524,0.37973,ATP binding
tr|B6BMC3|B6BMC3_SULGG,GO:0003723,0.16616,RNA binding
tr|B7KGG6|B7KGG6_GLOC7,GO:0008233,0.26985,peptidase activity
tr|B7KGG6|B7KGG6_GLOC7,GO:0140096,0.25488,"catalytic activity, acting on a protein"
tr|B7KGG6|B7KGG6_GLOC7,GO:0004553,0.18404,"hydrolase activity, hydrolyzing O-glycosyl compounds"
tr|B7KGG6|B7KGG6_GLOC7,GO:0016798,0.18128,"hydrolase activity, acting on glycosyl bonds"
tr|B7KGG6|B7KGG6_GLOC7,GO:0008236,0.12375,serine-type peptidase activity
tr|B7KGG6|B7KGG6_GLOC7,GO:0017171,0.12374,serine hydrolase activity
tr|B7KGG6|B7KGG6_GLOC7,GO:0004175,0.10055,endopeptidase activity
tr|B7KIF9|B7KIF9_GLOC7,GO:0140096,0.13404,"catalytic activity, acting on a protein"
tr|B7KIF9|B7KIF9_GLOC7,GO:0003677,0.13083,DNA binding
tr|B7KIF9|B7KIF9_GLOC7,GO:0016788,0.11390,"hydrolase activity, acting on ester bonds"
sp|B7N7Q5|DAPB_ECOLU,GO:0008839,0.99238,4-hydroxy-tetrahydrodipicolinate reductase
sp|B7N7Q5|DAPB_ECOLU,GO:0016628,0.99180,"oxidoreductase activity, acting on the CH-CH group of donors, NAD or NADP as acceptor"
sp|B7N7Q5|DAPB_ECOLU,GO:0016726,0.99107,"oxidoreductase activity, acting on CH or CH2 groups, NAD or NADP as acceptor"
sp|B7N7Q5|DAPB_ECOLU,GO:0016627,0.98518,"oxidoreductase activity, acting on the CH-CH group of donors"
sp|B7N7Q5|DAPB_ECOLU,GO:0051287,0.97757,NAD binding
sp|B7N7Q5|DAPB_ECOLU,GO:0016725,0.97549,"oxidoreductase activity, acting on CH or CH2 groups"
sp|B7N7Q5|DAPB_ECOLU,GO:0050661,0.94956,NADP binding
tr|B7NFN9|B7NFN9_ECOLU,GO:0097367,0.43295,carbohydrate derivative binding
tr|B7NFN9|B7NFN9_ECOLU,GO:0032553,0.42390,ribonucleotide binding
tr|B7NFN9|B7NFN9_ECOLU,GO:0032555,0.41653,purine ribonucleotide binding
tr|B7NFN9|B7NFN9_ECOLU,GO:0017076,0.41627,purine nucleotide binding
tr|B7NFN9|B7NFN9_ECOLU,GO:0035639,0.41134,purine ribonucleoside triphosphate binding
tr|B7NFN9|B7NFN9_ECOLU,GO:0032559,0.28621,adenyl ribonucleotide binding
tr|B7NFN9|B7NFN9_ECOLU,GO:0030554,0.28602,adenyl nucleotide binding
tr|B7NFN9|B7NFN9_ECOLU,GO:0005524,0.28287,ATP binding
tr|B7NFN9|B7NFN9_ECOLU,GO:0016772,0.21036,"transferase activity, transferring phosphorus-containing groups"
tr|B7NFN9|B7NFN9_ECOLU,GO:0016301,0.10923,kinase activity
tr|B7PPD6|B7PPD6_IXOSC,GO:0097367,0.15410,carbohydrate derivative binding
tr|B7PPD6|B7PPD6_IXOSC,GO:0032553,0.13809,ribonucleotide binding
tr|B7PPD6|B7PPD6_IXOSC,GO:0032555,0.12326,purine ribonucleotide binding
tr|B7PPD6|B7PPD6_IXOSC,GO:0035639,0.12055,purine ribonucleoside triphosphate binding
tr|B7PPD6|B7PPD6_IXOSC,GO:0017076,0.11642,purine nucleotide binding
tr|B7PPD6|B7PPD6_IXOSC,GO:0032559,0.10927,adenyl ribonucleotide binding
tr|B7PPD6|B7PPD6_IXOSC,GO:0005524,0.10774,ATP binding
tr|B7PPD6|B7PPD6_IXOSC,GO:0140096,0.10543,"catalytic activity, acting on a protein"
tr|B7PPD6|B7PPD6_IXOSC,GO:0030554,0.10363,adenyl nucleotide binding
tr|B8ANZ8|B8ANZ8_ORYSI,GO:0140096,0.15031,"catalytic activity, acting on a protein"
tr|B8DYN4|B8DYN4_DICTD,GO:0051540,0.49908,metal cluster binding
tr|B8DYN4|B8DYN4_DICTD,GO:0051536,0.49867,iron-sulfur cluster binding
tr|B8DYN4|B8DYN4_DICTD,GO:0051539,0.41070,"4 iron, 4 sulfur cluster binding"
tr|B8DYN4|B8DYN4_DICTD,GO:0046914,0.21385,transition metal ion binding
tr|B8DYN4|B8DYN4_DICTD,GO:0008270,0.10757,zinc ion binding
tr|B8DZR4|B8DZR4_DICTD,GO:0097367,0.10002,carbohydrate derivative binding
tr|B8FDP0|B8FDP0_DESAL,GO:0016829,0.16097,lyase activity
tr|B8FDP0|B8FDP0_DESAL,GO:0140096,0.14475,"catalytic activity, acting on a protein"
tr|B8FDP0|B8FDP0_DESAL,GO:0016853,0.14108,isomerase activity
tr|B8FJZ5|B8FJZ5_DESAL,GO:0003723,0.14261,RNA binding
tr|B8FKZ3|B8FKZ3_DESAL,GO:0097367,0.12522,carbohydrate derivative binding
tr|B8FKZ3|B8FKZ3_DESAL,GO:0016798,0.10985,"hydrolase activity, acting on glycosyl bonds"
tr|B8FKZ3|B8FKZ3_DESAL,GO:0004553,0.10245,"hydrolase activity, hydrolyzing O-glycosyl compounds"
tr|B8FN40|B8FN40_DESAL,GO:0097367,0.22137,carbohydrate derivative binding
tr|B8FN40|B8FN40_DESAL,GO:0032553,0.15173,ribonucleotide binding
tr|B8FN40|B8FN40_DESAL,GO:0032555,0.13766,purine ribonucleotide binding
tr|B8FN40|B8FN40_DESAL,GO:0035639,0.13678,purine ribonucleoside triphosphate binding
tr|B8FN40|B8FN40_DESAL,GO:0017076,0.12855,purine nucleotide binding
tr|B8FNQ1|B8FNQ1_DESAL,GO:0016798,0.19658,"hydrolase activity, acting on glycosyl bonds"
tr|B8FNQ1|B8FNQ1_DESAL,GO:0004553,0.19538,"hydrolase activity, hydrolyzing O-glycosyl compounds"
sp|B8GDH2|MCH_METPE,GO:0016810,0.39082,"hydrolase activity, acting on carbon-nitrogen (but not peptide) bonds"
sp|B8GDH2|MCH_METPE,GO:0016814,0.16184,"hydrolase activity, acting on carbon-nitrogen (but not peptide) bonds, in cyclic amidines"
sp|B8GDH2|MCH_METPE,GO:0046914,0.10947,transition metal ion binding
sp|B8GDH2|MCH_METPE,GO:0016829,0.10099,lyase activity
tr|B8GE86|B8GE86_METPE,GO:0140096,0.10198,"catalytic activity, acting on a protein"
tr|B8GE89|B8GE89_METPE,GO:0097367,0.14072,carbohydrate derivative binding
tr|B8GE89|B8GE89_METPE,GO:0032553,0.11184,ribonucleotide binding
tr|B8GEJ2|B8GEJ2_METPE,GO:0008233,0.10456,peptidase activity
sp|B8GEZ3|PSA_METPE,GO:0008233,0.80701,peptidase activity
sp|B8GEZ3|PSA_METPE,GO:0140096,0.78241,"catalytic activity, acting on a protein"
sp|B8GEZ3|PSA_METPE,GO:0004175,0.73449,endopeptidase activity
sp|B8GEZ3|PSA_METPE,GO:0004298,0.61627,threonine-type endopeptidase activity
sp|B8GEZ3|PSA_METPE,GO:0070003,0.60744,threonine-type peptidase activity
sp|B8GEZ3|PSA_METPE,GO:0046914,0.10635,transition metal ion binding
tr|B8GI77|B8GI77_METPE,GO:0032559,0.91679,adenyl ribonucleotide binding
tr|B8GI77|B8GI77_METPE,GO:0005524,0.91674,ATP binding
tr|B8GI77|B8GI77_METPE,GO:0097367,0.91318,carbohydrate derivative binding
tr|B8GI77|B8GI77_METPE,GO:0032553,0.91181,ribonucleotide binding
tr|B8GI77|B8GI77_METPE,GO:0030554,0.90982,adenyl nucleotide binding
tr|B8GI77|B8GI77_METPE,GO:0035639,0.90909,purine ribonucleoside triphosphate binding
tr|B8GI77|B8GI77_METPE,GO:0032555,0.90818,purine ribonucleotide binding
tr|B8GI77|B8GI77_METPE,GO:0017076,0.90040,purine nucleotide binding
tr|B8GI77|B8GI77_METPE,GO:0051082,0.28307,unfolded protein binding
sp|B8GIQ3|EF1A_METPE,GO:0032550,1.00000,purine ribonucleoside binding
sp|B8GIQ3|EF1A_METPE,GO:0005525,1.00000,GTP binding
sp|B8GIQ3|EF1A_METPE,GO:0001883,1.00000,purine nucleoside binding
sp|B8GIQ3|EF1A_METPE,GO:0032549,1.00000,ribonucleoside binding
sp|B8GIQ3|EF1A_METPE,GO:0019001,1.00000,guanyl nucleotide binding
sp|B8GIQ3|EF1A_METPE,GO:0001882,1.00000,nucleoside binding
sp|B8GIQ3|EF1A_METPE,GO:0032561,0.99999,guanyl ribonucleotide binding
sp|B8GIQ3|EF1A_METPE,GO:0003924,0.99996,GTPase activity
sp|B8GIQ3|EF1A_METPE,GO:0032553,0.99991,ribonucleotide binding
sp|B8GIQ3|EF1A_METPE,GO:0097367,0.99987,carbohydrate derivative binding
sp|B8GIQ3|EF1A_METPE,GO:0016818,0.99980,"hydrolase activity, acting on acid anhydrides, in phosphorus-containing anhydrides"
sp|B8GIQ3|EF1A_METPE,GO:0016817,0.99980,"hydrolase activity, acting on acid anhydrides"
sp|B8GIQ3|EF1A_METPE,GO:0035639,0.99975,purine ribonucleoside triphosphate binding
sp|B8GIQ3|EF1A_METPE,GO:0016462,0.99975,pyrophosphatase activity
sp|B8GIQ3|EF1A_METPE,GO:0017076,0.99974,purine nucleotide binding
sp|B8GIQ3|EF1A_METPE,GO:0032555,0.99974,purine ribonucleotide binding
sp|B8GIQ3|EF1A_METPE,GO:0017111,0.99941,nucleoside-triphosphatase activity
sp|B8GIQ3|EF1A_METPE,GO:0008135,0.99856,"translation factor activity, RNA binding"
sp|B8GIQ3|EF1A_METPE,GO:0090079,0.99853,"translation regulator activity, nucleic acid binding"
sp|B8GIQ3|EF1A_METPE,GO:0045182,0.99850,translation regulator activity
sp|B8GIQ3|EF1A_METPE,GO:0003723,0.99524,RNA binding
sp|B8GIQ3|EF1A_METPE,GO:0003746,0.97151,translation elongation factor activity
sp|B8GJQ7|MTD_METPE,GO:0003723,0.11541,RNA binding
tr|B8J2S0|B8J2S0_DESDA,GO:0046914,0.10486,transition metal ion binding
tr|B9DZY1|B9DZY1_CLOK1,GO:0003735,0.34582,structural constituent of ribosome
tr|B9DZY1|B9DZY1_CLOK1,GO:0019843,0.29568,rRNA binding
tr|B9DZY1|B9DZY1_CLOK1,GO:0005198,0.26941,structural molecule activity
tr|B9DZY1|B9DZY1_CLOK1,GO:0003723,0.26850,RNA binding
tr|B9K9Q1|B9K9Q1_THENN,GO:0003735,0.27759,structural constituent of ribosome
tr|B9K9Q1|B9K9Q1_THENN,GO:0005198,0.21950,structural molecule activity
tr|B9K9Q1|B9K9Q1_THENN,GO:0003723,0.20115,RNA binding
tr|B9K9Q1|B9K9Q1_THENN,GO:0019843,0.14646,rRNA binding
tr|B9K9Q1|B9K9Q1_THENN,GO:0003677,0.10173,DNA binding
sp|B9LZ84|ATPB_GEODF,GO:0015078,0.99999,proton transmembrane transporter activity
sp|B9LZ84|ATPB_GEODF,GO:0046933,0.99999,"proton-transporting ATP synthase activity, rotational mechanism"
sp|B9LZ84|ATPB_GEODF,GO:0015252,0.99999,proton channel activity
sp|B9LZ84|ATPB_GEODF,GO:0035639,0.99999,purine ribonucleoside triphosphate binding
sp|B9LZ84|ATPB_GEODF,GO:0032555,0.99999,purine ribonucleotide binding
sp|B9LZ84|ATPB_GEODF,GO:0017076,0.99999,purine nucleotide binding
sp|B9LZ84|ATPB_GEODF,GO:0032553,0.99999,ribonucleotide binding
sp|B9LZ84|ATPB_GEODF,GO:0097367,0.99999,carbohydrate derivative binding
sp|B9LZ84|ATPB_GEODF,GO:0022890,0.99997,inorganic cation transmembrane transporter activity
sp|B9LZ84|ATPB_GEODF,GO:0008324,0.99997,cation transmembrane transporter activity
sp|B9LZ84|ATPB_GEODF,GO:0015318,0.99996,inorganic molecular entity transmembrane transporter activity
sp|B9LZ84|ATPB_GEODF,GO:0015075,0.99996,ion transmembrane transporter activity
sp|B9LZ84|ATPB_GEODF,GO:0005261,0.99996,cation channel activity
sp|B9LZ84|ATPB_GEODF,GO:0022857,0.99996,transmembrane transporter activity
sp|B9LZ84|ATPB_GEODF,GO:0005524,0.99995,ATP binding
sp|B9LZ84|ATPB_GEODF,GO:0032559,0.99995,adenyl ribonucleotide binding
sp|B9LZ84|ATPB_GEODF,GO:0005215,0.99994,transporter activity
sp|B9LZ84|ATPB_GEODF,GO:0030554,0.99994,adenyl nucleotide binding
sp|B9LZ84|ATPB_GEODF,GO:0005216,0.99993,ion channel activity
sp|B9LZ84|ATPB_GEODF,GO:0022803,0.99991,passive transmembrane transporter activity
sp|B9LZ84|ATPB_GEODF,GO:0015267,0.99991,channel activity
sp|B9LZ84|ATPB_GEODF,GO:0016874,0.99966,ligase activity
tr|B9M238|B9M238_GEODF,GO:0003723,0.13172,RNA binding
tr|B9M238|B9M238_GEODF,GO:0097367,0.10771,carbohydrate derivative binding
sp|B9M357|DNAK_GEODF,GO:0017076,0.99991,purine nucleotide binding
sp|B9M357|DNAK_GEODF,GO:0030554,0.99989,adenyl nucleotide binding
sp|B9M357|DNAK_GEODF,GO:0032553,0.99987,ribonucleotide binding
sp|B9M357|DNAK_GEODF,GO:0035639,0.99987,purine ribonucleoside triphosphate binding
sp|B9M357|DNAK_GEODF,GO:0032555,0.99986,purine ribonucleotide binding
sp|B9M357|DNAK_GEODF,GO:0005524,0.99982,ATP binding
sp|B9M357|DNAK_GEODF,GO:0097367,0.99982,carbohydrate derivative binding
sp|B9M357|DNAK_GEODF,GO:0032559,0.99982,adenyl ribonucleotide binding
sp|B9M357|DNAK_GEODF,GO:0051082,0.98075,unfolded protein binding
tr|B9M518|B9M518_GEODF,GO:0003735,0.25881,structural constituent of ribosome
tr|B9M518|B9M518_GEODF,GO:0005198,0.22692,structural molecule activity
tr|B9M518|B9M518_GEODF,GO:0003723,0.21699,RNA binding
tr|B9M518|B9M518_GEODF,GO:0003677,0.18051,DNA binding
tr|B9M518|B9M518_GEODF,GO:0019843,0.13474,rRNA binding
tr|B9M5V5|B9M5V5_GEODF,GO:0035639,0.65491,purine ribonucleoside triphosphate binding
tr|B9M5V5|B9M5V5_GEODF,GO:0097367,0.65458,carbohydrate derivative binding
tr|B9M5V5|B9M5V5_GEODF,GO:0032555,0.65264,purine ribonucleotide binding
tr|B9M5V5|B9M5V5_GEODF,GO:0032553,0.64746,ribonucleotide binding
tr|B9M5V5|B9M5V5_GEODF,GO:0017076,0.64341,purine nucleotide binding
tr|B9M5V5|B9M5V5_GEODF,GO:0005524,0.49793,ATP binding
tr|B9M5V5|B9M5V5_GEODF,GO:0032559,0.49518,adenyl ribonucleotide binding
tr|B9M5V5|B9M5V5_GEODF,GO:0030554,0.48577,adenyl nucleotide binding
tr|B9M5V5|B9M5V5_GEODF,GO:0016874,0.13256,ligase activity
tr|B9M8V6|B9M8V6_GEODF,GO:0097367,0.14402,carbohydrate derivative binding
tr|B9M8V6|B9M8V6_GEODF,GO:0032553,0.12135,ribonucleotide binding
tr|B9M8V6|B9M8V6_GEODF,GO:0017076,0.10040,purine nucleotide binding
tr|B9M8Z8|B9M8Z8_GEODF,GO:0097367,0.11439,carbohydrate derivative binding
tr|B9M981|B9M981_GEODF,GO:0097367,0.16668,carbohydrate derivative binding
tr|B9M981|B9M981_GEODF,GO:0032553,0.14894,ribonucleotide binding
tr|B9M981|B9M981_GEODF,GO:0017076,0.12334,purine nucleotide binding
tr|B9M981|B9M981_GEODF,GO:0032555,0.12198,purine ribonucleotide binding
tr|B9M981|B9M981_GEODF,GO:0035639,0.11781,purine ribonucleoside triphosphate binding
tr|B9M981|B9M981_GEODF,GO:0030554,0.11731,adenyl nucleotide binding
tr|B9M981|B9M981_GEODF,GO:0032559,0.11542,adenyl ribonucleotide binding
tr|B9M981|B9M981_GEODF,GO:0005524,0.11159,ATP binding
tr|B9M982|B9M982_GEODF,GO:0097367,0.20281,carbohydrate derivative binding
tr|B9M982|B9M982_GEODF,GO:0032553,0.18430,ribonucleotide binding
tr|B9M982|B9M982_GEODF,GO:0016829,0.13089,lyase activity
tr|B9M982|B9M982_GEODF,GO:0032555,0.12802,purine ribonucleotide binding
tr|B9M982|B9M982_GEODF,GO:0035639,0.12447,purine ribonucleoside triphosphate binding
tr|B9M982|B9M982_GEODF,GO:0017076,0.11820,purine nucleotide binding
tr|B9M982|B9M982_GEODF,GO:0051536,0.10166,iron-sulfur cluster binding
tr|B9M982|B9M982_GEODF,GO:0051540,0.10162,metal cluster binding
sp|B9MQH1|EFTU_CALBD,GO:0032550,1.00000,purine ribonucleoside binding
sp|B9MQH1|EFTU_CALBD,GO:0032549,1.00000,ribonucleoside binding
sp|B9MQH1|EFTU_CALBD,GO:0019001,1.00000,guanyl nucleotide binding
sp|B9MQH1|EFTU_CALBD,GO:0032561,1.00000,guanyl ribonucleotide binding
sp|B9MQH1|EFTU_CALBD,GO:0005525,1.00000,GTP binding
sp|B9MQH1|EFTU_CALBD,GO:0001883,1.00000,purine nucleoside binding
sp|B9MQH1|EFTU_CALBD,GO:0001882,1.00000,nucleoside binding
sp|B9MQH1|EFTU_CALBD,GO:0003924,1.00000,GTPase activity
sp|B9MQH1|EFTU_CALBD,GO:0016818,1.00000,"hydrolase activity, acting on acid anhydrides, in phosphorus-containing anhydrides"
sp|B9MQH1|EFTU_CALBD,GO:0016817,1.00000,"hydrolase activity, acting on acid anhydrides"
sp|B9MQH1|EFTU_CALBD,GO:0016462,1.00000,pyrophosphatase activity
sp|B9MQH1|EFTU_CALBD,GO:0032553,0.99999,ribonucleotide binding
sp|B9MQH1|EFTU_CALBD,GO:0097367,0.99999,carbohydrate derivative binding
sp|B9MQH1|EFTU_CALBD,GO:0017111,0.99999,nucleoside-triphosphatase activity
sp|B9MQH1|EFTU_CALBD,GO:0017076,0.99999,purine nucleotide binding
sp|B9MQH1|EFTU_CALBD,GO:0035639,0.99999,purine ribonucleoside triphosphate binding
sp|B9MQH1|EFTU_CALBD,GO:0032555,0.99999,purine ribonucleotide binding
sp|B9MQH1|EFTU_CALBD,GO:0008135,0.99999,"translation factor activity, RNA binding"
sp|B9MQH1|EFTU_CALBD,GO:0090079,0.99999,"translation regulator activity, nucleic acid binding"
sp|B9MQH1|EFTU_CALBD,GO:0045182,0.99999,translation regulator activity
sp|B9MQH1|EFTU_CALBD,GO:0003723,0.99955,RNA binding
sp|B9MQH1|EFTU_CALBD,GO:0003746,0.99942,translation elongation factor activity
tr|B9NM78|B9NM78_9RHOB,GO:0046914,0.19597,transition metal ion binding
tr|B9NM78|B9NM78_9RHOB,GO:0140096,0.11808,"catalytic activity, acting on a protein"
tr|B9NM78|B9NM78_9RHOB,GO:0003677,0.10413,DNA binding
tr|B9XA39|B9XA39_PEDPL,GO:0004553,0.14706,"hydrolase activity, hydrolyzing O-glycosyl compounds"
tr|B9XA39|B9XA39_PEDPL,GO:0016798,0.14281,"hydrolase activity, acting on glycosyl bonds"
tr|B9XB05|B9XB05_PEDPL,GO:0097367,0.35157,carbohydrate derivative binding
tr|B9XB05|B9XB05_PEDPL,GO:0032553,0.26323,ribonucleotide binding
tr|B9XB05|B9XB05_PEDPL,GO:0032555,0.18131,purine ribonucleotide binding
tr|B9XB05|B9XB05_PEDPL,GO:0035639,0.17731,purine ribonucleoside triphosphate binding
tr|B9XB05|B9XB05_PEDPL,GO:0017076,0.16154,purine nucleotide binding
tr|B9Y9G8|B9Y9G8_9FIRM,GO:0140096,0.15342,"catalytic activity, acting on a protein"
tr|B9Y9G8|B9Y9G8_9FIRM,GO:0016829,0.12923,lyase activity
tr|B9Z7Z2|B9Z7Z2_9NEIS,GO:0046906,0.95003,tetrapyrrole binding
tr|B9Z7Z2|B9Z7Z2_9NEIS,GO:0020037,0.92345,heme binding
tr|B9Z7Z2|B9Z7Z2_9NEIS,GO:0016209,0.89580,antioxidant activity
tr|B9Z7Z2|B9Z7Z2_9NEIS,GO:0004601,0.89513,peroxidase activity
tr|B9Z7Z2|B9Z7Z2_9NEIS,GO:0016684,0.89485,"oxidoreductase activity, acting on peroxide as acceptor"
tr|B9Z7Z2|B9Z7Z2_9NEIS,GO:0004096,0.84524,catalase activity
tr|C0GJ12|C0GJ12_DETAL,GO:0097367,0.10263,carbohydrate derivative binding
tr|C0GK72|C0GK72_DETAL,GO:0097367,0.13092,carbohydrate derivative binding
tr|C0GK72|C0GK72_DETAL,GO:0140096,0.12588,"catalytic activity, acting on a protein"
tr|C0GK72|C0GK72_DETAL,GO:0032553,0.11830,ribonucleotide binding
tr|C0GK72|C0GK72_DETAL,GO:0017076,0.10159,purine nucleotide binding
tr|C0GK72|C0GK72_DETAL,GO:0003677,0.10149,DNA binding
tr|C0GK72|C0GK72_DETAL,GO:0030554,0.10083,adenyl nucleotide binding
tr|C0GK72|C0GK72_DETAL,GO:0032555,0.10081,purine ribonucleotide binding
tr|C0Q8W2|C0Q8W2_DESAH,GO:0097367,0.14372,carbohydrate derivative binding
tr|C0Q8W2|C0Q8W2_DESAH,GO:0140096,0.12494,"catalytic activity, acting on a protein"
tr|C0Q8W2|C0Q8W2_DESAH,GO:0004553,0.12433,"hydrolase activity, hydrolyzing O-glycosyl compounds"
tr|C0Q8W2|C0Q8W2_DESAH,GO:0016798,0.11655,"hydrolase activity, acting on glycosyl bonds"
tr|C0Q8W2|C0Q8W2_DESAH,GO:0032553,0.11025,ribonucleotide binding
tr|C0Q8W2|C0Q8W2_DESAH,GO:0008233,0.10237,peptidase activity
tr|C0QDP4|C0QDP4_DESAH,GO:0051539,0.21784,"4 iron, 4 sulfur cluster binding"
tr|C0QDP4|C0QDP4_DESAH,GO:0051536,0.20410,iron-sulfur cluster binding
tr|C0QDP4|C0QDP4_DESAH,GO:0051540,0.20329,metal cluster binding
tr|C0QDP4|C0QDP4_DESAH,GO:0050660,0.18856,flavin adenine dinucleotide binding
tr|C0QFN5|C0QFN5_DESAH,GO:0030170,0.99123,pyridoxal phosphate binding
tr|C0QFN5|C0QFN5_DESAH,GO:0070279,0.99119,vitamin B6 binding
tr|C0QFN5|C0QFN5_DESAH,GO:0019842,0.98885,vitamin binding
tr|C0QFN5|C0QFN5_DESAH,GO:0008483,0.90996,transaminase activity
tr|C0QFN5|C0QFN5_DESAH,GO:0016769,0.90584,"transferase activity, transferring nitrogenous groups"
tr|C0QKY8|C0QKY8_DESAH,GO:0016798,0.10184,"hydrolase activity, acting on glycosyl bonds"
tr|C0QLM3|C0QLM3_DESAH,GO:0016788,0.15297,"hydrolase activity, acting on ester bonds"
tr|C0W1G5|C0W1G5_9ACTO,GO:0016620,0.99557,"oxidoreductase activity, acting on the aldehyde or oxo group of donors, NAD or NADP as acceptor"
tr|C0W1G5|C0W1G5_9ACTO,GO:0016903,0.99319,"oxidoreductase activity, acting on the aldehyde or oxo group of donors"
tr|C0W1G5|C0W1G5_9ACTO,GO:0050661,0.91135,NADP binding
tr|C0W1G5|C0W1G5_9ACTO,GO:0051287,0.84111,NAD binding
tr|C0W1G5|C0W1G5_9ACTO,GO:0043891,0.66585,glyceraldehyde-3-phosphate dehydrogenase (NAD(P)+) (phosphorylating) activity
tr|C0W1G5|C0W1G5_9ACTO,GO:0004365,0.63429,glyceraldehyde-3-phosphate dehydrogenase (NAD+) (phosphorylating) activity
sp|C1A6Q3|EFTU_GEMAT,GO:0032550,1.00000,purine ribonucleoside binding
sp|C1A6Q3|EFTU_GEMAT,GO:0032549,1.00000,ribonucleoside binding
sp|C1A6Q3|EFTU_GEMAT,GO:0019001,1.00000,guanyl nucleotide binding
sp|C1A6Q3|EFTU_GEMAT,GO:0032561,1.00000,guanyl ribonucleotide binding
sp|C1A6Q3|EFTU_GEMAT,GO:0005525,1.00000,GTP binding
sp|C1A6Q3|EFTU_GEMAT,GO:0001883,1.00000,purine nucleoside binding
sp|C1A6Q3|EFTU_GEMAT,GO:0001882,1.00000,nucleoside binding
sp|C1A6Q3|EFTU_GEMAT,GO:0003924,1.00000,GTPase activity
sp|C1A6Q3|EFTU_GEMAT,GO:0016818,1.00000,"hydrolase activity, acting on acid anhydrides, in phosphorus-containing anhydrides"
sp|C1A6Q3|EFTU_GEMAT,GO:0016817,1.00000,"hydrolase activity, acting on acid anhydrides"
sp|C1A6Q3|EFTU_GEMAT,GO:0016462,0.99999,pyrophosphatase activity
sp|C1A6Q3|EFTU_GEMAT,GO:0017111,0.99999,nucleoside-triphosphatase activity
sp|C1A6Q3|EFTU_GEMAT,GO:0032553,0.99996,ribonucleotide binding
sp|C1A6Q3|EFTU_GEMAT,GO:0097367,0.99995,carbohydrate derivative binding
sp|C1A6Q3|EFTU_GEMAT,GO:0008135,0.99994,"translation factor activity, RNA binding"
sp|C1A6Q3|EFTU_GEMAT,GO:0090079,0.99993,"translation regulator activity, nucleic acid binding"
sp|C1A6Q3|EFTU_GEMAT,GO:0045182,0.99993,translation regulator activity
sp|C1A6Q3|EFTU_GEMAT,GO:0035639,0.99993,purine ribonucleoside triphosphate binding
sp|C1A6Q3|EFTU_GEMAT,GO:0032555,0.99993,purine ribonucleotide binding
sp|C1A6Q3|EFTU_GEMAT,GO:0017076,0.99992,purine nucleotide binding
sp|C1A6Q3|EFTU_GEMAT,GO:0003723,0.99843,RNA binding
sp|C1A6Q3|EFTU_GEMAT,GO:0003746,0.99585,translation elongation factor activity
sp|C1A6Q3|EFTU_GEMAT,GO:0003743,0.11706,translation initiation factor activity
tr|C1ABZ7|C1ABZ7_GEMAT,GO:0097367,0.15498,carbohydrate derivative binding
tr|C1ABZ7|C1ABZ7_GEMAT,GO:0032553,0.12949,ribonucleotide binding
tr|C2FUK7|C2FUK7_SPHSI,GO:0016798,0.13061,"hydrolase activity, acting on glycosyl bonds"
tr|C2FUK7|C2FUK7_SPHSI,GO:0004553,0.13006,"hydrolase activity, hydrolyzing O-glycosyl compounds"
tr|C2FUK8|C2FUK8_SPHSI,GO:0097367,0.11103,carbohydrate derivative binding
tr|C3MBE6|C3MBE6_SINFN,GO:0097367,0.22411,carbohydrate derivative binding
tr|C3MBE6|C3MBE6_SINFN,GO:0032553,0.20182,ribonucleotide binding
tr|C3MBE6|C3MBE6_SINFN,GO:0032555,0.17434,purine ribonucleotide binding
tr|C3MBE6|C3MBE6_SINFN,GO:0035639,0.17414,purine ribonucleoside triphosphate binding
tr|C3MBE6|C3MBE6_SINFN,GO:0017076,0.16231,purine nucleotide binding
tr|C3MBE6|C3MBE6_SINFN,GO:0005524,0.14440,ATP binding
tr|C3MBE6|C3MBE6_SINFN,GO:0032559,0.14395,adenyl ribonucleotide binding
tr|C3MBE6|C3MBE6_SINFN,GO:0030554,0.13378,adenyl nucleotide binding
tr|C3QX03|C3QX03_9BACE,GO:0004553,0.16575,"hydrolase activity, hydrolyzing O-glycosyl compounds"
tr|C3QX03|C3QX03_9BACE,GO:0016798,0.16288,"hydrolase activity, acting on glycosyl bonds"
tr|C3QX03|C3QX03_9BACE,GO:0008233,0.12857,peptidase activity
tr|C3QX03|C3QX03_9BACE,GO:0140096,0.10517,"catalytic activity, acting on a protein"
tr|C3SBW8|C3SBW8_ECOLX,GO:0022857,0.11454,transmembrane transporter activity
tr|C3SBW8|C3SBW8_ECOLX,GO:0005215,0.11303,transporter activity
tr|C3SBW8|C3SBW8_ECOLX,GO:0015075,0.10990,ion transmembrane transporter activity
tr|C3SCN2|C3SCN2_ECOLX,GO:0016829,0.15901,lyase activity
tr|C3SKK2|C3SKK2_ECOLX,GO:0097367,0.13978,carbohydrate derivative binding
tr|C3SKK2|C3SKK2_ECOLX,GO:0032553,0.13591,ribonucleotide binding
tr|C3SKK2|C3SKK2_ECOLX,GO:0032555,0.12150,purine ribonucleotide binding
tr|C3SKK2|C3SKK2_ECOLX,GO:0017076,0.11841,purine nucleotide binding
tr|C3SKK2|C3SKK2_ECOLX,GO:0035639,0.11794,purine ribonucleoside triphosphate binding
tr|C3SM55|C3SM55_ECOLX,GO:0097367,0.11949,carbohydrate derivative binding
tr|C3T2Q2|C3T2Q2_ECOLX,GO:0016741,0.28024,"transferase activity, transferring one-carbon groups"
tr|C3T2Q2|C3T2Q2_ECOLX,GO:0016614,0.11260,"oxidoreductase activity, acting on CH-OH group of donors"
tr|C3T2Q2|C3T2Q2_ECOLX,GO:0140098,0.11165,"catalytic activity, acting on RNA"
tr|C3TFD2|C3TFD2_ECOLX,GO:0030554,0.37424,adenyl nucleotide binding
tr|C3TFD2|C3TFD2_ECOLX,GO:0032559,0.35215,adenyl ribonucleotide binding
tr|C3TFD2|C3TFD2_ECOLX,GO:0005524,0.34621,ATP binding
tr|C3TFD2|C3TFD2_ECOLX,GO:0017076,0.32863,purine nucleotide binding
tr|C3TFD2|C3TFD2_ECOLX,GO:0032553,0.32857,ribonucleotide binding
tr|C3TFD2|C3TFD2_ECOLX,GO:0097367,0.32308,carbohydrate derivative binding
tr|C3TFD2|C3TFD2_ECOLX,GO:0032555,0.30764,purine ribonucleotide binding
tr|C3TFD2|C3TFD2_ECOLX,GO:0035639,0.29773,purine ribonucleoside triphosphate binding
tr|C3UZB1|C3UZB1_9BACT,GO:0051540,0.68480,metal cluster binding
tr|C3UZB1|C3UZB1_9BACT,GO:0051536,0.68452,iron-sulfur cluster binding
tr|C3UZB1|C3UZB1_9BACT,GO:0051539,0.55639,"4 iron, 4 sulfur cluster binding"
tr|C3UZB1|C3UZB1_9BACT,GO:0046914,0.45651,transition metal ion binding
tr|C3UZB1|C3UZB1_9BACT,GO:0005506,0.20317,iron ion binding
tr|C3UZB1|C3UZB1_9BACT,GO:0009055,0.19251,electron transfer activity
tr|C3UZB1|C3UZB1_9BACT,GO:0140096,0.18745,"catalytic activity, acting on a protein"
tr|C3UZB1|C3UZB1_9BACT,GO:0008270,0.18195,zinc ion binding
tr|C3UZB1|C3UZB1_9BACT,GO:0016651,0.11066,"oxidoreductase activity, acting on NAD(P)H"
tr|C4N814|C4N814_BRAEL,GO:0097367,0.21565,carbohydrate derivative binding
tr|C4N814|C4N814_BRAEL,GO:0032553,0.18492,ribonucleotide binding
tr|C4N814|C4N814_BRAEL,GO:0030554,0.18431,adenyl nucleotide binding
tr|C4N814|C4N814_BRAEL,GO:0032559,0.17014,adenyl ribonucleotide binding
tr|C4N814|C4N814_BRAEL,GO:0005524,0.16596,ATP binding
tr|C4N814|C4N814_BRAEL,GO:0017076,0.16177,purine nucleotide binding
tr|C4N814|C4N814_BRAEL,GO:0032555,0.14869,purine ribonucleotide binding
tr|C4N814|C4N814_BRAEL,GO:0035639,0.14307,purine ribonucleoside triphosphate binding
tr|C4N814|C4N814_BRAEL,GO:0140096,0.10554,"catalytic activity, acting on a protein"
tr|C4V857|C4V857_VAIC1,GO:0003723,0.20888,RNA binding
tr|C4V857|C4V857_VAIC1,GO:0003677,0.13463,DNA binding
tr|C4ZEV3|C4ZEV3_AGARV,GO:0016301,0.98507,kinase activity
tr|C4ZEV3|C4ZEV3_AGARV,GO:0097367,0.98162,carbohydrate derivative binding
tr|C4ZEV3|C4ZEV3_AGARV,GO:0016773,0.98111,"phosphotransferase activity, alcohol group as acceptor"
tr|C4ZEV3|C4ZEV3_AGARV,GO:0035639,0.98030,purine ribonucleoside triphosphate binding
tr|C4ZEV3|C4ZEV3_AGARV,GO:0032555,0.98003,purine ribonucleotide binding
tr|C4ZEV3|C4ZEV3_AGARV,GO:0017076,0.97825,purine nucleotide binding
tr|C4ZEV3|C4ZEV3_AGARV,GO:0032553,0.97767,ribonucleotide binding
tr|C4ZEV3|C4ZEV3_AGARV,GO:0005524,0.97333,ATP binding
tr|C4ZEV3|C4ZEV3_AGARV,GO:0032559,0.97328,adenyl ribonucleotide binding
tr|C4ZEV3|C4ZEV3_AGARV,GO:0030554,0.97104,adenyl nucleotide binding
tr|C4ZEV3|C4ZEV3_AGARV,GO:0016772,0.96758,"transferase activity, transferring phosphorus-containing groups"
tr|C4ZEV3|C4ZEV3_AGARV,GO:0004672,0.92438,protein kinase activity
tr|C4ZEV3|C4ZEV3_AGARV,GO:0140096,0.90680,"catalytic activity, acting on a protein"
tr|C4ZEV3|C4ZEV3_AGARV,GO:0004674,0.20680,protein serine/threonine kinase activity
tr|C5M9C2|C5M9C2_CANTT,GO:0140096,0.18802,"catalytic activity, acting on a protein"
tr|C5M9C2|C5M9C2_CANTT,GO:0003677,0.10302,DNA binding
tr|C6E167|C6E167_GEOSM,GO:0008233,0.10972,peptidase activity
tr|C6E2K1|C6E2K1_GEOSM,GO:0097367,0.21145,carbohydrate derivative binding
tr|C6E2K1|C6E2K1_GEOSM,GO:0032553,0.19085,ribonucleotide binding
tr|C6E2K1|C6E2K1_GEOSM,GO:0032555,0.19010,purine ribonucleotide binding
tr|C6E2K1|C6E2K1_GEOSM,GO:0035639,0.18685,purine ribonucleoside triphosphate binding
tr|C6E2K1|C6E2K1_GEOSM,GO:0017076,0.18544,purine nucleotide binding
tr|C6E2K1|C6E2K1_GEOSM,GO:0032559,0.13855,adenyl ribonucleotide binding
tr|C6E2K1|C6E2K1_GEOSM,GO:0005524,0.13631,ATP binding
tr|C6E2K1|C6E2K1_GEOSM,GO:0030554,0.13559,adenyl nucleotide binding
tr|C6E2K1|C6E2K1_GEOSM,GO:0000287,0.11507,magnesium ion binding
tr|C6E2K1|C6E2K1_GEOSM,GO:0016829,0.10006,lyase activity
tr|C6E412|C6E412_GEOSM,GO:0097367,0.15247,carbohydrate derivative binding
tr|C6E412|C6E412_GEOSM,GO:0032553,0.14315,ribonucleotide binding
tr|C6E412|C6E412_GEOSM,GO:0032559,0.10155,adenyl ribonucleotide binding
tr|C6E4Q9|C6E4Q9_GEOSM,GO:0032550,1.00000,purine ribonucleoside binding
tr|C6E4Q9|C6E4Q9_GEOSM,GO:0032549,1.00000,ribonucleoside binding
tr|C6E4Q9|C6E4Q9_GEOSM,GO:0019001,1.00000,guanyl nucleotide binding
tr|C6E4Q9|C6E4Q9_GEOSM,GO:0032561,1.00000,guanyl ribonucleotide binding
tr|C6E4Q9|C6E4Q9_GEOSM,GO:0005525,1.00000,GTP binding
tr|C6E4Q9|C6E4Q9_GEOSM,GO:0001883,1.00000,purine nucleoside binding
tr|C6E4Q9|C6E4Q9_GEOSM,GO:0001882,1.00000,nucleoside binding
tr|C6E4Q9|C6E4Q9_GEOSM,GO:0003924,1.00000,GTPase activity
tr|C6E4Q9|C6E4Q9_GEOSM,GO:0016818,1.00000,"hydrolase activity, acting on acid anhydrides, in phosphorus-containing anhydrides"
tr|C6E4Q9|C6E4Q9_GEOSM,GO:0016817,1.00000,"hydrolase activity, acting on acid anhydrides"
tr|C6E4Q9|C6E4Q9_GEOSM,GO:0016462,1.00000,pyrophosphatase activity
tr|C6E4Q9|C6E4Q9_GEOSM,GO:0032553,1.00000,ribonucleotide binding
tr|C6E4Q9|C6E4Q9_GEOSM,GO:0097367,0.99999,carbohydrate derivative binding
tr|C6E4Q9|C6E4Q9_GEOSM,GO:0017111,0.99999,nucleoside-triphosphatase activity
tr|C6E4Q9|C6E4Q9_GEOSM,GO:0017076,0.99999,purine nucleotide binding
tr|C6E4Q9|C6E4Q9_GEOSM,GO:0035639,0.99999,purine ribonucleoside triphosphate binding
tr|C6E4Q9|C6E4Q9_GEOSM,GO:0032555,0.99999,purine ribonucleotide binding
tr|C6E4Q9|C6E4Q9_GEOSM,GO:0008135,0.99998,"translation factor activity, RNA binding"
tr|C6E4Q9|C6E4Q9_GEOSM,GO:0090079,0.99998,"translation regulator activity, nucleic acid binding"
tr|C6E4Q9|C6E4Q9_GEOSM,GO:0045182,0.99998,translation regulator activity
tr|C6E4Q9|C6E4Q9_GEOSM,GO:0003746,0.99959,translation elongation factor activity
tr|C6E4Q9|C6E4Q9_GEOSM,GO:0003723,0.99897,RNA binding
sp|C6E643|DNAK_GEOSM,GO:0017076,0.99985,purine nucleotide binding
sp|C6E643|DNAK_GEOSM,GO:0030554,0.99983,adenyl nucleotide binding
sp|C6E643|DNAK_GEOSM,GO:0035639,0.99979,purine ribonucleoside triphosphate binding
sp|C6E643|DNAK_GEOSM,GO:0032555,0.99978,purine ribonucleotide binding
sp|C6E643|DNAK_GEOSM,GO:0005524,0.99976,ATP binding
sp|C6E643|DNAK_GEOSM,GO:0032559,0.99976,adenyl ribonucleotide binding
sp|C6E643|DNAK_GEOSM,GO:0032553,0.99975,ribonucleotide binding
sp|C6E643|DNAK_GEOSM,GO:0097367,0.99965,carbohydrate derivative binding
sp|C6E643|DNAK_GEOSM,GO:0051082,0.98549,unfolded protein binding
tr|C6LB72|C6LB72_9FIRM,GO:0097367,0.37679,carbohydrate derivative binding
tr|C6LB72|C6LB72_9FIRM,GO:0032553,0.33748,ribonucleotide binding
tr|C6LB72|C6LB72_9FIRM,GO:0032559,0.25265,adenyl ribonucleotide binding
tr|C6LB72|C6LB72_9FIRM,GO:0032555,0.25233,purine ribonucleotide binding
tr|C6LB72|C6LB72_9FIRM,GO:0005524,0.24835,ATP binding
tr|C6LB72|C6LB72_9FIRM,GO:0035639,0.24680,purine ribonucleoside triphosphate binding
tr|C6LB72|C6LB72_9FIRM,GO:0030554,0.23725,adenyl nucleotide binding
tr|C6LB72|C6LB72_9FIRM,GO:0017076,0.23573,purine nucleotide binding
tr|C6LB72|C6LB72_9FIRM,GO:0016874,0.10129,ligase activity
tr|C6PW09|C6PW09_9CLOT,GO:0032553,0.96534,ribonucleotide binding
tr|C6PW09|C6PW09_9CLOT,GO:0032555,0.96167,purine ribonucleotide binding
tr|C6PW09|C6PW09_9CLOT,GO:0035639,0.96165,purine ribonucleoside triphosphate binding
tr|C6PW09|C6PW09_9CLOT,GO:0097367,0.95955,carbohydrate derivative binding
tr|C6PW09|C6PW09_9CLOT,GO:0017076,0.95702,purine nucleotide binding
tr|C6PW09|C6PW09_9CLOT,GO:0005524,0.94982,ATP binding
tr|C6PW09|C6PW09_9CLOT,GO:0032559,0.94968,adenyl ribonucleotide binding
tr|C6PW09|C6PW09_9CLOT,GO:0030554,0.94378,adenyl nucleotide binding
tr|C6PW09|C6PW09_9CLOT,GO:0140098,0.85146,"catalytic activity, acting on RNA"
tr|C6PW09|C6PW09_9CLOT,GO:0016874,0.76482,ligase activity
tr|C6PW09|C6PW09_9CLOT,GO:0140101,0.71607,"catalytic activity, acting on a tRNA"
tr|C6PW09|C6PW09_9CLOT,GO:0003723,0.62931,RNA binding
tr|C6PW09|C6PW09_9CLOT,GO:0004812,0.56186,aminoacyl-tRNA ligase activity
tr|C6PW09|C6PW09_9CLOT,GO:0016875,0.56165,"ligase activity, forming carbon-oxygen bonds"
tr|C6PW09|C6PW09_9CLOT,GO:0000049,0.45713,tRNA binding
tr|C6XKL1|C6XKL1_HIRBI,GO:0090079,0.97456,"translation regulator activity, nucleic acid binding"
tr|C6XKL1|C6XKL1_HIRBI,GO:0008135,0.97428,"translation factor activity, RNA binding"
tr|C6XKL1|C6XKL1_HIRBI,GO:0045182,0.97360,translation regulator activity
tr|C6XKL1|C6XKL1_HIRBI,GO:0003723,0.97062,RNA binding
tr|C6XKL1|C6XKL1_HIRBI,GO:0008079,0.83797,translation termination factor activity
tr|C6XKL1|C6XKL1_HIRBI,GO:0003747,0.83786,translation release factor activity
tr|C6Y1A5|C6Y1A5_PEDHD,GO:0140096,0.11185,"catalytic activity, acting on a protein"
tr|C7H507|C7H507_FAED2,GO:0004553,0.16214,"hydrolase activity, hydrolyzing O-glycosyl compounds"
tr|C7H507|C7H507_FAED2,GO:0016798,0.14239,"hydrolase activity, acting on glycosyl bonds"
tr|C7JA53|C7JA53_ORYSJ,GO:0097367,0.10666,carbohydrate derivative binding
tr|C7LP88|C7LP88_DESBD,GO:0097367,0.19234,carbohydrate derivative binding
tr|C7LP88|C7LP88_DESBD,GO:0140096,0.16987,"catalytic activity, acting on a protein"
tr|C7LP88|C7LP88_DESBD,GO:0032553,0.16318,ribonucleotide binding
tr|C7LP88|C7LP88_DESBD,GO:0032559,0.15424,adenyl ribonucleotide binding
tr|C7LP88|C7LP88_DESBD,GO:0005524,0.15395,ATP binding
tr|C7LP88|C7LP88_DESBD,GO:0032555,0.14761,purine ribonucleotide binding
tr|C7LP88|C7LP88_DESBD,GO:0035639,0.14717,purine ribonucleoside triphosphate binding
tr|C7LP88|C7LP88_DESBD,GO:0030554,0.14131,adenyl nucleotide binding
tr|C7LP88|C7LP88_DESBD,GO:0017076,0.13467,purine nucleotide binding
tr|C7LP88|C7LP88_DESBD,GO:0008233,0.11761,peptidase activity
tr|C7LP88|C7LP88_DESBD,GO:0046914,0.10291,transition metal ion binding
tr|C7LSV1|C7LSV1_DESBD,GO:0017076,0.99954,purine nucleotide binding
tr|C7LSV1|C7LSV1_DESBD,GO:0030554,0.99952,adenyl nucleotide binding
tr|C7LSV1|C7LSV1_DESBD,GO:0035639,0.99944,purine ribonucleoside triphosphate binding
tr|C7LSV1|C7LSV1_DESBD,GO:0032555,0.99944,purine ribonucleotide binding
tr|C7LSV1|C7LSV1_DESBD,GO:0005524,0.99941,ATP binding
tr|C7LSV1|C7LSV1_DESBD,GO:0032559,0.99941,adenyl ribonucleotide binding
tr|C7LSV1|C7LSV1_DESBD,GO:0032553,0.99933,ribonucleotide binding
tr|C7LSV1|C7LSV1_DESBD,GO:0097367,0.99922,carbohydrate derivative binding
tr|C7LSV1|C7LSV1_DESBD,GO:0051082,0.90810,unfolded protein binding
tr|C7LX62|C7LX62_DESBD,GO:0016829,0.10376,lyase activity
tr|C7X601|C7X601_9BACT,GO:0097367,0.23491,carbohydrate derivative binding
tr|C7X601|C7X601_9BACT,GO:0017076,0.20652,purine nucleotide binding
tr|C7X601|C7X601_9BACT,GO:0030554,0.19428,adenyl nucleotide binding
tr|C7X601|C7X601_9BACT,GO:0032553,0.19418,ribonucleotide binding
tr|C7X601|C7X601_9BACT,GO:0032555,0.19406,purine ribonucleotide binding
tr|C7X601|C7X601_9BACT,GO:0035639,0.18472,purine ribonucleoside triphosphate binding
tr|C7X601|C7X601_9BACT,GO:0032559,0.18237,adenyl ribonucleotide binding
tr|C7X601|C7X601_9BACT,GO:0005524,0.17423,ATP binding
tr|C7X601|C7X601_9BACT,GO:0140096,0.12661,"catalytic activity, acting on a protein"
tr|C8VVT9|C8VVT9_DESAS,GO:0051536,0.51131,iron-sulfur cluster binding
tr|C8VVT9|C8VVT9_DESAS,GO:0051540,0.51037,metal cluster binding
tr|C8VVT9|C8VVT9_DESAS,GO:0051539,0.48010,"4 iron, 4 sulfur cluster binding"
tr|C8VVT9|C8VVT9_DESAS,GO:0046914,0.23931,transition metal ion binding
tr|C8W2N3|C8W2N3_DESAS,GO:0097367,0.19091,carbohydrate derivative binding
tr|C8W2N3|C8W2N3_DESAS,GO:0032553,0.17090,ribonucleotide binding
tr|C8W2N3|C8W2N3_DESAS,GO:0032555,0.16316,purine ribonucleotide binding
tr|C8W2N3|C8W2N3_DESAS,GO:0035639,0.15982,purine ribonucleoside triphosphate binding
tr|C8W2N3|C8W2N3_DESAS,GO:0017076,0.15193,purine nucleotide binding
tr|C8W2N3|C8W2N3_DESAS,GO:0032559,0.13528,adenyl ribonucleotide binding
tr|C8W2N3|C8W2N3_DESAS,GO:0005524,0.13240,ATP binding
tr|C8W2N3|C8W2N3_DESAS,GO:0030554,0.12628,adenyl nucleotide binding
tr|C8X3U5|C8X3U5_DESRD,GO:0051536,0.16770,iron-sulfur cluster binding
tr|C8X3U5|C8X3U5_DESRD,GO:0051540,0.16759,metal cluster binding
tr|C8X3U5|C8X3U5_DESRD,GO:0051539,0.14239,"4 iron, 4 sulfur cluster binding"
tr|C8X3U5|C8X3U5_DESRD,GO:0046914,0.14009,transition metal ion binding
tr|C9RD81|C9RD81_AMMDK,GO:0051540,0.65293,metal cluster binding
tr|C9RD81|C9RD81_AMMDK,GO:0051536,0.65249,iron-sulfur cluster binding
tr|C9RD81|C9RD81_AMMDK,GO:0051539,0.46984,"4 iron, 4 sulfur cluster binding"
tr|C9RD81|C9RD81_AMMDK,GO:0046914,0.31745,transition metal ion binding
tr|C9RD81|C9RD81_AMMDK,GO:0003677,0.14407,DNA binding
tr|C9RD81|C9RD81_AMMDK,GO:0005506,0.10526,iron ion binding
tr|C9RD81|C9RD81_AMMDK,GO:0008270,0.10366,zinc ion binding
tr|C9RDF9|C9RDF9_AMMDK,GO:0097367,0.14958,carbohydrate derivative binding
tr|C9RDF9|C9RDF9_AMMDK,GO:0032553,0.10398,ribonucleotide binding
tr|D0F138|D0F138_9GENT,GO:0097367,0.12130,carbohydrate derivative binding
tr|D0F138|D0F138_9GENT,GO:0032553,0.10596,ribonucleotide binding
sp|D0LID5|BMCH_HALO1,GO:0003735,0.46312,structural constituent of ribosome
sp|D0LID5|BMCH_HALO1,GO:0005198,0.38695,structural molecule activity
sp|D0LID5|BMCH_HALO1,GO:0019843,0.27881,rRNA binding
sp|D0LID5|BMCH_HALO1,GO:0003723,0.27825,RNA binding
tr|D0LUK3|D0LUK3_HALO1,GO:0046914,0.25819,transition metal ion binding
tr|D0LUK3|D0LUK3_HALO1,GO:0097367,0.24015,carbohydrate derivative binding
tr|D0LUK3|D0LUK3_HALO1,GO:0032555,0.20922,purine ribonucleotide binding
tr|D0LUK3|D0LUK3_HALO1,GO:0035639,0.20703,purine ribonucleoside triphosphate binding
tr|D0LUK3|D0LUK3_HALO1,GO:0032553,0.20613,ribonucleotide binding
tr|D0LUK3|D0LUK3_HALO1,GO:0017076,0.20481,purine nucleotide binding
tr|D0LUK3|D0LUK3_HALO1,GO:0032559,0.10464,adenyl ribonucleotide binding
tr|D0LUK3|D0LUK3_HALO1,GO:0005524,0.10406,ATP binding
tr|D0LUK3|D0LUK3_HALO1,GO:0030554,0.10192,adenyl nucleotide binding
tr|D0MDP2|D0MDP2_RHOM4,GO:0097367,0.11836,carbohydrate derivative binding
tr|D0QZ27|D0QZ27_9ACTN,GO:0051540,0.91071,metal cluster binding
tr|D0QZ27|D0QZ27_9ACTN,GO:0051536,0.91056,iron-sulfur cluster binding
tr|D0QZ27|D0QZ27_9ACTN,GO:0051539,0.85634,"4 iron, 4 sulfur cluster binding"
tr|D0QZ27|D0QZ27_9ACTN,GO:0097367,0.19561,carbohydrate derivative binding
tr|D0QZ27|D0QZ27_9ACTN,GO:0032553,0.18292,ribonucleotide binding
tr|D0QZ27|D0QZ27_9ACTN,GO:0032555,0.14273,purine ribonucleotide binding
tr|D0QZ27|D0QZ27_9ACTN,GO:0035639,0.13874,purine ribonucleoside triphosphate binding
tr|D0QZ27|D0QZ27_9ACTN,GO:0017076,0.13677,purine nucleotide binding
tr|D0QZ27|D0QZ27_9ACTN,GO:0046914,0.13079,transition metal ion binding
tr|D0QZ27|D0QZ27_9ACTN,GO:0016730,0.10036,"oxidoreductase activity, acting on iron-sulfur proteins as donors"
tr|D1AP24|D1AP24_SEBTE,GO:0051536,0.66277,iron-sulfur cluster binding
tr|D1AP24|D1AP24_SEBTE,GO:0051540,0.66202,metal cluster binding
tr|D1AP24|D1AP24_SEBTE,GO:0051539,0.53132,"4 iron, 4 sulfur cluster binding"
tr|D1AP24|D1AP24_SEBTE,GO:0046914,0.38453,transition metal ion binding
tr|D1AP24|D1AP24_SEBTE,GO:0008270,0.20878,zinc ion binding
tr|D1AP24|D1AP24_SEBTE,GO:0097367,0.18388,carbohydrate derivative binding
tr|D1AP24|D1AP24_SEBTE,GO:0032553,0.16849,ribonucleotide binding
tr|D1AP24|D1AP24_SEBTE,GO:0032555,0.15038,purine ribonucleotide binding
tr|D1AP24|D1AP24_SEBTE,GO:0035639,0.14558,purine ribonucleoside triphosphate binding
tr|D1AP24|D1AP24_SEBTE,GO:0017076,0.13936,purine nucleotide binding
tr|D1B5S7|D1B5S7_THEAS,GO:0046914,0.24962,transition metal ion binding
tr|D1B5S7|D1B5S7_THEAS,GO:0016829,0.18750,lyase activity
tr|D1B5S7|D1B5S7_THEAS,GO:0008270,0.15707,zinc ion binding
tr|D1B5S7|D1B5S7_THEAS,GO:0051540,0.10941,metal cluster binding
tr|D1B5S7|D1B5S7_THEAS,GO:0051536,0.10898,iron-sulfur cluster binding
tr|D1B6I2|D1B6I2_THEAS,GO:0003723,0.11706,RNA binding
tr|D1CD68|D1CD68_THET1,GO:0032550,1.00000,purine ribonucleoside binding
tr|D1CD68|D1CD68_THET1,GO:0032549,1.00000,ribonucleoside binding
tr|D1CD68|D1CD68_THET1,GO:0019001,1.00000,guanyl nucleotide binding
tr|D1CD68|D1CD68_THET1,GO:0032561,1.00000,guanyl ribonucleotide binding
tr|D1CD68|D1CD68_THET1,GO:0005525,1.00000,GTP binding
tr|D1CD68|D1CD68_THET1,GO:0001883,1.00000,purine nucleoside binding
tr|D1CD68|D1CD68_THET1,GO:0001882,1.00000,nucleoside binding
tr|D1CD68|D1CD68_THET1,GO:0003924,1.00000,GTPase activity
tr|D1CD68|D1CD68_THET1,GO:0016818,1.00000,"hydrolase activity, acting on acid anhydrides, in phosphorus-containing anhydrides"
tr|D1CD68|D1CD68_THET1,GO:0016817,1.00000,"hydrolase activity, acting on acid anhydrides"
tr|D1CD68|D1CD68_THET1,GO:0016462,0.99999,pyrophosphatase activity
tr|D1CD68|D1CD68_THET1,GO:0008135,0.99999,"translation factor activity, RNA binding"
tr|D1CD68|D1CD68_THET1,GO:0090079,0.99999,"translation regulator activity, nucleic acid binding"
tr|D1CD68|D1CD68_THET1,GO:0045182,0.99999,translation regulator activity
tr|D1CD68|D1CD68_THET1,GO:0032553,0.99999,ribonucleotide binding
tr|D1CD68|D1CD68_THET1,GO:0017111,0.99998,nucleoside-triphosphatase activity
tr|D1CD68|D1CD68_THET1,GO:0097367,0.99998,carbohydrate derivative binding
tr|D1CD68|D1CD68_THET1,GO:0017076,0.99997,purine nucleotide binding
tr|D1CD68|D1CD68_THET1,GO:0032555,0.99997,purine ribonucleotide binding
tr|D1CD68|D1CD68_THET1,GO:0035639,0.99997,purine ribonucleoside triphosphate binding
tr|D1CD68|D1CD68_THET1,GO:0003723,0.99969,RNA binding
tr|D1CD68|D1CD68_THET1,GO:0003746,0.99932,translation elongation factor activity
tr|D1JBL9|D1JBL9_UNCAX,GO:0097367,0.22943,carbohydrate derivative binding
tr|D1JBL9|D1JBL9_UNCAX,GO:0032553,0.22090,ribonucleotide binding
tr|D1JBL9|D1JBL9_UNCAX,GO:0032555,0.16845,purine ribonucleotide binding
tr|D1JBL9|D1JBL9_UNCAX,GO:0017076,0.16787,purine nucleotide binding
tr|D1JBL9|D1JBL9_UNCAX,GO:0035639,0.16399,purine ribonucleoside triphosphate binding
tr|D1JBL9|D1JBL9_UNCAX,GO:0032559,0.13960,adenyl ribonucleotide binding
tr|D1JBL9|D1JBL9_UNCAX,GO:0030554,0.13896,adenyl nucleotide binding
tr|D1JBL9|D1JBL9_UNCAX,GO:0005524,0.13725,ATP binding
tr|D1VU60|D1VU60_9FIRM,GO:0097367,0.15578,carbohydrate derivative binding
tr|D1VU60|D1VU60_9FIRM,GO:0032553,0.14038,ribonucleotide binding
tr|D1VU60|D1VU60_9FIRM,GO:0032555,0.11140,purine ribonucleotide binding
tr|D1VU60|D1VU60_9FIRM,GO:0017076,0.10945,purine nucleotide binding
tr|D1VU60|D1VU60_9FIRM,GO:0035639,0.10774,purine ribonucleoside triphosphate binding
tr|D1VU60|D1VU60_9FIRM,GO:0032559,0.10600,adenyl ribonucleotide binding
tr|D1VU60|D1VU60_9FIRM,GO:0030554,0.10405,adenyl nucleotide binding
tr|D1VU60|D1VU60_9FIRM,GO:0005524,0.10314,ATP binding
tr|D1YVB1|D1YVB1_METPS,GO:0097367,0.12393,carbohydrate derivative binding
tr|D1YVB1|D1YVB1_METPS,GO:0032553,0.10510,ribonucleotide binding
tr|D2KZW2|D2KZW2_9EURY,GO:0097367,0.10540,carbohydrate derivative binding
tr|D2R336|D2R336_PIRSD,GO:0097367,0.48346,carbohydrate derivative binding
tr|D2R336|D2R336_PIRSD,GO:0032553,0.35543,ribonucleotide binding
tr|D2R336|D2R336_PIRSD,GO:0032555,0.34099,purine ribonucleotide binding
tr|D2R336|D2R336_PIRSD,GO:0035639,0.32742,purine ribonucleoside triphosphate binding
tr|D2R336|D2R336_PIRSD,GO:0017076,0.32664,purine nucleotide binding
tr|D2R336|D2R336_PIRSD,GO:0032559,0.13050,adenyl ribonucleotide binding
tr|D2R336|D2R336_PIRSD,GO:0030554,0.12352,adenyl nucleotide binding
tr|D2R336|D2R336_PIRSD,GO:0005524,0.12223,ATP binding
tr|D2RLS4|D2RLS4_ACIFV,GO:0016798,0.19084,"hydrolase activity, acting on glycosyl bonds"
tr|D2RLS4|D2RLS4_ACIFV,GO:0004553,0.14179,"hydrolase activity, hydrolyzing O-glycosyl compounds"
tr|D2Z542|D2Z542_9BACT,GO:0050660,0.13593,flavin adenine dinucleotide binding
tr|D2Z542|D2Z542_9BACT,GO:0016829,0.10784,lyase activity
tr|D2Z620|D2Z620_9BACT,GO:0097367,0.15549,carbohydrate derivative binding
tr|D2Z620|D2Z620_9BACT,GO:0032553,0.14482,ribonucleotide binding
tr|D2Z620|D2Z620_9BACT,GO:0032555,0.11556,purine ribonucleotide binding
tr|D2Z620|D2Z620_9BACT,GO:0035639,0.11245,purine ribonucleoside triphosphate binding
tr|D2Z620|D2Z620_9BACT,GO:0017076,0.11020,purine nucleotide binding
tr|D2Z6B3|D2Z6B3_9BACT,GO:0016741,0.95591,"transferase activity, transferring one-carbon groups"
tr|D2Z6B3|D2Z6B3_9BACT,GO:0016742,0.83564,"hydroxymethyl-, formyl- and related transferase activity"
tr|D2Z6B3|D2Z6B3_9BACT,GO:0046914,0.13372,transition metal ion binding
tr|D2Z893|D2Z893_9BACT,GO:0097367,0.16596,carbohydrate derivative binding
tr|D2Z893|D2Z893_9BACT,GO:0032553,0.15614,ribonucleotide binding
tr|D2Z893|D2Z893_9BACT,GO:0032555,0.12188,purine ribonucleotide binding
tr|D2Z893|D2Z893_9BACT,GO:0035639,0.11438,purine ribonucleoside triphosphate binding
tr|D2Z893|D2Z893_9BACT,GO:0017076,0.11209,purine nucleotide binding
tr|D2Z893|D2Z893_9BACT,GO:0000287,0.10517,magnesium ion binding
tr|D3AUU8|D3AUU8_9FIRM,GO:0003723,0.10550,RNA binding
tr|D3Q5V2|D3Q5V2_STANL,GO:0097367,0.33108,carbohydrate derivative binding
tr|D3Q5V2|D3Q5V2_STANL,GO:0032553,0.24780,ribonucleotide binding
tr|D3Q5V2|D3Q5V2_STANL,GO:0035639,0.24156,purine ribonucleoside triphosphate binding
tr|D3Q5V2|D3Q5V2_STANL,GO:0032555,0.24140,purine ribonucleotide binding
tr|D3Q5V2|D3Q5V2_STANL,GO:0017076,0.22327,purine nucleotide binding
tr|D3Y4Q4|D3Y4Q4_BRAEL,GO:0097367,0.22174,carbohydrate derivative binding
tr|D3Y4Q4|D3Y4Q4_BRAEL,GO:0032553,0.19019,ribonucleotide binding
tr|D3Y4Q4|D3Y4Q4_BRAEL,GO:0030554,0.17787,adenyl nucleotide binding
tr|D3Y4Q4|D3Y4Q4_BRAEL,GO:0032559,0.17314,adenyl ribonucleotide binding
tr|D3Y4Q4|D3Y4Q4_BRAEL,GO:0005524,0.16957,ATP binding
tr|D3Y4Q4|D3Y4Q4_BRAEL,GO:0016879,0.16399,"ligase activity, forming carbon-nitrogen bonds"
tr|D3Y4Q4|D3Y4Q4_BRAEL,GO:0017076,0.15548,purine nucleotide binding
tr|D3Y4Q4|D3Y4Q4_BRAEL,GO:0032555,0.15108,purine ribonucleotide binding
tr|D3Y4Q4|D3Y4Q4_BRAEL,GO:0035639,0.14584,purine ribonucleoside triphosphate binding
tr|D3Y4Q4|D3Y4Q4_BRAEL,GO:0016874,0.13225,ligase activity
tr|D3Y4Q4|D3Y4Q4_BRAEL,GO:0140096,0.12289,"catalytic activity, acting on a protein"
tr|D4VGR2|D4VGR2_9BACE,GO:0097367,0.19518,carbohydrate derivative binding
tr|D4VGR2|D4VGR2_9BACE,GO:0032553,0.18936,ribonucleotide binding
tr|D4VGR2|D4VGR2_9BACE,GO:0032555,0.17250,purine ribonucleotide binding
tr|D4VGR2|D4VGR2_9BACE,GO:0032559,0.17058,adenyl ribonucleotide binding
tr|D4VGR2|D4VGR2_9BACE,GO:0005524,0.16725,ATP binding
tr|D4VGR2|D4VGR2_9BACE,GO:0035639,0.16708,purine ribonucleoside triphosphate binding
tr|D4VGR2|D4VGR2_9BACE,GO:0017076,0.16545,purine nucleotide binding
tr|D4VGR2|D4VGR2_9BACE,GO:0030554,0.16372,adenyl nucleotide binding
tr|D4VGR2|D4VGR2_9BACE,GO:0016772,0.10947,"transferase activity, transferring phosphorus-containing groups"
tr|D5BEM4|D5BEM4_ZUNPS,GO:0097367,0.14519,carbohydrate derivative binding
tr|D5BEM4|D5BEM4_ZUNPS,GO:0032555,0.11597,purine ribonucleotide binding
tr|D5BEM4|D5BEM4_ZUNPS,GO:0032553,0.11333,ribonucleotide binding
tr|D5BEM4|D5BEM4_ZUNPS,GO:0035639,0.11240,purine ribonucleoside triphosphate binding
tr|D5BEM4|D5BEM4_ZUNPS,GO:0017076,0.10911,purine nucleotide binding
tr|D5C1R8|D5C1R8_NITHN,GO:0016829,0.15838,lyase activity
tr|D5C1R8|D5C1R8_NITHN,GO:0097367,0.14459,carbohydrate derivative binding
tr|D5C1R8|D5C1R8_NITHN,GO:0032553,0.12062,ribonucleotide binding
tr|D5C1R8|D5C1R8_NITHN,GO:0032555,0.10062,purine ribonucleotide binding
tr|D5ECM0|D5ECM0_AMICL,GO:0097367,0.22413,carbohydrate derivative binding
tr|D5ECM0|D5ECM0_AMICL,GO:0032553,0.21188,ribonucleotide binding
tr|D5ECM0|D5ECM0_AMICL,GO:0032555,0.19172,purine ribonucleotide binding
tr|D5ECM0|D5ECM0_AMICL,GO:0035639,0.18706,purine ribonucleoside triphosphate binding
tr|D5ECM0|D5ECM0_AMICL,GO:0017076,0.18242,purine nucleotide binding
tr|D5ECM0|D5ECM0_AMICL,GO:0032559,0.13528,adenyl ribonucleotide binding
tr|D5ECM0|D5ECM0_AMICL,GO:0005524,0.13388,ATP binding
tr|D5ECM0|D5ECM0_AMICL,GO:0030554,0.12877,adenyl nucleotide binding
tr|D5ECM0|D5ECM0_AMICL,GO:0016874,0.12585,ligase activity
tr|D5ECQ5|D5ECQ5_AMICL,GO:0003677,0.10951,DNA binding
tr|D5ECQ5|D5ECQ5_AMICL,GO:0140096,0.10812,"catalytic activity, acting on a protein"
tr|D5ECU0|D5ECU0_AMICL,GO:0097367,0.13945,carbohydrate derivative binding
tr|D5ECU0|D5ECU0_AMICL,GO:0032553,0.13797,ribonucleotide binding
tr|D5ECU0|D5ECU0_AMICL,GO:0032555,0.12655,purine ribonucleotide binding
tr|D5ECU0|D5ECU0_AMICL,GO:0017076,0.12603,purine nucleotide binding
tr|D5ECU0|D5ECU0_AMICL,GO:0035639,0.12252,purine ribonucleoside triphosphate binding
tr|D5ECU0|D5ECU0_AMICL,GO:0032559,0.11656,adenyl ribonucleotide binding
tr|D5ECU0|D5ECU0_AMICL,GO:0030554,0.11615,adenyl nucleotide binding
tr|D5ECU0|D5ECU0_AMICL,GO:0005524,0.11394,ATP binding
tr|D5ECX8|D5ECX8_AMICL,GO:0016788,0.11052,"hydrolase activity, acting on ester bonds"
tr|D5ED23|D5ED23_AMICL,GO:0032550,1.00000,purine ribonucleoside binding
tr|D5ED23|D5ED23_AMICL,GO:0032549,1.00000,ribonucleoside binding
tr|D5ED23|D5ED23_AMICL,GO:0019001,1.00000,guanyl nucleotide binding
tr|D5ED23|D5ED23_AMICL,GO:0032561,1.00000,guanyl ribonucleotide binding
tr|D5ED23|D5ED23_AMICL,GO:0005525,1.00000,GTP binding
tr|D5ED23|D5ED23_AMICL,GO:0001883,1.00000,purine nucleoside binding
tr|D5ED23|D5ED23_AMICL,GO:0001882,1.00000,nucleoside binding
tr|D5ED23|D5ED23_AMICL,GO:0003924,1.00000,GTPase activity
tr|D5ED23|D5ED23_AMICL,GO:0016818,1.00000,"hydrolase activity, acting on acid anhydrides, in phosphorus-containing anhydrides"
tr|D5ED23|D5ED23_AMICL,GO:0016817,1.00000,"hydrolase activity, acting on acid anhydrides"
tr|D5ED23|D5ED23_AMICL,GO:0016462,1.00000,pyrophosphatase activity
tr|D5ED23|D5ED23_AMICL,GO:0032553,0.99999,ribonucleotide binding
tr|D5ED23|D5ED23_AMICL,GO:0097367,0.99999,carbohydrate derivative binding
tr|D5ED23|D5ED23_AMICL,GO:0017111,0.99999,nucleoside-triphosphatase activity
tr|D5ED23|D5ED23_AMICL,GO:0017076,0.99998,purine nucleotide binding
tr|D5ED23|D5ED23_AMICL,GO:0035639,0.99998,purine ribonucleoside triphosphate binding
tr|D5ED23|D5ED23_AMICL,GO:0032555,0.99998,purine ribonucleotide binding
tr|D5ED23|D5ED23_AMICL,GO:0008135,0.99996,"translation factor activity, RNA binding"
tr|D5ED23|D5ED23_AMICL,GO:0090079,0.99996,"translation regulator activity, nucleic acid binding"
tr|D5ED23|D5ED23_AMICL,GO:0045182,0.99996,translation regulator activity
tr|D5ED23|D5ED23_AMICL,GO:0003746,0.99927,translation elongation factor activity
tr|D5ED23|D5ED23_AMICL,GO:0003723,0.99897,RNA binding
tr|D5ED75|D5ED75_AMICL,GO:0019842,0.81724,vitamin binding
tr|D5ED75|D5ED75_AMICL,GO:0070279,0.81381,vitamin B6 binding
tr|D5ED75|D5ED75_AMICL,GO:0030170,0.81353,pyridoxal phosphate binding
tr|D5ED75|D5ED75_AMICL,GO:0008483,0.48596,transaminase activity
tr|D5ED75|D5ED75_AMICL,GO:0016769,0.45043,"transferase activity, transferring nitrogenous groups"
tr|D5EDF2|D5EDF2_AMICL,GO:0097367,0.10221,carbohydrate derivative binding
tr|D5EDQ0|D5EDQ0_AMICL,GO:0016788,0.10269,"hydrolase activity, acting on ester bonds"
tr|D5EDQ0|D5EDQ0_AMICL,GO:0016829,0.10249,lyase activity
tr|D5EDQ0|D5EDQ0_AMICL,GO:0046914,0.10159,transition metal ion binding
tr|D5EDQ3|D5EDQ3_AMICL,GO:0046914,0.11915,transition metal ion binding
tr|D5EDT4|D5EDT4_AMICL,GO:0017076,0.96999,purine nucleotide binding
tr|D5EDT4|D5EDT4_AMICL,GO:0032555,0.95562,purine ribonucleotide binding
tr|D5EDT4|D5EDT4_AMICL,GO:0035639,0.95453,purine ribonucleoside triphosphate binding
tr|D5EDT4|D5EDT4_AMICL,GO:0030554,0.95315,adenyl nucleotide binding
tr|D5EDT4|D5EDT4_AMICL,GO:0032553,0.95124,ribonucleotide binding
tr|D5EDT4|D5EDT4_AMICL,GO:0097367,0.94932,carbohydrate derivative binding
tr|D5EDT4|D5EDT4_AMICL,GO:0032559,0.93053,adenyl ribonucleotide binding
tr|D5EDT4|D5EDT4_AMICL,GO:0005524,0.92930,ATP binding
tr|D5EDT4|D5EDT4_AMICL,GO:0003723,0.11218,RNA binding
tr|D5EDT5|D5EDT5_AMICL,GO:0032553,0.99902,ribonucleotide binding
tr|D5EDT5|D5EDT5_AMICL,GO:0030554,0.99901,adenyl nucleotide binding
tr|D5EDT5|D5EDT5_AMICL,GO:0017076,0.99901,purine nucleotide binding
tr|D5EDT5|D5EDT5_AMICL,GO:0097367,0.99887,carbohydrate derivative binding
tr|D5EDT5|D5EDT5_AMICL,GO:0035639,0.99872,purine ribonucleoside triphosphate binding
tr|D5EDT5|D5EDT5_AMICL,GO:0032555,0.99871,purine ribonucleotide binding
tr|D5EDT5|D5EDT5_AMICL,GO:0032559,0.99871,adenyl ribonucleotide binding
tr|D5EDT5|D5EDT5_AMICL,GO:0005524,0.99870,ATP binding
tr|D5EDT5|D5EDT5_AMICL,GO:0051082,0.92997,unfolded protein binding
tr|D5EDX8|D5EDX8_AMICL,GO:0032550,1.00000,purine ribonucleoside binding
tr|D5EDX8|D5EDX8_AMICL,GO:0032549,1.00000,ribonucleoside binding
tr|D5EDX8|D5EDX8_AMICL,GO:0019001,1.00000,guanyl nucleotide binding
tr|D5EDX8|D5EDX8_AMICL,GO:0032561,1.00000,guanyl ribonucleotide binding
tr|D5EDX8|D5EDX8_AMICL,GO:0005525,1.00000,GTP binding
tr|D5EDX8|D5EDX8_AMICL,GO:0001883,1.00000,purine nucleoside binding
tr|D5EDX8|D5EDX8_AMICL,GO:0001882,1.00000,nucleoside binding
tr|D5EDX8|D5EDX8_AMICL,GO:0003924,1.00000,GTPase activity
tr|D5EDX8|D5EDX8_AMICL,GO:0016818,1.00000,"hydrolase activity, acting on acid anhydrides, in phosphorus-containing anhydrides"
tr|D5EDX8|D5EDX8_AMICL,GO:0016817,1.00000,"hydrolase activity, acting on acid anhydrides"
tr|D5EDX8|D5EDX8_AMICL,GO:0016462,0.99999,pyrophosphatase activity
tr|D5EDX8|D5EDX8_AMICL,GO:0032553,0.99999,ribonucleotide binding
tr|D5EDX8|D5EDX8_AMICL,GO:0097367,0.99999,carbohydrate derivative binding
tr|D5EDX8|D5EDX8_AMICL,GO:0017111,0.99998,nucleoside-triphosphatase activity
tr|D5EDX8|D5EDX8_AMICL,GO:0017076,0.99998,purine nucleotide binding
tr|D5EDX8|D5EDX8_AMICL,GO:0035639,0.99998,purine ribonucleoside triphosphate binding
tr|D5EDX8|D5EDX8_AMICL,GO:0032555,0.99998,purine ribonucleotide binding
tr|D5EDX8|D5EDX8_AMICL,GO:0008135,0.99995,"translation factor activity, RNA binding"
tr|D5EDX8|D5EDX8_AMICL,GO:0090079,0.99995,"translation regulator activity, nucleic acid binding"
tr|D5EDX8|D5EDX8_AMICL,GO:0045182,0.99995,translation regulator activity
tr|D5EDX8|D5EDX8_AMICL,GO:0003746,0.99909,translation elongation factor activity
tr|D5EDX8|D5EDX8_AMICL,GO:0003723,0.99887,RNA binding
tr|D5EES2|D5EES2_AMICL,GO:0097367,0.14403,carbohydrate derivative binding
tr|D5EES2|D5EES2_AMICL,GO:0032553,0.12288,ribonucleotide binding
tr|D5EES2|D5EES2_AMICL,GO:0032555,0.10579,purine ribonucleotide binding
tr|D5EES2|D5EES2_AMICL,GO:0017076,0.10090,purine nucleotide binding
tr|D5EES2|D5EES2_AMICL,GO:0035639,0.10077,purine ribonucleoside triphosphate binding
tr|D5EF28|D5EF28_AMICL,GO:0003677,0.12494,DNA binding
tr|D5EF28|D5EF28_AMICL,GO:0003723,0.11710,RNA binding
tr|D5EF28|D5EF28_AMICL,GO:0140096,0.11150,"catalytic activity, acting on a protein"
tr|D5EF28|D5EF28_AMICL,GO:0097367,0.10678,carbohydrate derivative binding
tr|D5EG29|D5EG29_AMICL,GO:0046914,0.10197,transition metal ion binding
tr|D5EG32|D5EG32_AMICL,GO:0097367,0.46302,carbohydrate derivative binding
tr|D5EG32|D5EG32_AMICL,GO:0032553,0.44205,ribonucleotide binding
tr|D5EG32|D5EG32_AMICL,GO:0017076,0.43917,purine nucleotide binding
tr|D5EG32|D5EG32_AMICL,GO:0032555,0.42956,purine ribonucleotide binding
tr|D5EG32|D5EG32_AMICL,GO:0035639,0.42201,purine ribonucleoside triphosphate binding
tr|D5EG32|D5EG32_AMICL,GO:0030554,0.37232,adenyl nucleotide binding
tr|D5EG32|D5EG32_AMICL,GO:0032559,0.36237,adenyl ribonucleotide binding
tr|D5EG32|D5EG32_AMICL,GO:0005524,0.35584,ATP binding
tr|D5EG32|D5EG32_AMICL,GO:0046914,0.12706,transition metal ion binding
tr|D5EG32|D5EG32_AMICL,GO:0140096,0.11932,"catalytic activity, acting on a protein"
tr|D5EG32|D5EG32_AMICL,GO:0016829,0.10381,lyase activity
tr|D5EG33|D5EG33_AMICL,GO:0046914,0.17017,transition metal ion binding
tr|D5EG33|D5EG33_AMICL,GO:0015036,0.16439,disulfide oxidoreductase activity
tr|D5EG33|D5EG33_AMICL,GO:0015035,0.15685,protein disulfide oxidoreductase activity
tr|D5EG33|D5EG33_AMICL,GO:0016667,0.15449,"oxidoreductase activity, acting on a sulfur group of donors"
tr|D5EG33|D5EG33_AMICL,GO:0003723,0.10301,RNA binding
tr|D5EG33|D5EG33_AMICL,GO:0008270,0.10042,zinc ion binding
tr|D5EGB9|D5EGB9_AMICL,GO:0016798,0.20480,"hydrolase activity, acting on glycosyl bonds"
tr|D5EGB9|D5EGB9_AMICL,GO:0004553,0.18055,"hydrolase activity, hydrolyzing O-glycosyl compounds"
tr|D5EGY0|D5EGY0_AMICL,GO:0097367,0.14256,carbohydrate derivative binding
tr|D5EGY0|D5EGY0_AMICL,GO:0032553,0.12006,ribonucleotide binding
tr|D5EHF8|D5EHF8_AMICL,GO:0022857,0.10535,transmembrane transporter activity
tr|D5EHF8|D5EHF8_AMICL,GO:0097367,0.10510,carbohydrate derivative binding
tr|D5EHF8|D5EHF8_AMICL,GO:0005215,0.10035,transporter activity
tr|D5EHF8|D5EHF8_AMICL,GO:0032553,0.10025,ribonucleotide binding
tr|D5L145|D5L145_MALDO,GO:0140096,0.10152,"catalytic activity, acting on a protein"
tr|D5MH15|D5MH15_METO1,GO:0016616,0.81495,"oxidoreductase activity, acting on the CH-OH group of donors, NAD or NADP as acceptor"
tr|D5MH15|D5MH15_METO1,GO:0016614,0.81064,"oxidoreductase activity, acting on CH-OH group of donors"
tr|D5MH15|D5MH15_METO1,GO:0016615,0.27099,malate dehydrogenase activity
tr|D5MH15|D5MH15_METO1,GO:0030060,0.26839,L-malate dehydrogenase activity
tr|D5XB01|D5XB01_THEPJ,GO:0003723,0.21637,RNA binding
tr|D5XB01|D5XB01_THEPJ,GO:0140098,0.13360,"catalytic activity, acting on RNA"
tr|D5XB01|D5XB01_THEPJ,GO:0016741,0.10762,"transferase activity, transferring one-carbon groups"
tr|D5XB01|D5XB01_THEPJ,GO:0097367,0.10592,carbohydrate derivative binding
tr|D5XB01|D5XB01_THEPJ,GO:0032553,0.10094,ribonucleotide binding
tr|D6AJX0|D6AJX0_STRFL,GO:0097367,0.12668,carbohydrate derivative binding
tr|D6AJX0|D6AJX0_STRFL,GO:0016798,0.11593,"hydrolase activity, acting on glycosyl bonds"
tr|D6AJX0|D6AJX0_STRFL,GO:0004553,0.11346,"hydrolase activity, hydrolyzing O-glycosyl compounds"
tr|D6AJX0|D6AJX0_STRFL,GO:0032553,0.10166,ribonucleotide binding
tr|D6CW64|D6CW64_9BACE,GO:0016798,0.15669,"hydrolase activity, acting on glycosyl bonds"
tr|D6CW64|D6CW64_9BACE,GO:0004553,0.15039,"hydrolase activity, hydrolyzing O-glycosyl compounds"
tr|D6CW64|D6CW64_9BACE,GO:0008233,0.11669,peptidase activity
tr|D6PG45|D6PG45_9CAUD,GO:0097367,0.18122,carbohydrate derivative binding
tr|D6PG45|D6PG45_9CAUD,GO:0140096,0.15155,"catalytic activity, acting on a protein"
tr|D6PG45|D6PG45_9CAUD,GO:0032553,0.13718,ribonucleotide binding
tr|D6PG45|D6PG45_9CAUD,GO:0032555,0.12223,purine ribonucleotide binding
tr|D6PG45|D6PG45_9CAUD,GO:0035639,0.12012,purine ribonucleoside triphosphate binding
tr|D6PG45|D6PG45_9CAUD,GO:0008233,0.11832,peptidase activity
tr|D6PG45|D6PG45_9CAUD,GO:0017076,0.11659,purine nucleotide binding
tr|D6PG45|D6PG45_9CAUD,GO:0032559,0.11411,adenyl ribonucleotide binding
tr|D6PG45|D6PG45_9CAUD,GO:0005524,0.11235,ATP binding
tr|D6PG45|D6PG45_9CAUD,GO:0030554,0.10986,adenyl nucleotide binding
tr|D6SSB4|D6SSB4_9BACT,GO:0051540,0.18805,metal cluster binding
tr|D6SSB4|D6SSB4_9BACT,GO:0051536,0.18723,iron-sulfur cluster binding
tr|D6SSB4|D6SSB4_9BACT,GO:0046914,0.17314,transition metal ion binding
tr|D6SSB4|D6SSB4_9BACT,GO:0051539,0.13218,"4 iron, 4 sulfur cluster binding"
tr|D6SSB4|D6SSB4_9BACT,GO:0005506,0.10820,iron ion binding
tr|D6SSB4|D6SSB4_9BACT,GO:0009055,0.10809,electron transfer activity
tr|D6SSB4|D6SSB4_9BACT,GO:0016667,0.10587,"oxidoreductase activity, acting on a sulfur group of donors"
tr|D6SSB4|D6SSB4_9BACT,GO:0016829,0.10511,lyase activity
tr|D6SSB4|D6SSB4_9BACT,GO:0097367,0.10041,carbohydrate derivative binding
tr|D6SSC8|D6SSC8_9BACT,GO:0035639,0.99998,purine ribonucleoside triphosphate binding
tr|D6SSC8|D6SSC8_9BACT,GO:0032555,0.99998,purine ribonucleotide binding
tr|D6SSC8|D6SSC8_9BACT,GO:0017076,0.99997,purine nucleotide binding
tr|D6SSC8|D6SSC8_9BACT,GO:0046933,0.99997,"proton-transporting ATP synthase activity, rotational mechanism"
tr|D6SSC8|D6SSC8_9BACT,GO:0015078,0.99997,proton transmembrane transporter activity
tr|D6SSC8|D6SSC8_9BACT,GO:0015252,0.99997,proton channel activity
tr|D6SSC8|D6SSC8_9BACT,GO:0032553,0.99997,ribonucleotide binding
tr|D6SSC8|D6SSC8_9BACT,GO:0097367,0.99996,carbohydrate derivative binding
tr|D6SSC8|D6SSC8_9BACT,GO:0005261,0.99991,cation channel activity
tr|D6SSC8|D6SSC8_9BACT,GO:0022890,0.99990,inorganic cation transmembrane transporter activity
tr|D6SSC8|D6SSC8_9BACT,GO:0032559,0.99990,adenyl ribonucleotide binding
tr|D6SSC8|D6SSC8_9BACT,GO:0005524,0.99990,ATP binding
tr|D6SSC8|D6SSC8_9BACT,GO:0030554,0.99989,adenyl nucleotide binding
tr|D6SSC8|D6SSC8_9BACT,GO:0008324,0.99988,cation transmembrane transporter activity
tr|D6SSC8|D6SSC8_9BACT,GO:0005216,0.99988,ion channel activity
tr|D6SSC8|D6SSC8_9BACT,GO:0015075,0.99986,ion transmembrane transporter activity
tr|D6SSC8|D6SSC8_9BACT,GO:0015318,0.99986,inorganic molecular entity transmembrane transporter activity
tr|D6SSC8|D6SSC8_9BACT,GO:0022857,0.99984,transmembrane transporter activity
tr|D6SSC8|D6SSC8_9BACT,GO:0022803,0.99983,passive transmembrane transporter activity
tr|D6SSC8|D6SSC8_9BACT,GO:0015267,0.99983,channel activity
tr|D6SSC8|D6SSC8_9BACT,GO:0005215,0.99980,transporter activity
tr|D6SSC8|D6SSC8_9BACT,GO:0016874,0.99953,ligase activity
tr|D6Z5K4|D6Z5K4_DESAT,GO:0046914,0.20784,transition metal ion binding
tr|D6Z5K4|D6Z5K4_DESAT,GO:0005506,0.14123,iron ion binding
tr|D6Z5K4|D6Z5K4_DESAT,GO:0003723,0.11949,RNA binding
tr|D6Z6W1|D6Z6W1_DESAT,GO:0005215,0.10687,transporter activity
tr|D6Z6W1|D6Z6W1_DESAT,GO:0022857,0.10632,transmembrane transporter activity
tr|D6Z6W1|D6Z6W1_DESAT,GO:0016829,0.10446,lyase activity
tr|D7CMS7|D7CMS7_SYNLT,GO:0046914,0.13547,transition metal ion binding
tr|D7CMS7|D7CMS7_SYNLT,GO:0016788,0.10893,"hydrolase activity, acting on ester bonds"
tr|D7CMS7|D7CMS7_SYNLT,GO:0016829,0.10414,lyase activity
tr|D7CN94|D7CN94_SYNLT,GO:0051536,0.81886,iron-sulfur cluster binding
tr|D7CN94|D7CN94_SYNLT,GO:0051540,0.81824,metal cluster binding
tr|D7CN94|D7CN94_SYNLT,GO:0051539,0.78342,"4 iron, 4 sulfur cluster binding"
tr|D7CN94|D7CN94_SYNLT,GO:0046914,0.28198,transition metal ion binding
tr|D7CN94|D7CN94_SYNLT,GO:0009055,0.21559,electron transfer activity
tr|D7CN94|D7CN94_SYNLT,GO:0005506,0.19722,iron ion binding
tr|D7CN94|D7CN94_SYNLT,GO:0016651,0.11841,"oxidoreductase activity, acting on NAD(P)H"
tr|D7CN96|D7CN96_SYNLT,GO:0097367,0.36894,carbohydrate derivative binding
tr|D7CN96|D7CN96_SYNLT,GO:0032553,0.35705,ribonucleotide binding
tr|D7CN96|D7CN96_SYNLT,GO:0032555,0.34892,purine ribonucleotide binding
tr|D7CN96|D7CN96_SYNLT,GO:0017076,0.34824,purine nucleotide binding
tr|D7CN96|D7CN96_SYNLT,GO:0035639,0.34306,purine ribonucleoside triphosphate binding
tr|D7CN96|D7CN96_SYNLT,GO:0030554,0.30962,adenyl nucleotide binding
tr|D7CN96|D7CN96_SYNLT,GO:0032559,0.30934,adenyl ribonucleotide binding
tr|D7CN96|D7CN96_SYNLT,GO:0005524,0.30379,ATP binding
tr|D7CN96|D7CN96_SYNLT,GO:0016829,0.14971,lyase activity
tr|D7CW62|D7CW62_TRURR,GO:0097367,0.18749,carbohydrate derivative binding
tr|D7CW62|D7CW62_TRURR,GO:0032553,0.16639,ribonucleotide binding
tr|D7CW62|D7CW62_TRURR,GO:0032559,0.15113,adenyl ribonucleotide binding
tr|D7CW62|D7CW62_TRURR,GO:0005524,0.14730,ATP binding
tr|D7CW62|D7CW62_TRURR,GO:0030554,0.14358,adenyl nucleotide binding
tr|D7CW62|D7CW62_TRURR,GO:0032555,0.12408,purine ribonucleotide binding
tr|D7CW62|D7CW62_TRURR,GO:0035639,0.11914,purine ribonucleoside triphosphate binding
tr|D7CW62|D7CW62_TRURR,GO:0017076,0.11741,purine nucleotide binding
tr|D7E800|D7E800_METEZ,GO:0097367,0.24433,carbohydrate derivative binding
tr|D7E800|D7E800_METEZ,GO:0017076,0.22361,purine nucleotide binding
tr|D7E800|D7E800_METEZ,GO:0032555,0.22088,purine ribonucleotide binding
tr|D7E800|D7E800_METEZ,GO:0035639,0.21954,purine ribonucleoside triphosphate binding
tr|D7E800|D7E800_METEZ,GO:0032553,0.21806,ribonucleotide binding
tr|D7E800|D7E800_METEZ,GO:0030554,0.17512,adenyl nucleotide binding
tr|D7E800|D7E800_METEZ,GO:0032559,0.17170,adenyl ribonucleotide binding
tr|D7E800|D7E800_METEZ,GO:0005524,0.17119,ATP binding
tr|D7E800|D7E800_METEZ,GO:0046914,0.13558,transition metal ion binding
tr|D7E800|D7E800_METEZ,GO:0140096,0.13463,"catalytic activity, acting on a protein"
tr|D7FGG8|D7FGG8_STEMA,GO:0008233,0.36353,peptidase activity
tr|D7FGG8|D7FGG8_STEMA,GO:0008236,0.20203,serine-type peptidase activity
tr|D7FGG8|D7FGG8_STEMA,GO:0017171,0.20193,serine hydrolase activity
tr|D7FGG8|D7FGG8_STEMA,GO:0004175,0.17857,endopeptidase activity
tr|D7FGG8|D7FGG8_STEMA,GO:0140096,0.15316,"catalytic activity, acting on a protein"
tr|D7FGG8|D7FGG8_STEMA,GO:0004252,0.12419,serine-type endopeptidase activity
tr|D7GHX7|D7GHX7_PROFC,GO:0051536,0.62070,iron-sulfur cluster binding
tr|D7GHX7|D7GHX7_PROFC,GO:0051540,0.62045,metal cluster binding
tr|D7GHX7|D7GHX7_PROFC,GO:0051539,0.54746,"4 iron, 4 sulfur cluster binding"
tr|D7GHX7|D7GHX7_PROFC,GO:0097367,0.17289,carbohydrate derivative binding
tr|D7GHX7|D7GHX7_PROFC,GO:0032555,0.16464,purine ribonucleotide binding
tr|D7GHX7|D7GHX7_PROFC,GO:0017076,0.16186,purine nucleotide binding
tr|D7GHX7|D7GHX7_PROFC,GO:0035639,0.16016,purine ribonucleoside triphosphate binding
tr|D7GHX7|D7GHX7_PROFC,GO:0032553,0.15571,ribonucleotide binding
tr|D7GHX7|D7GHX7_PROFC,GO:0046914,0.13851,transition metal ion binding
tr|D7GHX7|D7GHX7_PROFC,GO:0032559,0.11410,adenyl ribonucleotide binding
tr|D7GHX7|D7GHX7_PROFC,GO:0030554,0.11227,adenyl nucleotide binding
tr|D7GHX7|D7GHX7_PROFC,GO:0005524,0.11146,ATP binding
tr|D7GN92|D7GN92_9ZZZZ,GO:0005198,0.24125,structural molecule activity
tr|D7I950|D7I950_9BACE,GO:0097367,0.10509,carbohydrate derivative binding
tr|D7L0R2|D7L0R2_ARALL,GO:0005198,0.14185,structural molecule activity
tr|D8EXB5|D8EXB5_9DELT,GO:0016829,0.13265,lyase activity
tr|D8EXB5|D8EXB5_9DELT,GO:0097367,0.11753,carbohydrate derivative binding
tr|D8EXB5|D8EXB5_9DELT,GO:0032553,0.10325,ribonucleotide binding
tr|D8F1X3|D8F1X3_9DELT,GO:0005198,0.17292,structural molecule activity
tr|D8F1X3|D8F1X3_9DELT,GO:0003723,0.14753,RNA binding
tr|D8F1X3|D8F1X3_9DELT,GO:0003735,0.14028,structural constituent of ribosome
tr|D8F1X3|D8F1X3_9DELT,GO:0003677,0.12122,DNA binding
tr|D8F372|D8F372_9DELT,GO:0003723,0.22302,RNA binding
tr|D8F372|D8F372_9DELT,GO:0019843,0.11049,rRNA binding
tr|D8F863|D8F863_9DELT,GO:0097367,0.17682,carbohydrate derivative binding
tr|D8F863|D8F863_9DELT,GO:0032553,0.15546,ribonucleotide binding
tr|D8F863|D8F863_9DELT,GO:0017076,0.14617,purine nucleotide binding
tr|D8F863|D8F863_9DELT,GO:0032555,0.13566,purine ribonucleotide binding
tr|D8F863|D8F863_9DELT,GO:0035639,0.13276,purine ribonucleoside triphosphate binding
tr|D8F863|D8F863_9DELT,GO:0016829,0.11053,lyase activity
tr|D8F863|D8F863_9DELT,GO:0030554,0.10183,adenyl nucleotide binding
tr|D8F863|D8F863_9DELT,GO:0000287,0.10057,magnesium ion binding
tr|D8K527|D8K527_NITWC,GO:0140096,0.11018,"catalytic activity, acting on a protein"
tr|D9Z8B8|D9Z8B8_9POAL,GO:0097367,0.10446,carbohydrate derivative binding
tr|D9ZEH2|D9ZEH2_9ZZZZ,GO:0097367,0.12171,carbohydrate derivative binding
tr|D9ZJ14|D9ZJ14_MALDO,GO:0032555,0.97668,purine ribonucleotide binding
tr|D9ZJ14|D9ZJ14_MALDO,GO:0035639,0.97627,purine ribonucleoside triphosphate binding
tr|D9ZJ14|D9ZJ14_MALDO,GO:0032553,0.97576,ribonucleotide binding
tr|D9ZJ14|D9ZJ14_MALDO,GO:0017076,0.97561,purine nucleotide binding
tr|D9ZJ14|D9ZJ14_MALDO,GO:0097367,0.97385,carbohydrate derivative binding
tr|D9ZJ14|D9ZJ14_MALDO,GO:0032559,0.86384,adenyl ribonucleotide binding
tr|D9ZJ14|D9ZJ14_MALDO,GO:0005524,0.86377,ATP binding
tr|D9ZJ14|D9ZJ14_MALDO,GO:0030554,0.85690,adenyl nucleotide binding
tr|D9ZJ14|D9ZJ14_MALDO,GO:0017111,0.43441,nucleoside-triphosphatase activity
tr|D9ZJ14|D9ZJ14_MALDO,GO:0016817,0.39716,"hydrolase activity, acting on acid anhydrides"
tr|D9ZJ14|D9ZJ14_MALDO,GO:0016818,0.39600,"hydrolase activity, acting on acid anhydrides, in phosphorus-containing anhydrides"
tr|D9ZJ14|D9ZJ14_MALDO,GO:0016462,0.38478,pyrophosphatase activity
tr|D9ZJ14|D9ZJ14_MALDO,GO:0016887,0.22869,ATPase activity
tr|D9ZJ14|D9ZJ14_MALDO,GO:0003677,0.20592,DNA binding
tr|D9ZJG6|D9ZJG6_MALDO,GO:0140096,0.11904,"catalytic activity, acting on a protein"
tr|E0CNW9|E0CNW9_VITVI,GO:0097367,0.17938,carbohydrate derivative binding
tr|E0CNW9|E0CNW9_VITVI,GO:0032553,0.16394,ribonucleotide binding
tr|E0CNW9|E0CNW9_VITVI,GO:0017076,0.14786,purine nucleotide binding
tr|E0CNW9|E0CNW9_VITVI,GO:0032555,0.14770,purine ribonucleotide binding
tr|E0CNW9|E0CNW9_VITVI,GO:0035639,0.14472,purine ribonucleoside triphosphate binding
tr|E0RSM7|E0RSM7_SPITD,GO:0003677,0.18286,DNA binding
tr|E0SHH0|E0SHH0_DICD3,GO:0016209,0.92807,antioxidant activity
tr|E0SHH0|E0SHH0_DICD3,GO:0046906,0.91715,tetrapyrrole binding
tr|E0SHH0|E0SHH0_DICD3,GO:0020037,0.88896,heme binding
tr|E0SHH0|E0SHH0_DICD3,GO:0016684,0.87716,"oxidoreductase activity, acting on peroxide as acceptor"
tr|E0SHH0|E0SHH0_DICD3,GO:0004601,0.87433,peroxidase activity
tr|E0SHH0|E0SHH0_DICD3,GO:0004096,0.78239,catalase activity
tr|E0UJI3|E0UJI3_GLOV7,GO:0097367,0.45386,carbohydrate derivative binding
tr|E0UJI3|E0UJI3_GLOV7,GO:0032555,0.35012,purine ribonucleotide binding
tr|E0UJI3|E0UJI3_GLOV7,GO:0035639,0.34751,purine ribonucleoside triphosphate binding
tr|E0UJI3|E0UJI3_GLOV7,GO:0032553,0.32823,ribonucleotide binding
tr|E0UJI3|E0UJI3_GLOV7,GO:0017076,0.31362,purine nucleotide binding
tr|E0UJI3|E0UJI3_GLOV7,GO:0032559,0.28215,adenyl ribonucleotide binding
tr|E0UJI3|E0UJI3_GLOV7,GO:0005524,0.27921,ATP binding
tr|E0UJI3|E0UJI3_GLOV7,GO:0030554,0.25020,adenyl nucleotide binding
tr|E1CG90|E1CG90_MALDO,GO:0140096,0.40351,"catalytic activity, acting on a protein"
tr|E1CG90|E1CG90_MALDO,GO:0046914,0.14602,transition metal ion binding
tr|E1CG90|E1CG90_MALDO,GO:0008233,0.11123,peptidase activity
tr|E1CG92|E1CG92_MALDO,GO:0140096,0.20506,"catalytic activity, acting on a protein"
tr|E1CG92|E1CG92_MALDO,GO:0046914,0.11266,transition metal ion binding
tr|E1IHB9|E1IHB9_9CHLR,GO:0051536,0.39963,iron-sulfur cluster binding
tr|E1IHB9|E1IHB9_9CHLR,GO:0051540,0.39903,metal cluster binding
tr|E1IHB9|E1IHB9_9CHLR,GO:0051539,0.36925,"4 iron, 4 sulfur cluster binding"
tr|E1IHB9|E1IHB9_9CHLR,GO:0046914,0.18439,transition metal ion binding
tr|E1IHB9|E1IHB9_9CHLR,GO:0097367,0.12234,carbohydrate derivative binding
tr|E1IHB9|E1IHB9_9CHLR,GO:0032553,0.11155,ribonucleotide binding
tr|E1JRU8|E1JRU8_SOLFR,GO:0035639,0.99999,purine ribonucleoside triphosphate binding
tr|E1JRU8|E1JRU8_SOLFR,GO:0032555,0.99999,purine ribonucleotide binding
tr|E1JRU8|E1JRU8_SOLFR,GO:0017076,0.99999,purine nucleotide binding
tr|E1JRU8|E1JRU8_SOLFR,GO:0015078,0.99999,proton transmembrane transporter activity
tr|E1JRU8|E1JRU8_SOLFR,GO:0032553,0.99999,ribonucleotide binding
tr|E1JRU8|E1JRU8_SOLFR,GO:0046933,0.99999,"proton-transporting ATP synthase activity, rotational mechanism"
tr|E1JRU8|E1JRU8_SOLFR,GO:0015252,0.99999,proton channel activity
tr|E1JRU8|E1JRU8_SOLFR,GO:0097367,0.99999,carbohydrate derivative binding
tr|E1JRU8|E1JRU8_SOLFR,GO:0005524,0.99996,ATP binding
tr|E1JRU8|E1JRU8_SOLFR,GO:0032559,0.99996,adenyl ribonucleotide binding
tr|E1JRU8|E1JRU8_SOLFR,GO:0030554,0.99996,adenyl nucleotide binding
tr|E1JRU8|E1JRU8_SOLFR,GO:0022890,0.99996,inorganic cation transmembrane transporter activity
tr|E1JRU8|E1JRU8_SOLFR,GO:0008324,0.99995,cation transmembrane transporter activity
tr|E1JRU8|E1JRU8_SOLFR,GO:0015318,0.99995,inorganic molecular entity transmembrane transporter activity
tr|E1JRU8|E1JRU8_SOLFR,GO:0005261,0.99994,cation channel activity
tr|E1JRU8|E1JRU8_SOLFR,GO:0015075,0.99994,ion transmembrane transporter activity
tr|E1JRU8|E1JRU8_SOLFR,GO:0022857,0.99993,transmembrane transporter activity
tr|E1JRU8|E1JRU8_SOLFR,GO:0005216,0.99992,ion channel activity
tr|E1JRU8|E1JRU8_SOLFR,GO:0005215,0.99991,transporter activity
tr|E1JRU8|E1JRU8_SOLFR,GO:0022803,0.99989,passive transmembrane transporter activity
tr|E1JRU8|E1JRU8_SOLFR,GO:0015267,0.99989,channel activity
tr|E1JRU8|E1JRU8_SOLFR,GO:0016874,0.99973,ligase activity
tr|E1JTN0|E1JTN0_SOLFR,GO:0051540,0.86855,metal cluster binding
tr|E1JTN0|E1JTN0_SOLFR,GO:0051536,0.86847,iron-sulfur cluster binding
tr|E1JTN0|E1JTN0_SOLFR,GO:0051539,0.81295,"4 iron, 4 sulfur cluster binding"
tr|E1JTN0|E1JTN0_SOLFR,GO:0046914,0.47159,transition metal ion binding
tr|E1JTN0|E1JTN0_SOLFR,GO:0005506,0.38329,iron ion binding
tr|E1JTN0|E1JTN0_SOLFR,GO:0016741,0.13714,"transferase activity, transferring one-carbon groups"
tr|E1JTN0|E1JTN0_SOLFR,GO:0008270,0.13300,zinc ion binding
tr|E1JTN0|E1JTN0_SOLFR,GO:0140098,0.13247,"catalytic activity, acting on RNA"
tr|E1JTN0|E1JTN0_SOLFR,GO:0009055,0.12980,electron transfer activity
tr|E1JTN0|E1JTN0_SOLFR,GO:0016651,0.12061,"oxidoreductase activity, acting on NAD(P)H"
tr|E1JTN0|E1JTN0_SOLFR,GO:0008168,0.11640,methyltransferase activity
tr|E1JTN0|E1JTN0_SOLFR,GO:0140101,0.10430,"catalytic activity, acting on a tRNA"
tr|E1JTN0|E1JTN0_SOLFR,GO:0046906,0.10020,tetrapyrrole binding
tr|E1JTN0|E1JTN0_SOLFR,GO:0016667,0.10011,"oxidoreductase activity, acting on a sulfur group of donors"
tr|E1JYE0|E1JYE0_SOLFR,GO:0051540,0.35417,metal cluster binding
tr|E1JYE0|E1JYE0_SOLFR,GO:0051536,0.35416,iron-sulfur cluster binding
tr|E1JYE0|E1JYE0_SOLFR,GO:0051539,0.35074,"4 iron, 4 sulfur cluster binding"
tr|E1JYE0|E1JYE0_SOLFR,GO:0046914,0.32346,transition metal ion binding
tr|E1K0X1|E1K0X1_SOLFR,GO:0046914,0.26781,transition metal ion binding
tr|E1K0X1|E1K0X1_SOLFR,GO:0005506,0.16227,iron ion binding
tr|E1K0X1|E1K0X1_SOLFR,GO:0051540,0.13727,metal cluster binding
tr|E1K0X1|E1K0X1_SOLFR,GO:0051536,0.13666,iron-sulfur cluster binding
tr|E1K0X1|E1K0X1_SOLFR,GO:0003723,0.12212,RNA binding
tr|E1K0X1|E1K0X1_SOLFR,GO:0008270,0.10771,zinc ion binding
tr|E1K229|E1K229_SOLFR,GO:0016829,0.13548,lyase activity
tr|E1QM27|E1QM27_DESB2,GO:0097367,0.18295,carbohydrate derivative binding
tr|E1QM27|E1QM27_DESB2,GO:0032553,0.16528,ribonucleotide binding
tr|E1QM27|E1QM27_DESB2,GO:0030554,0.15805,adenyl nucleotide binding
tr|E1QM27|E1QM27_DESB2,GO:0032559,0.15755,adenyl ribonucleotide binding
tr|E1QM27|E1QM27_DESB2,GO:0005524,0.15371,ATP binding
tr|E1QM27|E1QM27_DESB2,GO:0032555,0.14312,purine ribonucleotide binding
tr|E1QM27|E1QM27_DESB2,GO:0017076,0.14261,purine nucleotide binding
tr|E1QM27|E1QM27_DESB2,GO:0035639,0.13947,purine ribonucleoside triphosphate binding
tr|E1R8Q5|E1R8Q5_SEDSS,GO:0097367,0.22752,carbohydrate derivative binding
tr|E1R8Q5|E1R8Q5_SEDSS,GO:0032553,0.21251,ribonucleotide binding
tr|E1R8Q5|E1R8Q5_SEDSS,GO:0017076,0.17791,purine nucleotide binding
tr|E1R8Q5|E1R8Q5_SEDSS,GO:0032555,0.17748,purine ribonucleotide binding
tr|E1R8Q5|E1R8Q5_SEDSS,GO:0035639,0.17289,purine ribonucleoside triphosphate binding
tr|E1R8Q5|E1R8Q5_SEDSS,GO:0030554,0.15747,adenyl nucleotide binding
tr|E1R8Q5|E1R8Q5_SEDSS,GO:0032559,0.15651,adenyl ribonucleotide binding
tr|E1R8Q5|E1R8Q5_SEDSS,GO:0016874,0.15485,ligase activity
tr|E1R8Q5|E1R8Q5_SEDSS,GO:0005524,0.15302,ATP binding
tr|E1R8Q5|E1R8Q5_SEDSS,GO:0016879,0.12888,"ligase activity, forming carbon-nitrogen bonds"
tr|E1R8Q5|E1R8Q5_SEDSS,GO:0016829,0.12607,lyase activity
tr|E1R8Q5|E1R8Q5_SEDSS,GO:0016810,0.10791,"hydrolase activity, acting on carbon-nitrogen (but not peptide) bonds"
tr|E1R8Q5|E1R8Q5_SEDSS,GO:0046914,0.10531,transition metal ion binding
tr|E1R9Q1|E1R9Q1_SEDSS,GO:0016829,0.15729,lyase activity
tr|E1RBC3|E1RBC3_SEDSS,GO:0097367,0.12941,carbohydrate derivative binding
tr|E1RBC3|E1RBC3_SEDSS,GO:0032553,0.10011,ribonucleotide binding
tr|E1RGF9|E1RGF9_METP4,GO:0022857,0.25672,transmembrane transporter activity
tr|E1RGF9|E1RGF9_METP4,GO:0005215,0.24726,transporter activity
tr|E1RGF9|E1RGF9_METP4,GO:0097367,0.17568,carbohydrate derivative binding
tr|E1RGF9|E1RGF9_METP4,GO:0004553,0.16643,"hydrolase activity, hydrolyzing O-glycosyl compounds"
tr|E1RGF9|E1RGF9_METP4,GO:0016798,0.15970,"hydrolase activity, acting on glycosyl bonds"
tr|E1RGF9|E1RGF9_METP4,GO:0032553,0.12058,ribonucleotide binding
tr|E1RGF9|E1RGF9_METP4,GO:0032555,0.11367,purine ribonucleotide binding
tr|E1RGF9|E1RGF9_METP4,GO:0017076,0.10987,purine nucleotide binding
tr|E1RGF9|E1RGF9_METP4,GO:0035639,0.10631,purine ribonucleoside triphosphate binding
tr|E1RGF9|E1RGF9_METP4,GO:0015075,0.10533,ion transmembrane transporter activity
tr|E1YAH1|E1YAH1_9BACT,GO:0005198,0.10755,structural molecule activity
tr|E1YB73|E1YB73_9BACT,GO:0030554,0.99964,adenyl nucleotide binding
tr|E1YB73|E1YB73_9BACT,GO:0005524,0.99958,ATP binding
tr|E1YB73|E1YB73_9BACT,GO:0032559,0.99957,adenyl ribonucleotide binding
tr|E1YB73|E1YB73_9BACT,GO:0017076,0.99955,purine nucleotide binding
tr|E1YB73|E1YB73_9BACT,GO:0035639,0.99949,purine ribonucleoside triphosphate binding
tr|E1YB73|E1YB73_9BACT,GO:0032555,0.99947,purine ribonucleotide binding
tr|E1YB73|E1YB73_9BACT,GO:0032553,0.99939,ribonucleotide binding
tr|E1YB73|E1YB73_9BACT,GO:0097367,0.99932,carbohydrate derivative binding
tr|E1YB73|E1YB73_9BACT,GO:0051082,0.83748,unfolded protein binding
tr|E1YBS7|E1YBS7_9BACT,GO:0003677,0.15680,DNA binding
tr|E1YH88|E1YH88_9BACT,GO:0097367,0.12597,carbohydrate derivative binding
tr|E1YH88|E1YH88_9BACT,GO:0032553,0.11760,ribonucleotide binding
tr|E1YH88|E1YH88_9BACT,GO:0032555,0.10678,purine ribonucleotide binding
tr|E1YH88|E1YH88_9BACT,GO:0016788,0.10654,"hydrolase activity, acting on ester bonds"
tr|E1YH88|E1YH88_9BACT,GO:0017076,0.10546,purine nucleotide binding
tr|E1YH88|E1YH88_9BACT,GO:0046914,0.10478,transition metal ion binding
tr|E1YH88|E1YH88_9BACT,GO:0000287,0.10350,magnesium ion binding
tr|E1YH88|E1YH88_9BACT,GO:0035639,0.10293,purine ribonucleoside triphosphate binding
tr|E2CB03|E2CB03_9HYPH,GO:0097367,0.16406,carbohydrate derivative binding
tr|E2CB03|E2CB03_9HYPH,GO:0032553,0.15381,ribonucleotide binding
tr|E2CB03|E2CB03_9HYPH,GO:0046914,0.13637,transition metal ion binding
tr|E2CB03|E2CB03_9HYPH,GO:0017076,0.12330,purine nucleotide binding
tr|E2CB03|E2CB03_9HYPH,GO:0032555,0.12296,purine ribonucleotide binding
tr|E2CB03|E2CB03_9HYPH,GO:0035639,0.12133,purine ribonucleoside triphosphate binding
tr|E2CB03|E2CB03_9HYPH,GO:0140096,0.11189,"catalytic activity, acting on a protein"
tr|E2CVA2|E2CVA2_9ACTO,GO:0097367,0.13738,carbohydrate derivative binding
tr|E2CVA2|E2CVA2_9ACTO,GO:0032553,0.13009,ribonucleotide binding
tr|E2CVA2|E2CVA2_9ACTO,GO:0140098,0.11661,"catalytic activity, acting on RNA"
tr|E2CVA2|E2CVA2_9ACTO,GO:0032559,0.11379,adenyl ribonucleotide binding
tr|E2CVA2|E2CVA2_9ACTO,GO:0030554,0.11378,adenyl nucleotide binding
tr|E2CVA2|E2CVA2_9ACTO,GO:0032555,0.11263,purine ribonucleotide binding
tr|E2CVA2|E2CVA2_9ACTO,GO:0017076,0.11197,purine nucleotide binding
tr|E2CVA2|E2CVA2_9ACTO,GO:0005524,0.10902,ATP binding
tr|E2CVA2|E2CVA2_9ACTO,GO:0035639,0.10710,purine ribonucleoside triphosphate binding
tr|E2CVA2|E2CVA2_9ACTO,GO:0016874,0.10708,ligase activity
tr|E3CV98|E3CV98_9BACT,GO:0016741,0.11511,"transferase activity, transferring one-carbon groups"
tr|E3CV98|E3CV98_9BACT,GO:0140096,0.10631,"catalytic activity, acting on a protein"
tr|E3CW90|E3CW90_9BACT,GO:0004553,0.16809,"hydrolase activity, hydrolyzing O-glycosyl compounds"
tr|E3CW90|E3CW90_9BACT,GO:0016798,0.14934,"hydrolase activity, acting on glycosyl bonds"
tr|E3CW90|E3CW90_9BACT,GO:0140096,0.11037,"catalytic activity, acting on a protein"
tr|E3CWE9|E3CWE9_9BACT,GO:0016835,0.69271,carbon-oxygen lyase activity
tr|E3CWE9|E3CWE9_9BACT,GO:0016829,0.68643,lyase activity
tr|E3CWE9|E3CWE9_9BACT,GO:0016836,0.58183,hydro-lyase activity
tr|E3CWE9|E3CWE9_9BACT,GO:0051540,0.10159,metal cluster binding
tr|E3CWE9|E3CWE9_9BACT,GO:0051536,0.10128,iron-sulfur cluster binding
tr|E3CX03|E3CX03_9BACT,GO:0016741,0.10965,"transferase activity, transferring one-carbon groups"
tr|E3PRN2|E3PRN2_ACESD,GO:0097367,0.13406,carbohydrate derivative binding
tr|E3PRN2|E3PRN2_ACESD,GO:0032553,0.11817,ribonucleotide binding
tr|E3PXG4|E3PXG4_ACESD,GO:0097367,0.17017,carbohydrate derivative binding
tr|E3PXG4|E3PXG4_ACESD,GO:0032553,0.14525,ribonucleotide binding
tr|E3PXG4|E3PXG4_ACESD,GO:0051540,0.13796,metal cluster binding
tr|E3PXG4|E3PXG4_ACESD,GO:0051536,0.13747,iron-sulfur cluster binding
tr|E3PXG4|E3PXG4_ACESD,GO:0016829,0.13346,lyase activity
tr|E3PXG4|E3PXG4_ACESD,GO:0046914,0.12704,transition metal ion binding
tr|E3PXG4|E3PXG4_ACESD,GO:0030554,0.12244,adenyl nucleotide binding
tr|E3PXG4|E3PXG4_ACESD,GO:0032559,0.12012,adenyl ribonucleotide binding
tr|E3PXG4|E3PXG4_ACESD,GO:0005524,0.11770,ATP binding
tr|E3PXG4|E3PXG4_ACESD,GO:0017076,0.11121,purine nucleotide binding
tr|E3PXG4|E3PXG4_ACESD,GO:0032555,0.10900,purine ribonucleotide binding
tr|E3PXG4|E3PXG4_ACESD,GO:0035639,0.10692,purine ribonucleoside triphosphate binding
tr|E3PXR9|E3PXR9_ACESD,GO:0097367,0.24233,carbohydrate derivative binding
tr|E3PXR9|E3PXR9_ACESD,GO:0032553,0.23008,ribonucleotide binding
tr|E3PXR9|E3PXR9_ACESD,GO:0032555,0.19663,purine ribonucleotide binding
tr|E3PXR9|E3PXR9_ACESD,GO:0035639,0.19376,purine ribonucleoside triphosphate binding
tr|E3PXR9|E3PXR9_ACESD,GO:0017076,0.18567,purine nucleotide binding
tr|E3PXR9|E3PXR9_ACESD,GO:0046914,0.16606,transition metal ion binding
tr|E3PXR9|E3PXR9_ACESD,GO:0016874,0.13045,ligase activity
tr|E3PXR9|E3PXR9_ACESD,GO:0051540,0.11779,metal cluster binding
tr|E3PXR9|E3PXR9_ACESD,GO:0051536,0.11738,iron-sulfur cluster binding
tr|E3PXS0|E3PXS0_ACESD,GO:0097367,0.24796,carbohydrate derivative binding
tr|E3PXS0|E3PXS0_ACESD,GO:0032553,0.23572,ribonucleotide binding
tr|E3PXS0|E3PXS0_ACESD,GO:0032555,0.16214,purine ribonucleotide binding
tr|E3PXS0|E3PXS0_ACESD,GO:0035639,0.16028,purine ribonucleoside triphosphate binding
tr|E3PXS0|E3PXS0_ACESD,GO:0017076,0.15081,purine nucleotide binding
tr|E3PXS0|E3PXS0_ACESD,GO:0032559,0.13691,adenyl ribonucleotide binding
tr|E3PXS0|E3PXS0_ACESD,GO:0005524,0.13501,ATP binding
tr|E3PXS0|E3PXS0_ACESD,GO:0030554,0.12740,adenyl nucleotide binding
tr|E3PXS0|E3PXS0_ACESD,GO:0046914,0.10773,transition metal ion binding
tr|E3T743|E3T743_9BACT,GO:0046914,0.13651,transition metal ion binding
tr|E4MW86|E4MW86_EUTHA,GO:0140096,0.31012,"catalytic activity, acting on a protein"
tr|E4MW86|E4MW86_EUTHA,GO:0008233,0.13364,peptidase activity
tr|E4MXW6|E4MXW6_EUTHA,GO:0140096,0.18063,"catalytic activity, acting on a protein"
tr|E4MY75|E4MY75_EUTHA,GO:0003677,0.11482,DNA binding
tr|E4RTW5|E4RTW5_LEAB4,GO:0016798,0.13344,"hydrolase activity, acting on glycosyl bonds"
tr|E4RTW5|E4RTW5_LEAB4,GO:0004553,0.11780,"hydrolase activity, hydrolyzing O-glycosyl compounds"
tr|E4SCQ4|E4SCQ4_CALK2,GO:0097367,0.50222,carbohydrate derivative binding
tr|E4SCQ4|E4SCQ4_CALK2,GO:0032553,0.38722,ribonucleotide binding
tr|E4SCQ4|E4SCQ4_CALK2,GO:0032555,0.32519,purine ribonucleotide binding
tr|E4SCQ4|E4SCQ4_CALK2,GO:0035639,0.31603,purine ribonucleoside triphosphate binding
tr|E4SCQ4|E4SCQ4_CALK2,GO:0017076,0.31474,purine nucleotide binding
tr|E4SCQ4|E4SCQ4_CALK2,GO:0032559,0.15551,adenyl ribonucleotide binding
tr|E4SCQ4|E4SCQ4_CALK2,GO:0005524,0.15207,ATP binding
tr|E4SCQ4|E4SCQ4_CALK2,GO:0030554,0.14960,adenyl nucleotide binding
tr|E4T2M7|E4T2M7_PALPW,GO:0140096,0.11142,"catalytic activity, acting on a protein"
tr|E4T2M7|E4T2M7_PALPW,GO:0016798,0.10861,"hydrolase activity, acting on glycosyl bonds"
tr|E4T5H1|E4T5H1_PALPW,GO:0097367,0.18031,carbohydrate derivative binding
tr|E4T5H1|E4T5H1_PALPW,GO:0004553,0.14358,"hydrolase activity, hydrolyzing O-glycosyl compounds"
tr|E4T5H1|E4T5H1_PALPW,GO:0016798,0.13276,"hydrolase activity, acting on glycosyl bonds"
tr|E4T5H1|E4T5H1_PALPW,GO:0032553,0.11611,ribonucleotide binding
tr|E4T5H1|E4T5H1_PALPW,GO:0032555,0.10293,purine ribonucleotide binding
tr|E4T7S4|E4T7S4_PALPW,GO:0140096,0.10307,"catalytic activity, acting on a protein"
tr|E4TRA3|E4TRA3_MARTH,GO:0016798,0.10795,"hydrolase activity, acting on glycosyl bonds"
tr|E4TTP7|E4TTP7_MARTH,GO:0097367,0.41838,carbohydrate derivative binding
tr|E4TTP7|E4TTP7_MARTH,GO:0017076,0.40714,purine nucleotide binding
tr|E4TTP7|E4TTP7_MARTH,GO:0032555,0.37874,purine ribonucleotide binding
tr|E4TTP7|E4TTP7_MARTH,GO:0032553,0.36896,ribonucleotide binding
tr|E4TTP7|E4TTP7_MARTH,GO:0035639,0.36647,purine ribonucleoside triphosphate binding
tr|E4TTP7|E4TTP7_MARTH,GO:0030554,0.31748,adenyl nucleotide binding
tr|E4TTP7|E4TTP7_MARTH,GO:0032559,0.29178,adenyl ribonucleotide binding
tr|E4TTP7|E4TTP7_MARTH,GO:0005524,0.28383,ATP binding
tr|E4Z8N7|E4Z8N7_MALDO,GO:0097367,0.31545,carbohydrate derivative binding
tr|E4Z8N7|E4Z8N7_MALDO,GO:0032555,0.29491,purine ribonucleotide binding
tr|E4Z8N7|E4Z8N7_MALDO,GO:0035639,0.29229,purine ribonucleoside triphosphate binding
tr|E4Z8N7|E4Z8N7_MALDO,GO:0032553,0.29080,ribonucleotide binding
tr|E4Z8N7|E4Z8N7_MALDO,GO:0032559,0.27638,adenyl ribonucleotide binding
tr|E4Z8N7|E4Z8N7_MALDO,GO:0005524,0.27531,ATP binding
tr|E4Z8N7|E4Z8N7_MALDO,GO:0017076,0.27379,purine nucleotide binding
tr|E4Z8N7|E4Z8N7_MALDO,GO:0030554,0.25658,adenyl nucleotide binding
tr|E5ATN3|E5ATN3_MYCRK,GO:0003723,0.17320,RNA binding
tr|E5ATN3|E5ATN3_MYCRK,GO:0003677,0.10696,DNA binding
tr|E5ATN3|E5ATN3_MYCRK,GO:0005198,0.10635,structural molecule activity
tr|E5CCB9|E5CCB9_9BACE,GO:0097367,0.49425,carbohydrate derivative binding
tr|E5CCB9|E5CCB9_9BACE,GO:0032553,0.45917,ribonucleotide binding
tr|E5CCB9|E5CCB9_9BACE,GO:0032555,0.44119,purine ribonucleotide binding
tr|E5CCB9|E5CCB9_9BACE,GO:0035639,0.42868,purine ribonucleoside triphosphate binding
tr|E5CCB9|E5CCB9_9BACE,GO:0017076,0.41969,purine nucleotide binding
tr|E5CCB9|E5CCB9_9BACE,GO:0032559,0.24955,adenyl ribonucleotide binding
tr|E5CCB9|E5CCB9_9BACE,GO:0005524,0.24493,ATP binding
tr|E5CCB9|E5CCB9_9BACE,GO:0030554,0.23160,adenyl nucleotide binding
tr|E6VU71|E6VU71_PSEA9,GO:0051540,0.88378,metal cluster binding
tr|E6VU71|E6VU71_PSEA9,GO:0051536,0.88352,iron-sulfur cluster binding
tr|E6VU71|E6VU71_PSEA9,GO:0016651,0.84601,"oxidoreductase activity, acting on NAD(P)H"
tr|E6VU71|E6VU71_PSEA9,GO:0051539,0.81475,"4 iron, 4 sulfur cluster binding"
tr|E6VU71|E6VU71_PSEA9,GO:0009055,0.56745,electron transfer activity
tr|E6VU71|E6VU71_PSEA9,GO:0016655,0.35125,"oxidoreductase activity, acting on NAD(P)H, quinone or similar compound as acceptor"
tr|E6VU71|E6VU71_PSEA9,GO:0046914,0.33305,transition metal ion binding
tr|E6VU71|E6VU71_PSEA9,GO:0003955,0.29106,NAD(P)H dehydrogenase (quinone) activity
tr|E6VU71|E6VU71_PSEA9,GO:0005506,0.27708,iron ion binding
tr|E6VU71|E6VU71_PSEA9,GO:0003954,0.21203,NADH dehydrogenase activity
tr|E6VU71|E6VU71_PSEA9,GO:0048038,0.20978,quinone binding
tr|E6VU71|E6VU71_PSEA9,GO:0050136,0.18743,NADH dehydrogenase (quinone) activity
tr|E6YKA0|E6YKA0_9HYPH,GO:0003677,0.39848,DNA binding
tr|E6YKA0|E6YKA0_9HYPH,GO:0140110,0.12552,transcription regulator activity
tr|E6YKA0|E6YKA0_9HYPH,GO:0140097,0.11313,"catalytic activity, acting on DNA"
tr|E6YKA0|E6YKA0_9HYPH,GO:0003700,0.10983,DNA-binding transcription factor activity
tr|E6YKM9|E6YKM9_9HYPH,GO:0032559,0.45040,adenyl ribonucleotide binding
tr|E6YKM9|E6YKM9_9HYPH,GO:0032553,0.44771,ribonucleotide binding
tr|E6YKM9|E6YKM9_9HYPH,GO:0032555,0.44658,purine ribonucleotide binding
tr|E6YKM9|E6YKM9_9HYPH,GO:0005524,0.44606,ATP binding
tr|E6YKM9|E6YKM9_9HYPH,GO:0035639,0.43573,purine ribonucleoside triphosphate binding
tr|E6YKM9|E6YKM9_9HYPH,GO:0030554,0.43323,adenyl nucleotide binding
tr|E6YKM9|E6YKM9_9HYPH,GO:0017076,0.42903,purine nucleotide binding
tr|E6YKM9|E6YKM9_9HYPH,GO:0097367,0.40033,carbohydrate derivative binding
tr|E6YKM9|E6YKM9_9HYPH,GO:0016772,0.38794,"transferase activity, transferring phosphorus-containing groups"
tr|E6YKM9|E6YKM9_9HYPH,GO:0016301,0.30244,kinase activity
tr|E6YKM9|E6YKM9_9HYPH,GO:0140096,0.27929,"catalytic activity, acting on a protein"
tr|E6YKM9|E6YKM9_9HYPH,GO:0016773,0.20274,"phosphotransferase activity, alcohol group as acceptor"
tr|E6YKM9|E6YKM9_9HYPH,GO:0004672,0.10774,protein kinase activity
tr|E7MMC1|E7MMC1_9FIRM,GO:0097367,0.10652,carbohydrate derivative binding
tr|E7PS57|E7PS57_PSESG,GO:0046914,0.16178,transition metal ion binding
tr|E7S7J3|E7S7J3_9STRE,GO:0005215,0.19375,transporter activity
tr|E7S7J3|E7S7J3_9STRE,GO:0022857,0.19174,transmembrane transporter activity
tr|E7S7J3|E7S7J3_9STRE,GO:0015075,0.16246,ion transmembrane transporter activity
tr|E7S7J3|E7S7J3_9STRE,GO:0015318,0.13266,inorganic molecular entity transmembrane transporter activity
tr|E7S7J3|E7S7J3_9STRE,GO:0009055,0.13121,electron transfer activity
tr|E7S7J8|E7S7J8_9STRE,GO:0097367,0.16127,carbohydrate derivative binding
tr|E7S7J8|E7S7J8_9STRE,GO:0032553,0.14598,ribonucleotide binding
tr|E7S7J8|E7S7J8_9STRE,GO:0032555,0.12907,purine ribonucleotide binding
tr|E7S7J8|E7S7J8_9STRE,GO:0016829,0.12524,lyase activity
tr|E7S7J8|E7S7J8_9STRE,GO:0035639,0.12435,purine ribonucleoside triphosphate binding
tr|E7S7J8|E7S7J8_9STRE,GO:0017076,0.12412,purine nucleotide binding
tr|E7S7J8|E7S7J8_9STRE,GO:0032559,0.10944,adenyl ribonucleotide binding
tr|E7S7J8|E7S7J8_9STRE,GO:0005524,0.10616,ATP binding
tr|E7S7J8|E7S7J8_9STRE,GO:0030554,0.10553,adenyl nucleotide binding
tr|E7S8L3|E7S8L3_9STRE,GO:0008233,0.99048,peptidase activity
tr|E7S8L3|E7S8L3_9STRE,GO:0035639,0.99035,purine ribonucleoside triphosphate binding
tr|E7S8L3|E7S8L3_9STRE,GO:0032555,0.99028,purine ribonucleotide binding
tr|E7S8L3|E7S8L3_9STRE,GO:0017076,0.98906,purine nucleotide binding
tr|E7S8L3|E7S8L3_9STRE,GO:0140096,0.98902,"catalytic activity, acting on a protein"
tr|E7S8L3|E7S8L3_9STRE,GO:0032553,0.98722,ribonucleotide binding
tr|E7S8L3|E7S8L3_9STRE,GO:0097367,0.98679,carbohydrate derivative binding
tr|E7S8L3|E7S8L3_9STRE,GO:0008237,0.98646,metallopeptidase activity
tr|E7S8L3|E7S8L3_9STRE,GO:0005524,0.98602,ATP binding
tr|E7S8L3|E7S8L3_9STRE,GO:0032559,0.98571,adenyl ribonucleotide binding
tr|E7S8L3|E7S8L3_9STRE,GO:0030554,0.98381,adenyl nucleotide binding
tr|E7S8L3|E7S8L3_9STRE,GO:0004175,0.94548,endopeptidase activity
tr|E7S8L3|E7S8L3_9STRE,GO:0004222,0.94162,metalloendopeptidase activity
tr|E7S8L3|E7S8L3_9STRE,GO:0046914,0.86519,transition metal ion binding
tr|E7S8L3|E7S8L3_9STRE,GO:0017111,0.86039,nucleoside-triphosphatase activity
tr|E7S8L3|E7S8L3_9STRE,GO:0016887,0.82368,ATPase activity
tr|E7S8L3|E7S8L3_9STRE,GO:0016818,0.80565,"hydrolase activity, acting on acid anhydrides, in phosphorus-containing anhydrides"
tr|E7S8L3|E7S8L3_9STRE,GO:0016817,0.80552,"hydrolase activity, acting on acid anhydrides"
tr|E7S8L3|E7S8L3_9STRE,GO:0016462,0.80484,pyrophosphatase activity
tr|E7S8L3|E7S8L3_9STRE,GO:0008270,0.59481,zinc ion binding
tr|E7S8T6|E7S8T6_9STRE,GO:0016874,0.99174,ligase activity
tr|E7S8T6|E7S8T6_9STRE,GO:0016875,0.99113,"ligase activity, forming carbon-oxygen bonds"
tr|E7S8T6|E7S8T6_9STRE,GO:0004812,0.99111,aminoacyl-tRNA ligase activity
tr|E7S8T6|E7S8T6_9STRE,GO:0005524,0.98736,ATP binding
tr|E7S8T6|E7S8T6_9STRE,GO:0032559,0.98707,adenyl ribonucleotide binding
tr|E7S8T6|E7S8T6_9STRE,GO:0030554,0.98655,adenyl nucleotide binding
tr|E7S8T6|E7S8T6_9STRE,GO:0032553,0.98493,ribonucleotide binding
tr|E7S8T6|E7S8T6_9STRE,GO:0035639,0.98466,purine ribonucleoside triphosphate binding
tr|E7S8T6|E7S8T6_9STRE,GO:0032555,0.98428,purine ribonucleotide binding
tr|E7S8T6|E7S8T6_9STRE,GO:0017076,0.98366,purine nucleotide binding
tr|E7S8T6|E7S8T6_9STRE,GO:0097367,0.98287,carbohydrate derivative binding
tr|E7S8T6|E7S8T6_9STRE,GO:0140098,0.96682,"catalytic activity, acting on RNA"
tr|E7S8T6|E7S8T6_9STRE,GO:0140101,0.96633,"catalytic activity, acting on a tRNA"
tr|E7S8T6|E7S8T6_9STRE,GO:0016788,0.11371,"hydrolase activity, acting on ester bonds"
tr|E7S936|E7S936_9STRE,GO:0016788,0.15414,"hydrolase activity, acting on ester bonds"
tr|E7S936|E7S936_9STRE,GO:0097367,0.10386,carbohydrate derivative binding
tr|E7S936|E7S936_9STRE,GO:0032553,0.10145,ribonucleotide binding
tr|E7S936|E7S936_9STRE,GO:0046914,0.10076,transition metal ion binding
tr|E7S9F3|E7S9F3_9STRE,GO:0097367,0.15716,carbohydrate derivative binding
tr|E7S9F3|E7S9F3_9STRE,GO:0032553,0.15186,ribonucleotide binding
tr|E7S9F3|E7S9F3_9STRE,GO:0005524,0.14014,ATP binding
tr|E7S9F3|E7S9F3_9STRE,GO:0032559,0.14005,adenyl ribonucleotide binding
tr|E7S9F3|E7S9F3_9STRE,GO:0032555,0.13559,purine ribonucleotide binding
tr|E7S9F3|E7S9F3_9STRE,GO:0035639,0.13517,purine ribonucleoside triphosphate binding
tr|E7S9F3|E7S9F3_9STRE,GO:0140096,0.13360,"catalytic activity, acting on a protein"
tr|E7S9F3|E7S9F3_9STRE,GO:0016874,0.13217,ligase activity
tr|E7S9F3|E7S9F3_9STRE,GO:0030554,0.13120,adenyl nucleotide binding
tr|E7S9F3|E7S9F3_9STRE,GO:0017076,0.12731,purine nucleotide binding
tr|E7S9R5|E7S9R5_9STRE,GO:0035639,0.99979,purine ribonucleoside triphosphate binding
tr|E7S9R5|E7S9R5_9STRE,GO:0017076,0.99978,purine nucleotide binding
tr|E7S9R5|E7S9R5_9STRE,GO:0032555,0.99978,purine ribonucleotide binding
tr|E7S9R5|E7S9R5_9STRE,GO:0005524,0.99976,ATP binding
tr|E7S9R5|E7S9R5_9STRE,GO:0030554,0.99976,adenyl nucleotide binding
tr|E7S9R5|E7S9R5_9STRE,GO:0032559,0.99975,adenyl ribonucleotide binding
tr|E7S9R5|E7S9R5_9STRE,GO:0032553,0.99972,ribonucleotide binding
tr|E7S9R5|E7S9R5_9STRE,GO:0097367,0.99967,carbohydrate derivative binding
tr|E7S9R5|E7S9R5_9STRE,GO:0016884,0.99864,"carbon-nitrogen ligase activity, with glutamine as amido-N-donor"
tr|E7S9R5|E7S9R5_9STRE,GO:0016874,0.99823,ligase activity
tr|E7S9R5|E7S9R5_9STRE,GO:0016879,0.99088,"ligase activity, forming carbon-nitrogen bonds"
tr|E7S9R5|E7S9R5_9STRE,GO:0140101,0.98990,"catalytic activity, acting on a tRNA"
tr|E7S9R5|E7S9R5_9STRE,GO:0140098,0.98351,"catalytic activity, acting on RNA"
tr|E7S9R5|E7S9R5_9STRE,GO:0004040,0.97919,amidase activity
tr|E7S9R5|E7S9R5_9STRE,GO:0016810,0.97092,"hydrolase activity, acting on carbon-nitrogen (but not peptide) bonds"
tr|E7S9R5|E7S9R5_9STRE,GO:0016811,0.96281,"hydrolase activity, acting on carbon-nitrogen (but not peptide) bonds, in linear amides"
tr|E7SA27|E7SA27_9STRE,GO:0019842,0.21548,vitamin binding
tr|E7SA27|E7SA27_9STRE,GO:0070279,0.19304,vitamin B6 binding
tr|E7SA27|E7SA27_9STRE,GO:0030170,0.19258,pyridoxal phosphate binding
tr|E7SA27|E7SA27_9STRE,GO:0016829,0.10291,lyase activity
tr|E7SA36|E7SA36_9STRE,GO:0017076,0.99997,purine nucleotide binding
tr|E7SA36|E7SA36_9STRE,GO:0032555,0.99997,purine ribonucleotide binding
tr|E7SA36|E7SA36_9STRE,GO:0035639,0.99997,purine ribonucleoside triphosphate binding
tr|E7SA36|E7SA36_9STRE,GO:0032553,0.99996,ribonucleotide binding
tr|E7SA36|E7SA36_9STRE,GO:0097367,0.99995,carbohydrate derivative binding
tr|E7SA36|E7SA36_9STRE,GO:0032559,0.99972,adenyl ribonucleotide binding
tr|E7SA36|E7SA36_9STRE,GO:0005524,0.99971,ATP binding
tr|E7SA36|E7SA36_9STRE,GO:0030554,0.99971,adenyl nucleotide binding
tr|E7SA36|E7SA36_9STRE,GO:0016818,0.99757,"hydrolase activity, acting on acid anhydrides, in phosphorus-containing anhydrides"
tr|E7SA36|E7SA36_9STRE,GO:0016817,0.99756,"hydrolase activity, acting on acid anhydrides"
tr|E7SA36|E7SA36_9STRE,GO:0016462,0.99699,pyrophosphatase activity
tr|E7SA36|E7SA36_9STRE,GO:0016887,0.99647,ATPase activity
tr|E7SA36|E7SA36_9STRE,GO:0017111,0.99614,nucleoside-triphosphatase activity
tr|E7SA36|E7SA36_9STRE,GO:0005215,0.89183,transporter activity
tr|E7SA36|E7SA36_9STRE,GO:0022857,0.87243,transmembrane transporter activity
tr|E7SA36|E7SA36_9STRE,GO:0015399,0.86631,primary active transmembrane transporter activity
tr|E7SA36|E7SA36_9STRE,GO:0042626,0.86571,ATPase-coupled transmembrane transporter activity
tr|E7SA36|E7SA36_9STRE,GO:0022804,0.86004,active transmembrane transporter activity
tr|E7SA36|E7SA36_9STRE,GO:0042625,0.75705,ATPase-coupled ion transmembrane transporter activity
tr|E7SA36|E7SA36_9STRE,GO:0022853,0.74449,active ion transmembrane transporter activity
tr|E7SA36|E7SA36_9STRE,GO:0015075,0.73417,ion transmembrane transporter activity
tr|E7SA36|E7SA36_9STRE,GO:0008509,0.65830,anion transmembrane transporter activity
tr|E7SA36|E7SA36_9STRE,GO:0140359,0.60891,ABC-type transporter activity
tr|E7SA36|E7SA36_9STRE,GO:0015318,0.21377,inorganic molecular entity transmembrane transporter activity
tr|E7SA36|E7SA36_9STRE,GO:0008324,0.14644,cation transmembrane transporter activity
tr|E7SA36|E7SA36_9STRE,GO:0015144,0.10809,carbohydrate transmembrane transporter activity
tr|E7SA87|E7SA87_9STRE,GO:0017076,0.36219,purine nucleotide binding
tr|E7SA87|E7SA87_9STRE,GO:0032555,0.34993,purine ribonucleotide binding
tr|E7SA87|E7SA87_9STRE,GO:0035639,0.33869,purine ribonucleoside triphosphate binding
tr|E7SA87|E7SA87_9STRE,GO:0032553,0.33410,ribonucleotide binding
tr|E7SA87|E7SA87_9STRE,GO:0097367,0.31880,carbohydrate derivative binding
tr|E7SA87|E7SA87_9STRE,GO:0030554,0.30001,adenyl nucleotide binding
tr|E7SA87|E7SA87_9STRE,GO:0032559,0.28902,adenyl ribonucleotide binding
tr|E7SA87|E7SA87_9STRE,GO:0005524,0.28538,ATP binding
tr|E7SAB0|E7SAB0_9STRE,GO:0003677,0.24848,DNA binding
tr|E7SAB0|E7SAB0_9STRE,GO:0003723,0.21691,RNA binding
tr|E7SB02|E7SB02_9STRE,GO:0035639,0.99703,purine ribonucleoside triphosphate binding
tr|E7SB02|E7SB02_9STRE,GO:0032555,0.99701,purine ribonucleotide binding
tr|E7SB02|E7SB02_9STRE,GO:0032553,0.99663,ribonucleotide binding
tr|E7SB02|E7SB02_9STRE,GO:0017076,0.99656,purine nucleotide binding
tr|E7SB02|E7SB02_9STRE,GO:0097367,0.99604,carbohydrate derivative binding
tr|E7SB02|E7SB02_9STRE,GO:0005524,0.99589,ATP binding
tr|E7SB02|E7SB02_9STRE,GO:0032559,0.99588,adenyl ribonucleotide binding
tr|E7SB02|E7SB02_9STRE,GO:0030554,0.99523,adenyl nucleotide binding
tr|E7SB02|E7SB02_9STRE,GO:0016818,0.99468,"hydrolase activity, acting on acid anhydrides, in phosphorus-containing anhydrides"
tr|E7SB02|E7SB02_9STRE,GO:0016817,0.99464,"hydrolase activity, acting on acid anhydrides"
tr|E7SB02|E7SB02_9STRE,GO:0016462,0.99445,pyrophosphatase activity
tr|E7SB02|E7SB02_9STRE,GO:0017111,0.99334,nucleoside-triphosphatase activity
tr|E7SB02|E7SB02_9STRE,GO:0016887,0.98969,ATPase activity
tr|E7SB02|E7SB02_9STRE,GO:0140097,0.97856,"catalytic activity, acting on DNA"
tr|E7SB02|E7SB02_9STRE,GO:0004536,0.90168,deoxyribonuclease activity
tr|E7SB02|E7SB02_9STRE,GO:0004520,0.90023,endodeoxyribonuclease activity
tr|E7SB02|E7SB02_9STRE,GO:0004519,0.89955,endonuclease activity
tr|E7SB02|E7SB02_9STRE,GO:0003677,0.89753,DNA binding
tr|E7SB02|E7SB02_9STRE,GO:0004518,0.82461,nuclease activity
tr|E7SB02|E7SB02_9STRE,GO:0016788,0.68982,"hydrolase activity, acting on ester bonds"
tr|E7SB02|E7SB02_9STRE,GO:0004386,0.43594,helicase activity
tr|E7SB94|E7SB94_9STRE,GO:0046914,0.14396,transition metal ion binding
tr|E7SB94|E7SB94_9STRE,GO:0097367,0.10410,carbohydrate derivative binding
tr|E7SB94|E7SB94_9STRE,GO:0032553,0.10096,ribonucleotide binding
tr|E7SB98|E7SB98_9STRE,GO:0032553,0.99598,ribonucleotide binding
tr|E7SB98|E7SB98_9STRE,GO:0097367,0.99547,carbohydrate derivative binding
tr|E7SB98|E7SB98_9STRE,GO:0017076,0.99530,purine nucleotide binding
tr|E7SB98|E7SB98_9STRE,GO:0032555,0.99468,purine ribonucleotide binding
tr|E7SB98|E7SB98_9STRE,GO:0035639,0.99457,purine ribonucleoside triphosphate binding
tr|E7SB98|E7SB98_9STRE,GO:0032549,0.72539,ribonucleoside binding
tr|E7SB98|E7SB98_9STRE,GO:0032550,0.72403,purine ribonucleoside binding
tr|E7SB98|E7SB98_9STRE,GO:0001882,0.72015,nucleoside binding
tr|E7SB98|E7SB98_9STRE,GO:0001883,0.71998,purine nucleoside binding
tr|E7SB98|E7SB98_9STRE,GO:0005525,0.71973,GTP binding
tr|E7SB98|E7SB98_9STRE,GO:0019001,0.71777,guanyl nucleotide binding
tr|E7SB98|E7SB98_9STRE,GO:0017111,0.71590,nucleoside-triphosphatase activity
tr|E7SB98|E7SB98_9STRE,GO:0032561,0.71124,guanyl ribonucleotide binding
tr|E7SB98|E7SB98_9STRE,GO:0016462,0.70603,pyrophosphatase activity
tr|E7SB98|E7SB98_9STRE,GO:0016818,0.68673,"hydrolase activity, acting on acid anhydrides, in phosphorus-containing anhydrides"
tr|E7SB98|E7SB98_9STRE,GO:0016817,0.68648,"hydrolase activity, acting on acid anhydrides"
tr|E7SB98|E7SB98_9STRE,GO:0030554,0.45464,adenyl nucleotide binding
tr|E7SB98|E7SB98_9STRE,GO:0032559,0.43188,adenyl ribonucleotide binding
tr|E7SB98|E7SB98_9STRE,GO:0005524,0.42815,ATP binding
tr|E7SB98|E7SB98_9STRE,GO:0003924,0.42337,GTPase activity
tr|E7SB98|E7SB98_9STRE,GO:0003723,0.13562,RNA binding
tr|E7SBG3|E7SBG3_9STRE,GO:0005215,0.11313,transporter activity
tr|E7SBG3|E7SBG3_9STRE,GO:0022857,0.10657,transmembrane transporter activity
tr|E7SBM1|E7SBM1_9STRE,GO:0005215,0.11607,transporter activity
tr|E7SBM1|E7SBM1_9STRE,GO:0022857,0.11473,transmembrane transporter activity
tr|E7SBM1|E7SBM1_9STRE,GO:0003677,0.10493,DNA binding
tr|E7SC29|E7SC29_9STRE,GO:0097367,0.22268,carbohydrate derivative binding
tr|E7SC29|E7SC29_9STRE,GO:0032553,0.16126,ribonucleotide binding
tr|E7SC29|E7SC29_9STRE,GO:0017076,0.14678,purine nucleotide binding
tr|E7SC29|E7SC29_9STRE,GO:0032555,0.13597,purine ribonucleotide binding
tr|E7SC29|E7SC29_9STRE,GO:0035639,0.13128,purine ribonucleoside triphosphate binding
tr|E7SC79|E7SC79_9STRE,GO:0140096,0.10944,"catalytic activity, acting on a protein"
tr|E7SCE8|E7SCE8_9STRE,GO:0009055,0.18721,electron transfer activity
tr|E7SCE8|E7SCE8_9STRE,GO:0005215,0.17548,transporter activity
tr|E7SCE8|E7SCE8_9STRE,GO:0022857,0.16315,transmembrane transporter activity
tr|E7SCE8|E7SCE8_9STRE,GO:0015075,0.12817,ion transmembrane transporter activity
tr|E7SCE8|E7SCE8_9STRE,GO:0015318,0.11317,inorganic molecular entity transmembrane transporter activity
tr|E7SD33|E7SD33_9STRE,GO:0097367,0.12228,carbohydrate derivative binding
tr|E8JZR6|E8JZR6_9STRE,GO:0016829,0.53441,lyase activity
tr|E8JZR6|E8JZR6_9STRE,GO:0016830,0.19568,carbon-carbon lyase activity
tr|E8JZR6|E8JZR6_9STRE,GO:0016831,0.17047,carboxy-lyase activity
tr|E8JZR6|E8JZR6_9STRE,GO:0097367,0.15441,carbohydrate derivative binding
tr|E8JZR6|E8JZR6_9STRE,GO:0032553,0.13635,ribonucleotide binding
tr|E8JZR6|E8JZR6_9STRE,GO:0032555,0.12752,purine ribonucleotide binding
tr|E8JZR6|E8JZR6_9STRE,GO:0035639,0.12389,purine ribonucleoside triphosphate binding
tr|E8JZR6|E8JZR6_9STRE,GO:0017076,0.12249,purine nucleotide binding
tr|E8K106|E8K106_9STRE,GO:0000287,0.12357,magnesium ion binding
tr|E8K106|E8K106_9STRE,GO:0097367,0.10107,carbohydrate derivative binding
tr|E8K1G7|E8K1G7_9STRE,GO:0032553,0.98808,ribonucleotide binding
tr|E8K1G7|E8K1G7_9STRE,GO:0035639,0.98775,purine ribonucleoside triphosphate binding
tr|E8K1G7|E8K1G7_9STRE,GO:0032555,0.98769,purine ribonucleotide binding
tr|E8K1G7|E8K1G7_9STRE,GO:0097367,0.98724,carbohydrate derivative binding
tr|E8K1G7|E8K1G7_9STRE,GO:0017076,0.98722,purine nucleotide binding
tr|E8K1G7|E8K1G7_9STRE,GO:0005524,0.95088,ATP binding
tr|E8K1G7|E8K1G7_9STRE,GO:0032559,0.94999,adenyl ribonucleotide binding
tr|E8K1G7|E8K1G7_9STRE,GO:0030554,0.94755,adenyl nucleotide binding
tr|E8K1G7|E8K1G7_9STRE,GO:0017111,0.54578,nucleoside-triphosphatase activity
tr|E8K1G7|E8K1G7_9STRE,GO:0016462,0.54555,pyrophosphatase activity
tr|E8K1G7|E8K1G7_9STRE,GO:0016818,0.51309,"hydrolase activity, acting on acid anhydrides, in phosphorus-containing anhydrides"
tr|E8K1G7|E8K1G7_9STRE,GO:0016817,0.51266,"hydrolase activity, acting on acid anhydrides"
tr|E8K1G7|E8K1G7_9STRE,GO:0016887,0.38229,ATPase activity
tr|E8K1G7|E8K1G7_9STRE,GO:0003677,0.16170,DNA binding
tr|E8MXK4|E8MXK4_ANATU,GO:0016829,0.22785,lyase activity
tr|E8MXK4|E8MXK4_ANATU,GO:0000287,0.19430,magnesium ion binding
tr|E8MXK4|E8MXK4_ANATU,GO:0097367,0.13644,carbohydrate derivative binding
tr|E8MXK4|E8MXK4_ANATU,GO:0032553,0.12881,ribonucleotide binding
tr|E8MXK4|E8MXK4_ANATU,GO:0032555,0.10259,purine ribonucleotide binding
tr|E8MXK4|E8MXK4_ANATU,GO:0032559,0.10238,adenyl ribonucleotide binding
tr|E8MXK4|E8MXK4_ANATU,GO:0005524,0.10093,ATP binding
tr|E8MXK5|E8MXK5_ANATU,GO:0003677,0.15645,DNA binding
tr|E8MXK5|E8MXK5_ANATU,GO:0003723,0.10632,RNA binding
tr|E8MXK5|E8MXK5_ANATU,GO:0005198,0.10628,structural molecule activity
tr|E8MXK5|E8MXK5_ANATU,GO:0097367,0.10294,carbohydrate derivative binding
tr|E8MXK5|E8MXK5_ANATU,GO:0003735,0.10076,structural constituent of ribosome
tr|E8MZ15|E8MZ15_ANATU,GO:0097367,0.33962,carbohydrate derivative binding
tr|E8MZ15|E8MZ15_ANATU,GO:0032553,0.32021,ribonucleotide binding
tr|E8MZ15|E8MZ15_ANATU,GO:0032555,0.29412,purine ribonucleotide binding
tr|E8MZ15|E8MZ15_ANATU,GO:0035639,0.29203,purine ribonucleoside triphosphate binding
tr|E8MZ15|E8MZ15_ANATU,GO:0017076,0.29102,purine nucleotide binding
tr|E8MZ15|E8MZ15_ANATU,GO:0032559,0.24302,adenyl ribonucleotide binding
tr|E8MZ15|E8MZ15_ANATU,GO:0030554,0.24137,adenyl nucleotide binding
tr|E8MZ15|E8MZ15_ANATU,GO:0005524,0.24115,ATP binding
tr|E8MZ15|E8MZ15_ANATU,GO:0016874,0.20401,ligase activity
tr|E8MZ15|E8MZ15_ANATU,GO:0000287,0.14464,magnesium ion binding
tr|E8MZ15|E8MZ15_ANATU,GO:0046914,0.10277,transition metal ion binding
tr|E8MZ15|E8MZ15_ANATU,GO:0016829,0.10071,lyase activity
tr|E8MZI3|E8MZI3_ANATU,GO:0032553,0.99975,ribonucleotide binding
tr|E8MZI3|E8MZI3_ANATU,GO:0017076,0.99972,purine nucleotide binding
tr|E8MZI3|E8MZI3_ANATU,GO:0035639,0.99969,purine ribonucleoside triphosphate binding
tr|E8MZI3|E8MZI3_ANATU,GO:0097367,0.99968,carbohydrate derivative binding
tr|E8MZI3|E8MZI3_ANATU,GO:0032555,0.99968,purine ribonucleotide binding
tr|E8MZI3|E8MZI3_ANATU,GO:0030554,0.99968,adenyl nucleotide binding
tr|E8MZI3|E8MZI3_ANATU,GO:0005524,0.99963,ATP binding
tr|E8MZI3|E8MZI3_ANATU,GO:0032559,0.99963,adenyl ribonucleotide binding
tr|E8MZI3|E8MZI3_ANATU,GO:0051082,0.92817,unfolded protein binding
tr|E8MZM0|E8MZM0_ANATU,GO:0016829,0.99975,lyase activity
tr|E8MZM0|E8MZM0_ANATU,GO:0016835,0.99925,carbon-oxygen lyase activity
tr|E8MZM0|E8MZM0_ANATU,GO:0016836,0.99689,hydro-lyase activity
tr|E8MZM0|E8MZM0_ANATU,GO:0004634,0.97946,phosphopyruvate hydratase activity
tr|E8MZM0|E8MZM0_ANATU,GO:0000287,0.94669,magnesium ion binding
tr|E8N0E4|E8N0E4_ANATU,GO:0017076,0.99902,purine nucleotide binding
tr|E8N0E4|E8N0E4_ANATU,GO:0032555,0.99868,purine ribonucleotide binding
tr|E8N0E4|E8N0E4_ANATU,GO:0035639,0.99866,purine ribonucleoside triphosphate binding
tr|E8N0E4|E8N0E4_ANATU,GO:0032553,0.99860,ribonucleotide binding
tr|E8N0E4|E8N0E4_ANATU,GO:0097367,0.99828,carbohydrate derivative binding
tr|E8N0E4|E8N0E4_ANATU,GO:0030554,0.99827,adenyl nucleotide binding
tr|E8N0E4|E8N0E4_ANATU,GO:0032559,0.99763,adenyl ribonucleotide binding
tr|E8N0E4|E8N0E4_ANATU,GO:0005524,0.99758,ATP binding
tr|E8N0E4|E8N0E4_ANATU,GO:0051082,0.81784,unfolded protein binding
tr|E8N0J0|E8N0J0_ANATU,GO:0016772,0.12598,"transferase activity, transferring phosphorus-containing groups"
tr|E8N0J0|E8N0J0_ANATU,GO:0097367,0.10398,carbohydrate derivative binding
tr|E8N0J0|E8N0J0_ANATU,GO:0032553,0.10364,ribonucleotide binding
tr|E8N0J0|E8N0J0_ANATU,GO:0016779,0.10316,nucleotidyltransferase activity
tr|E8N0T2|E8N0T2_ANATU,GO:0003735,0.13840,structural constituent of ribosome
tr|E8N0T2|E8N0T2_ANATU,GO:0005198,0.13830,structural molecule activity
tr|E8N0T2|E8N0T2_ANATU,GO:0003677,0.13321,DNA binding
tr|E8N0T2|E8N0T2_ANATU,GO:0003723,0.12265,RNA binding
tr|E8N0W1|E8N0W1_ANATU,GO:0051540,0.15238,metal cluster binding
tr|E8N0W1|E8N0W1_ANATU,GO:0051536,0.15216,iron-sulfur cluster binding
tr|E8N0W1|E8N0W1_ANATU,GO:0009055,0.11441,electron transfer activity
tr|E8N144|E8N144_ANATU,GO:0005524,0.99458,ATP binding
tr|E8N144|E8N144_ANATU,GO:0035639,0.99458,purine ribonucleoside triphosphate binding
tr|E8N144|E8N144_ANATU,GO:0032559,0.99454,adenyl ribonucleotide binding
tr|E8N144|E8N144_ANATU,GO:0030554,0.99452,adenyl nucleotide binding
tr|E8N144|E8N144_ANATU,GO:0032555,0.99447,purine ribonucleotide binding
tr|E8N144|E8N144_ANATU,GO:0017076,0.99443,purine nucleotide binding
tr|E8N144|E8N144_ANATU,GO:0032553,0.99410,ribonucleotide binding
tr|E8N144|E8N144_ANATU,GO:0097367,0.99337,carbohydrate derivative binding
tr|E8N144|E8N144_ANATU,GO:0016301,0.99012,kinase activity
tr|E8N144|E8N144_ANATU,GO:0016772,0.98791,"transferase activity, transferring phosphorus-containing groups"
tr|E8N144|E8N144_ANATU,GO:0016773,0.97375,"phosphotransferase activity, alcohol group as acceptor"
tr|E8N197|E8N197_ANATU,GO:0032555,0.99865,purine ribonucleotide binding
tr|E8N197|E8N197_ANATU,GO:0035639,0.99862,purine ribonucleoside triphosphate binding
tr|E8N197|E8N197_ANATU,GO:0032553,0.99850,ribonucleotide binding
tr|E8N197|E8N197_ANATU,GO:0017076,0.99846,purine nucleotide binding
tr|E8N197|E8N197_ANATU,GO:0032559,0.99832,adenyl ribonucleotide binding
tr|E8N197|E8N197_ANATU,GO:0097367,0.99832,carbohydrate derivative binding
tr|E8N197|E8N197_ANATU,GO:0005524,0.99827,ATP binding
tr|E8N197|E8N197_ANATU,GO:0030554,0.99808,adenyl nucleotide binding
tr|E8N197|E8N197_ANATU,GO:0016765,0.96728,"transferase activity, transferring alkyl or aryl (other than methyl) groups"
tr|E8N197|E8N197_ANATU,GO:0000287,0.74054,magnesium ion binding
tr|E8N1B5|E8N1B5_ANATU,GO:0051536,0.74392,iron-sulfur cluster binding
tr|E8N1B5|E8N1B5_ANATU,GO:0051540,0.74340,metal cluster binding
tr|E8N1B5|E8N1B5_ANATU,GO:0051539,0.70913,"4 iron, 4 sulfur cluster binding"
tr|E8N1B5|E8N1B5_ANATU,GO:0046914,0.15748,transition metal ion binding
tr|E8N1B5|E8N1B5_ANATU,GO:0097367,0.12645,carbohydrate derivative binding
tr|E8N1B5|E8N1B5_ANATU,GO:0030554,0.11791,adenyl nucleotide binding
tr|E8N1B5|E8N1B5_ANATU,GO:0032559,0.11695,adenyl ribonucleotide binding
tr|E8N1B5|E8N1B5_ANATU,GO:0032553,0.11662,ribonucleotide binding
tr|E8N1B5|E8N1B5_ANATU,GO:0005524,0.11505,ATP binding
tr|E8N1B5|E8N1B5_ANATU,GO:0017076,0.10819,purine nucleotide binding
tr|E8N1B5|E8N1B5_ANATU,GO:0032555,0.10744,purine ribonucleotide binding
tr|E8N1B5|E8N1B5_ANATU,GO:0035639,0.10484,purine ribonucleoside triphosphate binding
tr|E8N2C8|E8N2C8_ANATU,GO:0016616,0.81081,"oxidoreductase activity, acting on the CH-OH group of donors, NAD or NADP as acceptor"
tr|E8N2C8|E8N2C8_ANATU,GO:0016614,0.80395,"oxidoreductase activity, acting on CH-OH group of donors"
tr|E8N2C8|E8N2C8_ANATU,GO:0051287,0.42575,NAD binding
tr|E8N2C8|E8N2C8_ANATU,GO:0050661,0.22548,NADP binding
tr|E8N2C8|E8N2C8_ANATU,GO:0050660,0.10363,flavin adenine dinucleotide binding
tr|E8N2U3|E8N2U3_ANATU,GO:0032553,0.99975,ribonucleotide binding
tr|E8N2U3|E8N2U3_ANATU,GO:0017076,0.99974,purine nucleotide binding
tr|E8N2U3|E8N2U3_ANATU,GO:0035639,0.99968,purine ribonucleoside triphosphate binding
tr|E8N2U3|E8N2U3_ANATU,GO:0097367,0.99968,carbohydrate derivative binding
tr|E8N2U3|E8N2U3_ANATU,GO:0032555,0.99967,purine ribonucleotide binding
tr|E8N2U3|E8N2U3_ANATU,GO:0030554,0.99956,adenyl nucleotide binding
tr|E8N2U3|E8N2U3_ANATU,GO:0005524,0.99942,ATP binding
tr|E8N2U3|E8N2U3_ANATU,GO:0032559,0.99942,adenyl ribonucleotide binding
tr|E8N2U3|E8N2U3_ANATU,GO:0051082,0.95346,unfolded protein binding
tr|E8N325|E8N325_ANATU,GO:0022857,0.10983,transmembrane transporter activity
tr|E8N325|E8N325_ANATU,GO:0005215,0.10962,transporter activity
tr|E8N3M2|E8N3M2_ANATU,GO:0032550,1.00000,purine ribonucleoside binding
tr|E8N3M2|E8N3M2_ANATU,GO:0032549,1.00000,ribonucleoside binding
tr|E8N3M2|E8N3M2_ANATU,GO:0019001,1.00000,guanyl nucleotide binding
tr|E8N3M2|E8N3M2_ANATU,GO:0032561,1.00000,guanyl ribonucleotide binding
tr|E8N3M2|E8N3M2_ANATU,GO:0005525,1.00000,GTP binding
tr|E8N3M2|E8N3M2_ANATU,GO:0001883,1.00000,purine nucleoside binding
tr|E8N3M2|E8N3M2_ANATU,GO:0001882,1.00000,nucleoside binding
tr|E8N3M2|E8N3M2_ANATU,GO:0003924,1.00000,GTPase activity
tr|E8N3M2|E8N3M2_ANATU,GO:0016818,1.00000,"hydrolase activity, acting on acid anhydrides, in phosphorus-containing anhydrides"
tr|E8N3M2|E8N3M2_ANATU,GO:0016817,1.00000,"hydrolase activity, acting on acid anhydrides"
tr|E8N3M2|E8N3M2_ANATU,GO:0016462,1.00000,pyrophosphatase activity
tr|E8N3M2|E8N3M2_ANATU,GO:0032553,1.00000,ribonucleotide binding
tr|E8N3M2|E8N3M2_ANATU,GO:0017111,1.00000,nucleoside-triphosphatase activity
tr|E8N3M2|E8N3M2_ANATU,GO:0097367,1.00000,carbohydrate derivative binding
tr|E8N3M2|E8N3M2_ANATU,GO:0017076,0.99999,purine nucleotide binding
tr|E8N3M2|E8N3M2_ANATU,GO:0032555,0.99999,purine ribonucleotide binding
tr|E8N3M2|E8N3M2_ANATU,GO:0035639,0.99999,purine ribonucleoside triphosphate binding
tr|E8N3M2|E8N3M2_ANATU,GO:0008135,0.99997,"translation factor activity, RNA binding"
tr|E8N3M2|E8N3M2_ANATU,GO:0090079,0.99997,"translation regulator activity, nucleic acid binding"
tr|E8N3M2|E8N3M2_ANATU,GO:0045182,0.99997,translation regulator activity
tr|E8N3M2|E8N3M2_ANATU,GO:0003723,0.99900,RNA binding
tr|E8N3M2|E8N3M2_ANATU,GO:0003746,0.99884,translation elongation factor activity
tr|E8N430|E8N430_ANATU,GO:0003723,0.12739,RNA binding
tr|E8N4J2|E8N4J2_ANATU,GO:0017076,0.99969,purine nucleotide binding
tr|E8N4J2|E8N4J2_ANATU,GO:0032555,0.99968,purine ribonucleotide binding
tr|E8N4J2|E8N4J2_ANATU,GO:0035639,0.99968,purine ribonucleoside triphosphate binding
tr|E8N4J2|E8N4J2_ANATU,GO:0032553,0.99965,ribonucleotide binding
tr|E8N4J2|E8N4J2_ANATU,GO:0097367,0.99959,carbohydrate derivative binding
tr|E8N4J2|E8N4J2_ANATU,GO:0030554,0.99934,adenyl nucleotide binding
tr|E8N4J2|E8N4J2_ANATU,GO:0032559,0.99932,adenyl ribonucleotide binding
tr|E8N4J2|E8N4J2_ANATU,GO:0005524,0.99931,ATP binding
tr|E8N4J2|E8N4J2_ANATU,GO:0016301,0.99211,kinase activity
tr|E8N4J2|E8N4J2_ANATU,GO:0016774,0.98817,"phosphotransferase activity, carboxyl group as acceptor"
tr|E8N4J2|E8N4J2_ANATU,GO:0016772,0.98734,"transferase activity, transferring phosphorus-containing groups"
tr|E8N4J2|E8N4J2_ANATU,GO:0004618,0.94088,phosphoglycerate kinase activity
tr|E8N4J3|E8N4J3_ANATU,GO:0016620,0.99243,"oxidoreductase activity, acting on the aldehyde or oxo group of donors, NAD or NADP as acceptor"
tr|E8N4J3|E8N4J3_ANATU,GO:0016903,0.98998,"oxidoreductase activity, acting on the aldehyde or oxo group of donors"
tr|E8N4J3|E8N4J3_ANATU,GO:0051287,0.86679,NAD binding
tr|E8N4J3|E8N4J3_ANATU,GO:0050661,0.80680,NADP binding
tr|E8N4J3|E8N4J3_ANATU,GO:0043891,0.61012,glyceraldehyde-3-phosphate dehydrogenase (NAD(P)+) (phosphorylating) activity
tr|E8N4J3|E8N4J3_ANATU,GO:0004365,0.58254,glyceraldehyde-3-phosphate dehydrogenase (NAD+) (phosphorylating) activity
tr|E8N4R7|E8N4R7_ANATU,GO:0032553,0.99524,ribonucleotide binding
tr|E8N4R7|E8N4R7_ANATU,GO:0097367,0.99469,carbohydrate derivative binding
tr|E8N4R7|E8N4R7_ANATU,GO:0017076,0.99090,purine nucleotide binding
tr|E8N4R7|E8N4R7_ANATU,GO:0032555,0.99000,purine ribonucleotide binding
tr|E8N4R7|E8N4R7_ANATU,GO:0035639,0.98956,purine ribonucleoside triphosphate binding
tr|E8N4R7|E8N4R7_ANATU,GO:0019001,0.98818,guanyl nucleotide binding
tr|E8N4R7|E8N4R7_ANATU,GO:0016818,0.98770,"hydrolase activity, acting on acid anhydrides, in phosphorus-containing anhydrides"
tr|E8N4R7|E8N4R7_ANATU,GO:0016817,0.98767,"hydrolase activity, acting on acid anhydrides"
tr|E8N4R7|E8N4R7_ANATU,GO:0032550,0.98756,purine ribonucleoside binding
tr|E8N4R7|E8N4R7_ANATU,GO:0032549,0.98749,ribonucleoside binding
tr|E8N4R7|E8N4R7_ANATU,GO:0001883,0.98749,purine nucleoside binding
tr|E8N4R7|E8N4R7_ANATU,GO:0001882,0.98736,nucleoside binding
tr|E8N4R7|E8N4R7_ANATU,GO:0032561,0.98716,guanyl ribonucleotide binding
tr|E8N4R7|E8N4R7_ANATU,GO:0005525,0.98699,GTP binding
tr|E8N4R7|E8N4R7_ANATU,GO:0016462,0.98566,pyrophosphatase activity
tr|E8N4R7|E8N4R7_ANATU,GO:0017111,0.98218,nucleoside-triphosphatase activity
tr|E8N4R7|E8N4R7_ANATU,GO:0003924,0.97653,GTPase activity
tr|E8N4R7|E8N4R7_ANATU,GO:0003723,0.75904,RNA binding
tr|E8N4R7|E8N4R7_ANATU,GO:0045182,0.50011,translation regulator activity
tr|E8N4R7|E8N4R7_ANATU,GO:0008135,0.49826,"translation factor activity, RNA binding"
tr|E8N4R7|E8N4R7_ANATU,GO:0090079,0.49665,"translation regulator activity, nucleic acid binding"
tr|E8N4S2|E8N4S2_ANATU,GO:0017076,0.99951,purine nucleotide binding
tr|E8N4S2|E8N4S2_ANATU,GO:0032555,0.99948,purine ribonucleotide binding
tr|E8N4S2|E8N4S2_ANATU,GO:0035639,0.99947,purine ribonucleoside triphosphate binding
tr|E8N4S2|E8N4S2_ANATU,GO:0032553,0.99943,ribonucleotide binding
tr|E8N4S2|E8N4S2_ANATU,GO:0097367,0.99921,carbohydrate derivative binding
tr|E8N4S2|E8N4S2_ANATU,GO:0030554,0.99807,adenyl nucleotide binding
tr|E8N4S2|E8N4S2_ANATU,GO:0032559,0.99794,adenyl ribonucleotide binding
tr|E8N4S2|E8N4S2_ANATU,GO:0005524,0.99793,ATP binding
tr|E8N4S2|E8N4S2_ANATU,GO:0017111,0.14050,nucleoside-triphosphatase activity
tr|E8N4S2|E8N4S2_ANATU,GO:0016462,0.13482,pyrophosphatase activity
tr|E8N4S2|E8N4S2_ANATU,GO:0016818,0.13041,"hydrolase activity, acting on acid anhydrides, in phosphorus-containing anhydrides"
tr|E8N4S2|E8N4S2_ANATU,GO:0016817,0.12975,"hydrolase activity, acting on acid anhydrides"
tr|E8N4V9|E8N4V9_ANATU,GO:0046914,0.13392,transition metal ion binding
tr|E8N4V9|E8N4V9_ANATU,GO:0016829,0.12692,lyase activity
tr|E8N4V9|E8N4V9_ANATU,GO:0003677,0.11272,DNA binding
tr|E8N4V9|E8N4V9_ANATU,GO:0016772,0.10284,"transferase activity, transferring phosphorus-containing groups"
tr|E8N5H0|E8N5H0_ANATU,GO:0017076,0.44179,purine nucleotide binding
tr|E8N5H0|E8N5H0_ANATU,GO:0032553,0.44089,ribonucleotide binding
tr|E8N5H0|E8N5H0_ANATU,GO:0097367,0.44039,carbohydrate derivative binding
tr|E8N5H0|E8N5H0_ANATU,GO:0032555,0.42843,purine ribonucleotide binding
tr|E8N5H0|E8N5H0_ANATU,GO:0030554,0.42464,adenyl nucleotide binding
tr|E8N5H0|E8N5H0_ANATU,GO:0035639,0.42231,purine ribonucleoside triphosphate binding
tr|E8N5H0|E8N5H0_ANATU,GO:0032559,0.41111,adenyl ribonucleotide binding
tr|E8N5H0|E8N5H0_ANATU,GO:0005524,0.40480,ATP binding
tr|E8N5H0|E8N5H0_ANATU,GO:0000287,0.13806,magnesium ion binding
tr|E8N5J7|E8N5J7_ANATU,GO:0097367,0.17071,carbohydrate derivative binding
tr|E8N5J7|E8N5J7_ANATU,GO:0032553,0.15873,ribonucleotide binding
tr|E8N5J7|E8N5J7_ANATU,GO:0017076,0.14765,purine nucleotide binding
tr|E8N5J7|E8N5J7_ANATU,GO:0032555,0.14602,purine ribonucleotide binding
tr|E8N5J7|E8N5J7_ANATU,GO:0035639,0.13989,purine ribonucleoside triphosphate binding
tr|E8N5J7|E8N5J7_ANATU,GO:0030554,0.13460,adenyl nucleotide binding
tr|E8N5J7|E8N5J7_ANATU,GO:0032559,0.13305,adenyl ribonucleotide binding
tr|E8N5J7|E8N5J7_ANATU,GO:0005524,0.12918,ATP binding
tr|E8UX37|E8UX37_TERSS,GO:0016798,0.11463,"hydrolase activity, acting on glycosyl bonds"
tr|E8UX37|E8UX37_TERSS,GO:0004553,0.11349,"hydrolase activity, hydrolyzing O-glycosyl compounds"
tr|E8UX37|E8UX37_TERSS,GO:0008233,0.10839,peptidase activity
tr|E8UX37|E8UX37_TERSS,GO:0097367,0.10443,carbohydrate derivative binding
tr|E8UZU8|E8UZU8_TERSS,GO:0008233,0.10113,peptidase activity
tr|E8V2H6|E8V2H6_TERSS,GO:0097367,0.11417,carbohydrate derivative binding
tr|E8WHL3|E8WHL3_GEOS8,GO:0051540,0.75222,metal cluster binding
tr|E8WHL3|E8WHL3_GEOS8,GO:0051536,0.75139,iron-sulfur cluster binding
tr|E8WHL3|E8WHL3_GEOS8,GO:0051539,0.64198,"4 iron, 4 sulfur cluster binding"
tr|E8WHL3|E8WHL3_GEOS8,GO:0016651,0.45583,"oxidoreductase activity, acting on NAD(P)H"
tr|E8WHL3|E8WHL3_GEOS8,GO:0046914,0.37054,transition metal ion binding
tr|E8WHL3|E8WHL3_GEOS8,GO:0009055,0.27453,electron transfer activity
tr|E8WHL3|E8WHL3_GEOS8,GO:0005506,0.19635,iron ion binding
tr|E8WHL3|E8WHL3_GEOS8,GO:0016655,0.13446,"oxidoreductase activity, acting on NAD(P)H, quinone or similar compound as acceptor"
tr|E8WHL3|E8WHL3_GEOS8,GO:0003955,0.10473,NAD(P)H dehydrogenase (quinone) activity
tr|E8WHL5|E8WHL5_GEOS8,GO:0016655,0.59133,"oxidoreductase activity, acting on NAD(P)H, quinone or similar compound as acceptor"
tr|E8WHL5|E8WHL5_GEOS8,GO:0003954,0.57819,NADH dehydrogenase activity
tr|E8WHL5|E8WHL5_GEOS8,GO:0050136,0.56204,NADH dehydrogenase (quinone) activity
tr|E8WHL5|E8WHL5_GEOS8,GO:0003955,0.51613,NAD(P)H dehydrogenase (quinone) activity
tr|E8WHL5|E8WHL5_GEOS8,GO:0016651,0.50594,"oxidoreductase activity, acting on NAD(P)H"
tr|E8WHL5|E8WHL5_GEOS8,GO:0048038,0.40468,quinone binding
tr|E8WHL5|E8WHL5_GEOS8,GO:0051287,0.11710,NAD binding
tr|E8WJQ7|E8WJQ7_GEOS8,GO:0097367,0.23200,carbohydrate derivative binding
tr|E8WJQ7|E8WJQ7_GEOS8,GO:0032553,0.20727,ribonucleotide binding
tr|E8WJQ7|E8WJQ7_GEOS8,GO:0032555,0.19770,purine ribonucleotide binding
tr|E8WJQ7|E8WJQ7_GEOS8,GO:0017076,0.19148,purine nucleotide binding
tr|E8WJQ7|E8WJQ7_GEOS8,GO:0035639,0.19117,purine ribonucleoside triphosphate binding
tr|E8WML6|E8WML6_GEOS8,GO:0016829,1.00000,lyase activity
tr|E8WML6|E8WML6_GEOS8,GO:0016835,0.99999,carbon-oxygen lyase activity
tr|E8WML6|E8WML6_GEOS8,GO:0016836,0.99997,hydro-lyase activity
tr|E8WML6|E8WML6_GEOS8,GO:0004634,0.99920,phosphopyruvate hydratase activity
tr|E8WML6|E8WML6_GEOS8,GO:0000287,0.99432,magnesium ion binding
tr|E8WMQ7|E8WMQ7_GEOS8,GO:0017076,0.99988,purine nucleotide binding
tr|E8WMQ7|E8WMQ7_GEOS8,GO:0032553,0.99987,ribonucleotide binding
tr|E8WMQ7|E8WMQ7_GEOS8,GO:0097367,0.99985,carbohydrate derivative binding
tr|E8WMQ7|E8WMQ7_GEOS8,GO:0035639,0.99984,purine ribonucleoside triphosphate binding
tr|E8WMQ7|E8WMQ7_GEOS8,GO:0032555,0.99984,purine ribonucleotide binding
tr|E8WMQ7|E8WMQ7_GEOS8,GO:0030554,0.99982,adenyl nucleotide binding
tr|E8WMQ7|E8WMQ7_GEOS8,GO:0032559,0.99974,adenyl ribonucleotide binding
tr|E8WMQ7|E8WMQ7_GEOS8,GO:0005524,0.99974,ATP binding
tr|E8WMQ7|E8WMQ7_GEOS8,GO:0051082,0.93794,unfolded protein binding
tr|E8WNR3|E8WNR3_GEOS8,GO:0097367,0.19707,carbohydrate derivative binding
tr|E8WNR3|E8WNR3_GEOS8,GO:0032553,0.15366,ribonucleotide binding
tr|E8WNR3|E8WNR3_GEOS8,GO:0017076,0.13477,purine nucleotide binding
tr|E8WNR3|E8WNR3_GEOS8,GO:0032555,0.12934,purine ribonucleotide binding
tr|E8WNR3|E8WNR3_GEOS8,GO:0035639,0.12579,purine ribonucleoside triphosphate binding
tr|E8WNR3|E8WNR3_GEOS8,GO:0030554,0.11610,adenyl nucleotide binding
tr|E8WNR3|E8WNR3_GEOS8,GO:0032559,0.11111,adenyl ribonucleotide binding
tr|E8WNR3|E8WNR3_GEOS8,GO:0005524,0.10882,ATP binding
tr|E8WP00|E8WP00_GEOS8,GO:0097367,0.17165,carbohydrate derivative binding
tr|E8WP00|E8WP00_GEOS8,GO:0032553,0.15627,ribonucleotide binding
tr|E8WP00|E8WP00_GEOS8,GO:0032555,0.13299,purine ribonucleotide binding
tr|E8WP00|E8WP00_GEOS8,GO:0017076,0.12842,purine nucleotide binding
tr|E8WP00|E8WP00_GEOS8,GO:0035639,0.12826,purine ribonucleoside triphosphate binding
tr|E8WP00|E8WP00_GEOS8,GO:0032559,0.12006,adenyl ribonucleotide binding
tr|E8WP00|E8WP00_GEOS8,GO:0005524,0.11798,ATP binding
tr|E8WP00|E8WP00_GEOS8,GO:0030554,0.11639,adenyl nucleotide binding
tr|E8WQD6|E8WQD6_GEOS8,GO:0097367,0.10757,carbohydrate derivative binding
tr|E8WR93|E8WR93_GEOS8,GO:0097367,0.14151,carbohydrate derivative binding
tr|E8WR93|E8WR93_GEOS8,GO:0032553,0.12765,ribonucleotide binding
tr|E8WR93|E8WR93_GEOS8,GO:0140096,0.11206,"catalytic activity, acting on a protein"
tr|E8WR93|E8WR93_GEOS8,GO:0032555,0.11120,purine ribonucleotide binding
tr|E8WR93|E8WR93_GEOS8,GO:0016874,0.11048,ligase activity
tr|E8WR93|E8WR93_GEOS8,GO:0017076,0.11024,purine nucleotide binding
tr|E8WR93|E8WR93_GEOS8,GO:0032559,0.10526,adenyl ribonucleotide binding
tr|E8WR93|E8WR93_GEOS8,GO:0030554,0.10428,adenyl nucleotide binding
tr|E8WR93|E8WR93_GEOS8,GO:0035639,0.10293,purine ribonucleoside triphosphate binding
tr|E8WR93|E8WR93_GEOS8,GO:0005524,0.10130,ATP binding
tr|E8WTG1|E8WTG1_GEOS8,GO:0097367,0.22541,carbohydrate derivative binding
tr|E8WTG1|E8WTG1_GEOS8,GO:0032553,0.19601,ribonucleotide binding
tr|E8WTG1|E8WTG1_GEOS8,GO:0032555,0.12778,purine ribonucleotide binding
tr|E8WTG1|E8WTG1_GEOS8,GO:0035639,0.12382,purine ribonucleoside triphosphate binding
tr|E8WTG1|E8WTG1_GEOS8,GO:0032559,0.12259,adenyl ribonucleotide binding
tr|E8WTG1|E8WTG1_GEOS8,GO:0017076,0.12173,purine nucleotide binding
tr|E8WTG1|E8WTG1_GEOS8,GO:0005524,0.12007,ATP binding
tr|E8WTG1|E8WTG1_GEOS8,GO:0016810,0.11918,"hydrolase activity, acting on carbon-nitrogen (but not peptide) bonds"
tr|E8WTG1|E8WTG1_GEOS8,GO:0030554,0.11761,adenyl nucleotide binding
tr|E8WTG1|E8WTG1_GEOS8,GO:0016811,0.10744,"hydrolase activity, acting on carbon-nitrogen (but not peptide) bonds, in linear amides"
tr|E8WYV4|E8WYV4_GRATM,GO:0016798,0.12099,"hydrolase activity, acting on glycosyl bonds"
tr|F0F8I9|F0F8I9_9BACT,GO:0016798,0.16447,"hydrolase activity, acting on glycosyl bonds"
tr|F0F8I9|F0F8I9_9BACT,GO:0004553,0.12030,"hydrolase activity, hydrolyzing O-glycosyl compounds"
tr|F0F8I9|F0F8I9_9BACT,GO:0008233,0.10500,peptidase activity
tr|F0J4U1|F0J4U1_ACIMA,GO:0097367,0.19904,carbohydrate derivative binding
tr|F0J4U1|F0J4U1_ACIMA,GO:0032553,0.18034,ribonucleotide binding
tr|F0J4U1|F0J4U1_ACIMA,GO:0046914,0.15067,transition metal ion binding
tr|F0J4U1|F0J4U1_ACIMA,GO:0017076,0.13881,purine nucleotide binding
tr|F0J4U1|F0J4U1_ACIMA,GO:0032555,0.13396,purine ribonucleotide binding
tr|F0J4U1|F0J4U1_ACIMA,GO:0035639,0.13110,purine ribonucleoside triphosphate binding
tr|F0NZ10|F0NZ10_WEEVC,GO:0140096,0.10629,"catalytic activity, acting on a protein"
tr|F0NZ10|F0NZ10_WEEVC,GO:0097367,0.10540,carbohydrate derivative binding
tr|F0RU84|F0RU84_SPHGB,GO:0097367,0.13213,carbohydrate derivative binding
tr|F0RU84|F0RU84_SPHGB,GO:0032553,0.11725,ribonucleotide binding
tr|F0RU84|F0RU84_SPHGB,GO:0017076,0.10423,purine nucleotide binding
tr|F0RYJ5|F0RYJ5_SPHGB,GO:0097367,0.13457,carbohydrate derivative binding
tr|F0RYJ5|F0RYJ5_SPHGB,GO:0032553,0.12122,ribonucleotide binding
tr|F0T7S9|F0T7S9_METLA,GO:0051540,0.80248,metal cluster binding
tr|F0T7S9|F0T7S9_METLA,GO:0051536,0.80230,iron-sulfur cluster binding
tr|F0T7S9|F0T7S9_METLA,GO:0051539,0.71288,"4 iron, 4 sulfur cluster binding"
tr|F0T7S9|F0T7S9_METLA,GO:0046914,0.23654,transition metal ion binding
tr|F0T8S1|F0T8S1_METLA,GO:0097367,0.16598,carbohydrate derivative binding
tr|F0T8S1|F0T8S1_METLA,GO:0032553,0.14990,ribonucleotide binding
tr|F0T8S1|F0T8S1_METLA,GO:0032555,0.13446,purine ribonucleotide binding
tr|F0T8S1|F0T8S1_METLA,GO:0035639,0.13269,purine ribonucleoside triphosphate binding
tr|F0T8S1|F0T8S1_METLA,GO:0017076,0.13083,purine nucleotide binding
tr|F0T8S1|F0T8S1_METLA,GO:0046914,0.10376,transition metal ion binding
tr|F0TBV1|F0TBV1_METLA,GO:0003677,0.19708,DNA binding
tr|F0TBV1|F0TBV1_METLA,GO:0046914,0.11749,transition metal ion binding
tr|F0TCD5|F0TCD5_METLA,GO:0140096,0.63000,"catalytic activity, acting on a protein"
tr|F0TCD5|F0TCD5_METLA,GO:0004298,0.60522,threonine-type endopeptidase activity
tr|F0TCD5|F0TCD5_METLA,GO:0008233,0.58728,peptidase activity
tr|F0TCD5|F0TCD5_METLA,GO:0070003,0.58649,threonine-type peptidase activity
tr|F0TCD5|F0TCD5_METLA,GO:0004175,0.49356,endopeptidase activity
tr|F2IDL1|F2IDL1_FLUTR,GO:0004553,0.15796,"hydrolase activity, hydrolyzing O-glycosyl compounds"
tr|F2IDL1|F2IDL1_FLUTR,GO:0016798,0.14248,"hydrolase activity, acting on glycosyl bonds"
tr|F2II07|F2II07_FLUTR,GO:0004553,0.13164,"hydrolase activity, hydrolyzing O-glycosyl compounds"
tr|F2II07|F2II07_FLUTR,GO:0016798,0.10270,"hydrolase activity, acting on glycosyl bonds"
tr|F2KRX4|F2KRX4_ARCVS,GO:0051540,0.36497,metal cluster binding
tr|F2KRX4|F2KRX4_ARCVS,GO:0051536,0.36465,iron-sulfur cluster binding
tr|F2KRX4|F2KRX4_ARCVS,GO:0051539,0.23814,"4 iron, 4 sulfur cluster binding"
tr|F2KRX4|F2KRX4_ARCVS,GO:0046914,0.22679,transition metal ion binding
tr|F2KRX4|F2KRX4_ARCVS,GO:0097367,0.21413,carbohydrate derivative binding
tr|F2KRX4|F2KRX4_ARCVS,GO:0032553,0.20280,ribonucleotide binding
tr|F2KRX4|F2KRX4_ARCVS,GO:0035639,0.17837,purine ribonucleoside triphosphate binding
tr|F2KRX4|F2KRX4_ARCVS,GO:0032555,0.17833,purine ribonucleotide binding
tr|F2KRX4|F2KRX4_ARCVS,GO:0017076,0.16650,purine nucleotide binding
tr|F2KRX4|F2KRX4_ARCVS,GO:0008270,0.13853,zinc ion binding
tr|F2KRX4|F2KRX4_ARCVS,GO:0032559,0.12773,adenyl ribonucleotide binding
tr|F2KRX4|F2KRX4_ARCVS,GO:0005524,0.12772,ATP binding
tr|F2KRX4|F2KRX4_ARCVS,GO:0030554,0.11921,adenyl nucleotide binding
tr|F2LVE7|F2LVE7_HIPMA,GO:0140096,0.11349,"catalytic activity, acting on a protein"
tr|F2NDC8|F2NDC8_DESAR,GO:0046914,0.22818,transition metal ion binding
tr|F2NDC8|F2NDC8_DESAR,GO:0003723,0.13242,RNA binding
tr|F2NDC8|F2NDC8_DESAR,GO:0008270,0.10086,zinc ion binding
tr|F2NG50|F2NG50_DESAR,GO:0016741,0.12943,"transferase activity, transferring one-carbon groups"
tr|F2NH78|F2NH78_DESAR,GO:0051536,0.67298,iron-sulfur cluster binding
tr|F2NH78|F2NH78_DESAR,GO:0051540,0.67219,metal cluster binding
tr|F2NH78|F2NH78_DESAR,GO:0051539,0.65621,"4 iron, 4 sulfur cluster binding"
tr|F2NH78|F2NH78_DESAR,GO:0046914,0.23532,transition metal ion binding
tr|F2NHE4|F2NHE4_DESAR,GO:0097367,0.13178,carbohydrate derivative binding
tr|F2NHE4|F2NHE4_DESAR,GO:0032553,0.11395,ribonucleotide binding
tr|F2NIN0|F2NIN0_DESAR,GO:0016798,0.10222,"hydrolase activity, acting on glycosyl bonds"
tr|F2NIN1|F2NIN1_DESAR,GO:0016798,0.12339,"hydrolase activity, acting on glycosyl bonds"
tr|F2NIQ2|F2NIQ2_DESAR,GO:0016853,0.12455,isomerase activity
tr|F2NIQ2|F2NIQ2_DESAR,GO:0016829,0.10602,lyase activity
tr|F3C692|F3C692_PSESG,GO:0140096,0.12399,"catalytic activity, acting on a protein"
tr|F3Z6N0|F3Z6N0_9ACTN,GO:0097367,0.14430,carbohydrate derivative binding
tr|F3Z6N0|F3Z6N0_9ACTN,GO:0032553,0.11843,ribonucleotide binding
tr|F3Z6N0|F3Z6N0_9ACTN,GO:0032555,0.11175,purine ribonucleotide binding
tr|F3Z6N0|F3Z6N0_9ACTN,GO:0035639,0.10879,purine ribonucleoside triphosphate binding
tr|F3Z6N0|F3Z6N0_9ACTN,GO:0017076,0.10294,purine nucleotide binding
tr|F3ZW26|F3ZW26_MAHA5,GO:0140096,0.18273,"catalytic activity, acting on a protein"
tr|F3ZW32|F3ZW32_MAHA5,GO:0140096,0.12712,"catalytic activity, acting on a protein"
tr|F4BSU0|F4BSU0_METSG,GO:0016614,0.38543,"oxidoreductase activity, acting on CH-OH group of donors"
tr|F4BSU0|F4BSU0_METSG,GO:0016616,0.37862,"oxidoreductase activity, acting on the CH-OH group of donors, NAD or NADP as acceptor"
tr|F4BSU0|F4BSU0_METSG,GO:0051287,0.33624,NAD binding
tr|F4BSU0|F4BSU0_METSG,GO:0050661,0.18872,NADP binding
tr|F4BSV0|F4BSV0_METSG,GO:0000287,0.35574,magnesium ion binding
tr|F4BSV0|F4BSV0_METSG,GO:0097367,0.20896,carbohydrate derivative binding
tr|F4BSV0|F4BSV0_METSG,GO:0032553,0.20615,ribonucleotide binding
tr|F4BSV0|F4BSV0_METSG,GO:0032555,0.14964,purine ribonucleotide binding
tr|F4BSV0|F4BSV0_METSG,GO:0035639,0.14623,purine ribonucleoside triphosphate binding
tr|F4BSV0|F4BSV0_METSG,GO:0017076,0.14003,purine nucleotide binding
tr|F4BSV0|F4BSV0_METSG,GO:0016829,0.13768,lyase activity
tr|F4BSV0|F4BSV0_METSG,GO:0032559,0.11997,adenyl ribonucleotide binding
tr|F4BSV0|F4BSV0_METSG,GO:0005524,0.11728,ATP binding
tr|F4BSV0|F4BSV0_METSG,GO:0030554,0.11177,adenyl nucleotide binding
tr|F4BSV6|F4BSV6_METSG,GO:0046914,0.16209,transition metal ion binding
tr|F4BSV6|F4BSV6_METSG,GO:0003677,0.11069,DNA binding
tr|F4BSV6|F4BSV6_METSG,GO:0003723,0.10159,RNA binding
tr|F4BSV7|F4BSV7_METSG,GO:0022857,0.21345,transmembrane transporter activity
tr|F4BSV7|F4BSV7_METSG,GO:0005215,0.20788,transporter activity
tr|F4BSV7|F4BSV7_METSG,GO:0015075,0.13929,ion transmembrane transporter activity
tr|F4BSV7|F4BSV7_METSG,GO:0016798,0.12778,"hydrolase activity, acting on glycosyl bonds"
tr|F4BSV7|F4BSV7_METSG,GO:0022803,0.11415,passive transmembrane transporter activity
tr|F4BSV7|F4BSV7_METSG,GO:0015267,0.11415,channel activity
tr|F4BSV7|F4BSV7_METSG,GO:0140096,0.10445,"catalytic activity, acting on a protein"
tr|F4BSY2|F4BSY2_METSG,GO:0003723,0.13194,RNA binding
tr|F4BSY2|F4BSY2_METSG,GO:0097367,0.11325,carbohydrate derivative binding
tr|F4BSY2|F4BSY2_METSG,GO:0003677,0.11288,DNA binding
tr|F4BSY2|F4BSY2_METSG,GO:0032553,0.11032,ribonucleotide binding
tr|F4BSY4|F4BSY4_METSG,GO:0050660,0.56900,flavin adenine dinucleotide binding
tr|F4BSY4|F4BSY4_METSG,GO:0016667,0.23367,"oxidoreductase activity, acting on a sulfur group of donors"
tr|F4BSY4|F4BSY4_METSG,GO:0016668,0.19076,"oxidoreductase activity, acting on a sulfur group of donors, NAD(P) as acceptor"
tr|F4BSY4|F4BSY4_METSG,GO:0016651,0.18461,"oxidoreductase activity, acting on NAD(P)H"
tr|F4BSY4|F4BSY4_METSG,GO:0015036,0.14543,disulfide oxidoreductase activity
tr|F4BSY4|F4BSY4_METSG,GO:0050661,0.10847,NADP binding
tr|F4BSY4|F4BSY4_METSG,GO:0016731,0.10641,"oxidoreductase activity, acting on iron-sulfur proteins as donors, NAD or NADP as acceptor"
tr|F4BSZ0|F4BSZ0_METSG,GO:0032553,0.93813,ribonucleotide binding
tr|F4BSZ0|F4BSZ0_METSG,GO:0035639,0.93703,purine ribonucleoside triphosphate binding
tr|F4BSZ0|F4BSZ0_METSG,GO:0005524,0.93647,ATP binding
tr|F4BSZ0|F4BSZ0_METSG,GO:0032555,0.93605,purine ribonucleotide binding
tr|F4BSZ0|F4BSZ0_METSG,GO:0032559,0.93600,adenyl ribonucleotide binding
tr|F4BSZ0|F4BSZ0_METSG,GO:0097367,0.93487,carbohydrate derivative binding
tr|F4BSZ0|F4BSZ0_METSG,GO:0030554,0.92769,adenyl nucleotide binding
tr|F4BSZ0|F4BSZ0_METSG,GO:0017076,0.92749,purine nucleotide binding
tr|F4BSZ0|F4BSZ0_METSG,GO:0051082,0.19333,unfolded protein binding
tr|F4BT00|F4BT00_METSG,GO:0051287,0.87028,NAD binding
tr|F4BT00|F4BT00_METSG,GO:0016620,0.84560,"oxidoreductase activity, acting on the aldehyde or oxo group of donors, NAD or NADP as acceptor"
tr|F4BT00|F4BT00_METSG,GO:0016903,0.81832,"oxidoreductase activity, acting on the aldehyde or oxo group of donors"
tr|F4BT00|F4BT00_METSG,GO:0046983,0.41877,protein dimerization activity
tr|F4BT00|F4BT00_METSG,GO:0050661,0.24431,NADP binding
tr|F4BT00|F4BT00_METSG,GO:0016627,0.13934,"oxidoreductase activity, acting on the CH-CH group of donors"
tr|F4BT02|F4BT02_METSG,GO:0016746,0.74872,"transferase activity, transferring acyl groups"
tr|F4BT02|F4BT02_METSG,GO:0016747,0.68494,"transferase activity, transferring acyl groups other than amino-acyl groups"
tr|F4BT02|F4BT02_METSG,GO:0016410,0.20226,N-acyltransferase activity
tr|F4BT02|F4BT02_METSG,GO:0000287,0.15911,magnesium ion binding
tr|F4BT57|F4BT57_METSG,GO:0140096,0.10713,"catalytic activity, acting on a protein"
tr|F4BTA6|F4BTA6_METSG,GO:0051540,0.14989,metal cluster binding
tr|F4BTA6|F4BTA6_METSG,GO:0051536,0.14953,iron-sulfur cluster binding
tr|F4BTA6|F4BTA6_METSG,GO:0046914,0.12007,transition metal ion binding
tr|F4BTA6|F4BTA6_METSG,GO:0003677,0.10758,DNA binding
tr|F4BTA6|F4BTA6_METSG,GO:0140096,0.10149,"catalytic activity, acting on a protein"
tr|F4BTB9|F4BTB9_METSG,GO:0051287,0.20176,NAD binding
tr|F4BTB9|F4BTB9_METSG,GO:0097367,0.15149,carbohydrate derivative binding
tr|F4BTB9|F4BTB9_METSG,GO:0032553,0.14966,ribonucleotide binding
tr|F4BTB9|F4BTB9_METSG,GO:0035639,0.14938,purine ribonucleoside triphosphate binding
tr|F4BTB9|F4BTB9_METSG,GO:0032555,0.14812,purine ribonucleotide binding
tr|F4BTB9|F4BTB9_METSG,GO:0017076,0.14168,purine nucleotide binding
tr|F4BTB9|F4BTB9_METSG,GO:0016616,0.12800,"oxidoreductase activity, acting on the CH-OH group of donors, NAD or NADP as acceptor"
tr|F4BTB9|F4BTB9_METSG,GO:0000287,0.11963,magnesium ion binding
tr|F4BTB9|F4BTB9_METSG,GO:0016614,0.11902,"oxidoreductase activity, acting on CH-OH group of donors"
tr|F4BTC0|F4BTC0_METSG,GO:0051540,0.70533,metal cluster binding
tr|F4BTC0|F4BTC0_METSG,GO:0051536,0.70519,iron-sulfur cluster binding
tr|F4BTC0|F4BTC0_METSG,GO:0051539,0.49346,"4 iron, 4 sulfur cluster binding"
tr|F4BTC0|F4BTC0_METSG,GO:0046914,0.42319,transition metal ion binding
tr|F4BTC0|F4BTC0_METSG,GO:0005506,0.24366,iron ion binding
tr|F4BTC0|F4BTC0_METSG,GO:0009055,0.23996,electron transfer activity
tr|F4BTC0|F4BTC0_METSG,GO:0008270,0.13292,zinc ion binding
tr|F4BTC0|F4BTC0_METSG,GO:0003677,0.12015,DNA binding
tr|F4BTC1|F4BTC1_METSG,GO:0140096,0.17555,"catalytic activity, acting on a protein"
tr|F4BTC4|F4BTC4_METSG,GO:0016829,0.13701,lyase activity
tr|F4BTC4|F4BTC4_METSG,GO:0046914,0.13616,transition metal ion binding
tr|F4BTD8|F4BTD8_METSG,GO:0097367,0.55564,carbohydrate derivative binding
tr|F4BTD8|F4BTD8_METSG,GO:0016874,0.55471,ligase activity
tr|F4BTD8|F4BTD8_METSG,GO:0032553,0.55077,ribonucleotide binding
tr|F4BTD8|F4BTD8_METSG,GO:0032555,0.50619,purine ribonucleotide binding
tr|F4BTD8|F4BTD8_METSG,GO:0035639,0.50321,purine ribonucleoside triphosphate binding
tr|F4BTD8|F4BTD8_METSG,GO:0032559,0.49994,adenyl ribonucleotide binding
tr|F4BTD8|F4BTD8_METSG,GO:0005524,0.49712,ATP binding
tr|F4BTD8|F4BTD8_METSG,GO:0017076,0.48816,purine nucleotide binding
tr|F4BTD8|F4BTD8_METSG,GO:0030554,0.48161,adenyl nucleotide binding
tr|F4BTD8|F4BTD8_METSG,GO:0000287,0.14057,magnesium ion binding
tr|F4BTD8|F4BTD8_METSG,GO:0016879,0.11841,"ligase activity, forming carbon-nitrogen bonds"
tr|F4BTF3|F4BTF3_METSG,GO:0097367,0.10533,carbohydrate derivative binding
tr|F4BTF5|F4BTF5_METSG,GO:0016829,0.97196,lyase activity
tr|F4BTF5|F4BTF5_METSG,GO:0016835,0.90491,carbon-oxygen lyase activity
tr|F4BTF5|F4BTF5_METSG,GO:0016838,0.65912,"carbon-oxygen lyase activity, acting on phosphates"
tr|F4BTF8|F4BTF8_METSG,GO:0097367,0.21883,carbohydrate derivative binding
tr|F4BTF8|F4BTF8_METSG,GO:0032553,0.21674,ribonucleotide binding
tr|F4BTF8|F4BTF8_METSG,GO:0032555,0.19295,purine ribonucleotide binding
tr|F4BTF8|F4BTF8_METSG,GO:0035639,0.18648,purine ribonucleoside triphosphate binding
tr|F4BTF8|F4BTF8_METSG,GO:0017076,0.18584,purine nucleotide binding
tr|F4BTF8|F4BTF8_METSG,GO:0032559,0.18038,adenyl ribonucleotide binding
tr|F4BTF8|F4BTF8_METSG,GO:0005524,0.17580,ATP binding
tr|F4BTF8|F4BTF8_METSG,GO:0030554,0.17454,adenyl nucleotide binding
tr|F4BTF8|F4BTF8_METSG,GO:0003677,0.13280,DNA binding
tr|F4BTH3|F4BTH3_METSG,GO:0097367,0.25095,carbohydrate derivative binding
tr|F4BTH3|F4BTH3_METSG,GO:0032553,0.23774,ribonucleotide binding
tr|F4BTH3|F4BTH3_METSG,GO:0016741,0.23375,"transferase activity, transferring one-carbon groups"
tr|F4BTH3|F4BTH3_METSG,GO:0032555,0.18199,purine ribonucleotide binding
tr|F4BTH3|F4BTH3_METSG,GO:0035639,0.17973,purine ribonucleoside triphosphate binding
tr|F4BTH3|F4BTH3_METSG,GO:0017076,0.17904,purine nucleotide binding
tr|F4BTH3|F4BTH3_METSG,GO:0032559,0.12906,adenyl ribonucleotide binding
tr|F4BTH3|F4BTH3_METSG,GO:0030554,0.12737,adenyl nucleotide binding
tr|F4BTH3|F4BTH3_METSG,GO:0005524,0.12701,ATP binding
tr|F4BTJ0|F4BTJ0_METSG,GO:0097367,0.21722,carbohydrate derivative binding
tr|F4BTJ0|F4BTJ0_METSG,GO:0032553,0.21530,ribonucleotide binding
tr|F4BTJ0|F4BTJ0_METSG,GO:0017076,0.20265,purine nucleotide binding
tr|F4BTJ0|F4BTJ0_METSG,GO:0032555,0.19213,purine ribonucleotide binding
tr|F4BTJ0|F4BTJ0_METSG,GO:0035639,0.19105,purine ribonucleoside triphosphate binding
tr|F4BTJ0|F4BTJ0_METSG,GO:0003677,0.16967,DNA binding
tr|F4BTJ0|F4BTJ0_METSG,GO:0046914,0.14368,transition metal ion binding
tr|F4BTJ0|F4BTJ0_METSG,GO:0003723,0.14153,RNA binding
tr|F4BTJ0|F4BTJ0_METSG,GO:0030554,0.13602,adenyl nucleotide binding
tr|F4BTJ0|F4BTJ0_METSG,GO:0005524,0.12886,ATP binding
tr|F4BTJ0|F4BTJ0_METSG,GO:0032559,0.12859,adenyl ribonucleotide binding
tr|F4BTJ0|F4BTJ0_METSG,GO:0008270,0.11542,zinc ion binding
tr|F4BTJ7|F4BTJ7_METSG,GO:0016651,0.19302,"oxidoreductase activity, acting on NAD(P)H"
tr|F4BTJ7|F4BTJ7_METSG,GO:0046914,0.10347,transition metal ion binding
tr|F4BTJ9|F4BTJ9_METSG,GO:0051540,0.66692,metal cluster binding
tr|F4BTJ9|F4BTJ9_METSG,GO:0051536,0.66583,iron-sulfur cluster binding
tr|F4BTJ9|F4BTJ9_METSG,GO:0051539,0.63754,"4 iron, 4 sulfur cluster binding"
tr|F4BTJ9|F4BTJ9_METSG,GO:0046914,0.26729,transition metal ion binding
tr|F4BTJ9|F4BTJ9_METSG,GO:0003723,0.21685,RNA binding
tr|F4BTJ9|F4BTJ9_METSG,GO:0019843,0.14769,rRNA binding
tr|F4BTJ9|F4BTJ9_METSG,GO:0005198,0.12666,structural molecule activity
tr|F4BTL5|F4BTL5_METSG,GO:0046914,0.10951,transition metal ion binding
tr|F4BTL5|F4BTL5_METSG,GO:0097367,0.10776,carbohydrate derivative binding
tr|F4BTL7|F4BTL7_METSG,GO:0140096,0.11007,"catalytic activity, acting on a protein"
tr|F4BTL7|F4BTL7_METSG,GO:0097367,0.10250,carbohydrate derivative binding
tr|F4BTP1|F4BTP1_METSG,GO:0046914,0.17917,transition metal ion binding
tr|F4BTP1|F4BTP1_METSG,GO:0003677,0.17633,DNA binding
tr|F4BTP1|F4BTP1_METSG,GO:0140096,0.15969,"catalytic activity, acting on a protein"
tr|F4BTP1|F4BTP1_METSG,GO:0008270,0.13130,zinc ion binding
tr|F4BTP1|F4BTP1_METSG,GO:0016788,0.10485,"hydrolase activity, acting on ester bonds"
tr|F4BTP9|F4BTP9_METSG,GO:0016853,0.55736,isomerase activity
tr|F4BTP9|F4BTP9_METSG,GO:0016861,0.46535,"intramolecular oxidoreductase activity, interconverting aldoses and ketoses"
tr|F4BTP9|F4BTP9_METSG,GO:0016860,0.40559,intramolecular oxidoreductase activity
tr|F4BTQ0|F4BTQ0_METSG,GO:0003677,0.11941,DNA binding
tr|F4BTQ0|F4BTQ0_METSG,GO:0003723,0.10033,RNA binding
tr|F4BTR2|F4BTR2_METSG,GO:0016788,0.56442,"hydrolase activity, acting on ester bonds"
tr|F4BTR2|F4BTR2_METSG,GO:0003723,0.53746,RNA binding
tr|F4BTR2|F4BTR2_METSG,GO:0016779,0.43335,nucleotidyltransferase activity
tr|F4BTR2|F4BTR2_METSG,GO:0004527,0.42506,exonuclease activity
tr|F4BTR2|F4BTR2_METSG,GO:0016772,0.40928,"transferase activity, transferring phosphorus-containing groups"
tr|F4BTR2|F4BTR2_METSG,GO:0140098,0.40341,"catalytic activity, acting on RNA"
tr|F4BTR2|F4BTR2_METSG,GO:0016796,0.38807,"exonuclease activity, active with either ribo- or deoxyribonucleic acids and producing 5'-phosphomonoesters"
tr|F4BTR2|F4BTR2_METSG,GO:0004518,0.37889,nuclease activity
tr|F4BTR2|F4BTR2_METSG,GO:0004532,0.29294,exoribonuclease activity
tr|F4BTR2|F4BTR2_METSG,GO:0016896,0.29218,"exoribonuclease activity, producing 5'-phosphomonoesters"
tr|F4BTR2|F4BTR2_METSG,GO:0008408,0.28790,3'-5' exonuclease activity
tr|F4BTR2|F4BTR2_METSG,GO:0004540,0.22443,ribonuclease activity
tr|F4BTR2|F4BTR2_METSG,GO:0000175,0.20927,3'-5'-exoribonuclease activity
tr|F4BTR2|F4BTR2_METSG,GO:0140101,0.15523,"catalytic activity, acting on a tRNA"
tr|F4BTR2|F4BTR2_METSG,GO:0000287,0.14356,magnesium ion binding
tr|F4BTR2|F4BTR2_METSG,GO:0000049,0.11765,tRNA binding
tr|F4BTR2|F4BTR2_METSG,GO:0003677,0.11131,DNA binding
tr|F4BTR3|F4BTR3_METSG,GO:0016772,0.17362,"transferase activity, transferring phosphorus-containing groups"
tr|F4BTR3|F4BTR3_METSG,GO:0003723,0.16100,RNA binding
tr|F4BTR3|F4BTR3_METSG,GO:0003677,0.13495,DNA binding
tr|F4BTR3|F4BTR3_METSG,GO:0016829,0.11876,lyase activity
tr|F4BTR3|F4BTR3_METSG,GO:0000287,0.11230,magnesium ion binding
tr|F4BTR3|F4BTR3_METSG,GO:0016779,0.11044,nucleotidyltransferase activity
tr|F4BTS3|F4BTS3_METSG,GO:0140096,0.16265,"catalytic activity, acting on a protein"
tr|F4BTY9|F4BTY9_METSG,GO:0004553,0.23138,"hydrolase activity, hydrolyzing O-glycosyl compounds"
tr|F4BTY9|F4BTY9_METSG,GO:0016798,0.18392,"hydrolase activity, acting on glycosyl bonds"
tr|F4BTY9|F4BTY9_METSG,GO:0140096,0.13225,"catalytic activity, acting on a protein"
tr|F4BTY9|F4BTY9_METSG,GO:0008233,0.11460,peptidase activity
tr|F4BTZ6|F4BTZ6_METSG,GO:0097367,0.19878,carbohydrate derivative binding
tr|F4BTZ6|F4BTZ6_METSG,GO:0032553,0.17164,ribonucleotide binding
tr|F4BTZ6|F4BTZ6_METSG,GO:0032555,0.13669,purine ribonucleotide binding
tr|F4BTZ6|F4BTZ6_METSG,GO:0035639,0.13223,purine ribonucleoside triphosphate binding
tr|F4BTZ6|F4BTZ6_METSG,GO:0017076,0.13184,purine nucleotide binding
tr|F4BTZ6|F4BTZ6_METSG,GO:0032559,0.11888,adenyl ribonucleotide binding
tr|F4BTZ6|F4BTZ6_METSG,GO:0005524,0.11660,ATP binding
tr|F4BTZ6|F4BTZ6_METSG,GO:0030554,0.11496,adenyl nucleotide binding
tr|F4BTZ6|F4BTZ6_METSG,GO:0140096,0.10484,"catalytic activity, acting on a protein"
tr|F4BU44|F4BU44_METSG,GO:0030170,0.99910,pyridoxal phosphate binding
tr|F4BU44|F4BU44_METSG,GO:0070279,0.99910,vitamin B6 binding
tr|F4BU44|F4BU44_METSG,GO:0019842,0.99827,vitamin binding
tr|F4BU44|F4BU44_METSG,GO:0016769,0.99395,"transferase activity, transferring nitrogenous groups"
tr|F4BU44|F4BU44_METSG,GO:0008483,0.99359,transaminase activity
tr|F4BU58|F4BU58_METSG,GO:0097367,0.12823,carbohydrate derivative binding
tr|F4BU58|F4BU58_METSG,GO:0032553,0.12158,ribonucleotide binding
tr|F4BU58|F4BU58_METSG,GO:0032555,0.10480,purine ribonucleotide binding
tr|F4BU58|F4BU58_METSG,GO:0017076,0.10449,purine nucleotide binding
tr|F4BU58|F4BU58_METSG,GO:0016829,0.10293,lyase activity
tr|F4BU62|F4BU62_METSG,GO:0046914,0.17449,transition metal ion binding
tr|F4BU62|F4BU62_METSG,GO:0140096,0.10195,"catalytic activity, acting on a protein"
tr|F4BU62|F4BU62_METSG,GO:0003677,0.10059,DNA binding
tr|F4BU75|F4BU75_METSG,GO:0032550,0.99997,purine ribonucleoside binding
tr|F4BU75|F4BU75_METSG,GO:0001883,0.99996,purine nucleoside binding
tr|F4BU75|F4BU75_METSG,GO:0005525,0.99996,GTP binding
tr|F4BU75|F4BU75_METSG,GO:0032549,0.99996,ribonucleoside binding
tr|F4BU75|F4BU75_METSG,GO:0019001,0.99996,guanyl nucleotide binding
tr|F4BU75|F4BU75_METSG,GO:0001882,0.99996,nucleoside binding
tr|F4BU75|F4BU75_METSG,GO:0032561,0.99996,guanyl ribonucleotide binding
tr|F4BU75|F4BU75_METSG,GO:0003924,0.99982,GTPase activity
tr|F4BU75|F4BU75_METSG,GO:0016818,0.99918,"hydrolase activity, acting on acid anhydrides, in phosphorus-containing anhydrides"
tr|F4BU75|F4BU75_METSG,GO:0016817,0.99918,"hydrolase activity, acting on acid anhydrides"
tr|F4BU75|F4BU75_METSG,GO:0016462,0.99905,pyrophosphatase activity
tr|F4BU75|F4BU75_METSG,GO:0032553,0.99862,ribonucleotide binding
tr|F4BU75|F4BU75_METSG,GO:0097367,0.99824,carbohydrate derivative binding
tr|F4BU75|F4BU75_METSG,GO:0017111,0.99788,nucleoside-triphosphatase activity
tr|F4BU75|F4BU75_METSG,GO:0008135,0.99689,"translation factor activity, RNA binding"
tr|F4BU75|F4BU75_METSG,GO:0090079,0.99677,"translation regulator activity, nucleic acid binding"
tr|F4BU75|F4BU75_METSG,GO:0045182,0.99665,translation regulator activity
tr|F4BU75|F4BU75_METSG,GO:0017076,0.99622,purine nucleotide binding
tr|F4BU75|F4BU75_METSG,GO:0035639,0.99620,purine ribonucleoside triphosphate binding
tr|F4BU75|F4BU75_METSG,GO:0032555,0.99608,purine ribonucleotide binding
tr|F4BU75|F4BU75_METSG,GO:0003723,0.99306,RNA binding
tr|F4BU75|F4BU75_METSG,GO:0003746,0.95296,translation elongation factor activity
tr|F4BU76|F4BU76_METSG,GO:0032550,1.00000,purine ribonucleoside binding
tr|F4BU76|F4BU76_METSG,GO:0001883,1.00000,purine nucleoside binding
tr|F4BU76|F4BU76_METSG,GO:0019001,1.00000,guanyl nucleotide binding
tr|F4BU76|F4BU76_METSG,GO:0005525,1.00000,GTP binding
tr|F4BU76|F4BU76_METSG,GO:0032549,1.00000,ribonucleoside binding
tr|F4BU76|F4BU76_METSG,GO:0032561,1.00000,guanyl ribonucleotide binding
tr|F4BU76|F4BU76_METSG,GO:0001882,1.00000,nucleoside binding
tr|F4BU76|F4BU76_METSG,GO:0003924,0.99999,GTPase activity
tr|F4BU76|F4BU76_METSG,GO:0032553,0.99995,ribonucleotide binding
tr|F4BU76|F4BU76_METSG,GO:0097367,0.99993,carbohydrate derivative binding
tr|F4BU76|F4BU76_METSG,GO:0017076,0.99991,purine nucleotide binding
tr|F4BU76|F4BU76_METSG,GO:0035639,0.99990,purine ribonucleoside triphosphate binding
tr|F4BU76|F4BU76_METSG,GO:0032555,0.99990,purine ribonucleotide binding
tr|F4BU76|F4BU76_METSG,GO:0017111,0.99990,nucleoside-triphosphatase activity
tr|F4BU76|F4BU76_METSG,GO:0016818,0.99989,"hydrolase activity, acting on acid anhydrides, in phosphorus-containing anhydrides"
tr|F4BU76|F4BU76_METSG,GO:0016817,0.99989,"hydrolase activity, acting on acid anhydrides"
tr|F4BU76|F4BU76_METSG,GO:0016462,0.99988,pyrophosphatase activity
tr|F4BU76|F4BU76_METSG,GO:0008135,0.99571,"translation factor activity, RNA binding"
tr|F4BU76|F4BU76_METSG,GO:0090079,0.99555,"translation regulator activity, nucleic acid binding"
tr|F4BU76|F4BU76_METSG,GO:0045182,0.99542,translation regulator activity
tr|F4BU76|F4BU76_METSG,GO:0003723,0.99162,RNA binding
tr|F4BU76|F4BU76_METSG,GO:0003746,0.92082,translation elongation factor activity
tr|F4BU78|F4BU78_METSG,GO:0035639,0.88788,purine ribonucleoside triphosphate binding
tr|F4BU78|F4BU78_METSG,GO:0032555,0.88725,purine ribonucleotide binding
tr|F4BU78|F4BU78_METSG,GO:0032553,0.88265,ribonucleotide binding
tr|F4BU78|F4BU78_METSG,GO:0017076,0.87896,purine nucleotide binding
tr|F4BU78|F4BU78_METSG,GO:0097367,0.87602,carbohydrate derivative binding
tr|F4BU78|F4BU78_METSG,GO:0005524,0.86152,ATP binding
tr|F4BU78|F4BU78_METSG,GO:0032559,0.86081,adenyl ribonucleotide binding
tr|F4BU78|F4BU78_METSG,GO:0030554,0.85244,adenyl nucleotide binding
tr|F4BU78|F4BU78_METSG,GO:0016874,0.82915,ligase activity
tr|F4BU78|F4BU78_METSG,GO:0016879,0.74300,"ligase activity, forming carbon-nitrogen bonds"
tr|F4BU78|F4BU78_METSG,GO:0016882,0.29492,cyclo-ligase activity
tr|F4BU84|F4BU84_METSG,GO:0097367,0.15803,carbohydrate derivative binding
tr|F4BU84|F4BU84_METSG,GO:0032553,0.13303,ribonucleotide binding
tr|F4BU84|F4BU84_METSG,GO:0032555,0.10050,purine ribonucleotide binding
tr|F4BU89|F4BU89_METSG,GO:0003723,0.22304,RNA binding
tr|F4BU89|F4BU89_METSG,GO:0097367,0.19741,carbohydrate derivative binding
tr|F4BU89|F4BU89_METSG,GO:0032553,0.19291,ribonucleotide binding
tr|F4BU89|F4BU89_METSG,GO:0032555,0.17015,purine ribonucleotide binding
tr|F4BU89|F4BU89_METSG,GO:0035639,0.16307,purine ribonucleoside triphosphate binding
tr|F4BU89|F4BU89_METSG,GO:0017076,0.15682,purine nucleotide binding
tr|F4BU89|F4BU89_METSG,GO:0032559,0.12912,adenyl ribonucleotide binding
tr|F4BU89|F4BU89_METSG,GO:0005524,0.12489,ATP binding
tr|F4BU89|F4BU89_METSG,GO:0030554,0.11819,adenyl nucleotide binding
tr|F4BU89|F4BU89_METSG,GO:0003677,0.10625,DNA binding
tr|F4BU96|F4BU96_METSG,GO:0003677,0.20662,DNA binding
tr|F4BU96|F4BU96_METSG,GO:0005198,0.20396,structural molecule activity
tr|F4BU96|F4BU96_METSG,GO:0003735,0.20121,structural constituent of ribosome
tr|F4BU96|F4BU96_METSG,GO:0003723,0.18831,RNA binding
tr|F4BU98|F4BU98_METSG,GO:0046914,0.21124,transition metal ion binding
tr|F4BU98|F4BU98_METSG,GO:0003677,0.19587,DNA binding
tr|F4BU98|F4BU98_METSG,GO:0008270,0.12695,zinc ion binding
tr|F4BU98|F4BU98_METSG,GO:0003723,0.12303,RNA binding
tr|F4BU98|F4BU98_METSG,GO:0140110,0.12255,transcription regulator activity
tr|F4BU98|F4BU98_METSG,GO:0003700,0.10001,DNA-binding transcription factor activity
tr|F4BU99|F4BU99_METSG,GO:0032553,0.21917,ribonucleotide binding
tr|F4BU99|F4BU99_METSG,GO:0097367,0.21329,carbohydrate derivative binding
tr|F4BU99|F4BU99_METSG,GO:0032555,0.19840,purine ribonucleotide binding
tr|F4BU99|F4BU99_METSG,GO:0035639,0.19326,purine ribonucleoside triphosphate binding
tr|F4BU99|F4BU99_METSG,GO:0017076,0.19183,purine nucleotide binding
tr|F4BU99|F4BU99_METSG,GO:0032559,0.16171,adenyl ribonucleotide binding
tr|F4BU99|F4BU99_METSG,GO:0005524,0.15845,ATP binding
tr|F4BU99|F4BU99_METSG,GO:0030554,0.15665,adenyl nucleotide binding
tr|F4BU99|F4BU99_METSG,GO:0003677,0.10743,DNA binding
tr|F4BU99|F4BU99_METSG,GO:0016829,0.10444,lyase activity
tr|F4BUA1|F4BUA1_METSG,GO:0032550,0.99998,purine ribonucleoside binding
tr|F4BUA1|F4BUA1_METSG,GO:0001883,0.99998,purine nucleoside binding
tr|F4BUA1|F4BUA1_METSG,GO:0005525,0.99998,GTP binding
tr|F4BUA1|F4BUA1_METSG,GO:0019001,0.99998,guanyl nucleotide binding
tr|F4BUA1|F4BUA1_METSG,GO:0032549,0.99998,ribonucleoside binding
tr|F4BUA1|F4BUA1_METSG,GO:0001882,0.99997,nucleoside binding
tr|F4BUA1|F4BUA1_METSG,GO:0032561,0.99997,guanyl ribonucleotide binding
tr|F4BUA1|F4BUA1_METSG,GO:0017076,0.99960,purine nucleotide binding
tr|F4BUA1|F4BUA1_METSG,GO:0032555,0.99957,purine ribonucleotide binding
tr|F4BUA1|F4BUA1_METSG,GO:0035639,0.99956,purine ribonucleoside triphosphate binding
tr|F4BUA1|F4BUA1_METSG,GO:0032553,0.99952,ribonucleotide binding
tr|F4BUA1|F4BUA1_METSG,GO:0003924,0.99948,GTPase activity
tr|F4BUA1|F4BUA1_METSG,GO:0097367,0.99943,carbohydrate derivative binding
tr|F4BUA1|F4BUA1_METSG,GO:0017111,0.99792,nucleoside-triphosphatase activity
tr|F4BUA1|F4BUA1_METSG,GO:0016817,0.99752,"hydrolase activity, acting on acid anhydrides"
tr|F4BUA1|F4BUA1_METSG,GO:0016818,0.99751,"hydrolase activity, acting on acid anhydrides, in phosphorus-containing anhydrides"
tr|F4BUA1|F4BUA1_METSG,GO:0016462,0.99737,pyrophosphatase activity
tr|F4BUA1|F4BUA1_METSG,GO:0003723,0.94520,RNA binding
tr|F4BUA1|F4BUA1_METSG,GO:0045182,0.91312,translation regulator activity
tr|F4BUA1|F4BUA1_METSG,GO:0008135,0.91286,"translation factor activity, RNA binding"
tr|F4BUA1|F4BUA1_METSG,GO:0090079,0.91157,"translation regulator activity, nucleic acid binding"
tr|F4BUA1|F4BUA1_METSG,GO:0003746,0.28383,translation elongation factor activity
tr|F4BUA1|F4BUA1_METSG,GO:0003743,0.12801,translation initiation factor activity
tr|F4BUB7|F4BUB7_METSG,GO:0032553,0.46685,ribonucleotide binding
tr|F4BUB7|F4BUB7_METSG,GO:0032555,0.46079,purine ribonucleotide binding
tr|F4BUB7|F4BUB7_METSG,GO:0017076,0.45672,purine nucleotide binding
tr|F4BUB7|F4BUB7_METSG,GO:0035639,0.45636,purine ribonucleoside triphosphate binding
tr|F4BUB7|F4BUB7_METSG,GO:0097367,0.45421,carbohydrate derivative binding
tr|F4BUB7|F4BUB7_METSG,GO:0032559,0.38666,adenyl ribonucleotide binding
tr|F4BUB7|F4BUB7_METSG,GO:0005524,0.38470,ATP binding
tr|F4BUB7|F4BUB7_METSG,GO:0030554,0.38351,adenyl nucleotide binding
tr|F4BUB7|F4BUB7_METSG,GO:0140098,0.17299,"catalytic activity, acting on RNA"
tr|F4BUB7|F4BUB7_METSG,GO:0140101,0.15466,"catalytic activity, acting on a tRNA"
tr|F4BUB7|F4BUB7_METSG,GO:0016874,0.12173,ligase activity
tr|F4BUB7|F4BUB7_METSG,GO:0003723,0.11477,RNA binding
tr|F4BUG1|F4BUG1_METSG,GO:0016788,0.10849,"hydrolase activity, acting on ester bonds"
tr|F4BUG1|F4BUG1_METSG,GO:0097367,0.10613,carbohydrate derivative binding
tr|F4BUI1|F4BUI1_METSG,GO:0003677,0.76767,DNA binding
tr|F4BUI1|F4BUI1_METSG,GO:0140110,0.19370,transcription regulator activity
tr|F4BUI1|F4BUI1_METSG,GO:0003700,0.17209,DNA-binding transcription factor activity
tr|F4BUI1|F4BUI1_METSG,GO:0043565,0.11056,sequence-specific DNA binding
tr|F4BUI2|F4BUI2_METSG,GO:0032553,0.94574,ribonucleotide binding
tr|F4BUI2|F4BUI2_METSG,GO:0097367,0.94049,carbohydrate derivative binding
tr|F4BUI2|F4BUI2_METSG,GO:0005524,0.93989,ATP binding
tr|F4BUI2|F4BUI2_METSG,GO:0035639,0.93932,purine ribonucleoside triphosphate binding
tr|F4BUI2|F4BUI2_METSG,GO:0032559,0.93922,adenyl ribonucleotide binding
tr|F4BUI2|F4BUI2_METSG,GO:0032555,0.93819,purine ribonucleotide binding
tr|F4BUI2|F4BUI2_METSG,GO:0030554,0.93234,adenyl nucleotide binding
tr|F4BUI2|F4BUI2_METSG,GO:0017076,0.93100,purine nucleotide binding
tr|F4BUI2|F4BUI2_METSG,GO:0051082,0.28826,unfolded protein binding
tr|F4BUI4|F4BUI4_METSG,GO:0003677,0.28403,DNA binding
tr|F4BUI4|F4BUI4_METSG,GO:0140110,0.16779,transcription regulator activity
tr|F4BUI4|F4BUI4_METSG,GO:0003700,0.14187,DNA-binding transcription factor activity
tr|F4BUI4|F4BUI4_METSG,GO:0003723,0.12427,RNA binding
tr|F4BUI5|F4BUI5_METSG,GO:0016829,0.99842,lyase activity
tr|F4BUI5|F4BUI5_METSG,GO:0016835,0.99686,carbon-oxygen lyase activity
tr|F4BUI5|F4BUI5_METSG,GO:0016836,0.99324,hydro-lyase activity
tr|F4BUI5|F4BUI5_METSG,GO:0004634,0.83416,phosphopyruvate hydratase activity
tr|F4BUI5|F4BUI5_METSG,GO:0000287,0.76761,magnesium ion binding
tr|F4BUJ6|F4BUJ6_METSG,GO:0097367,0.14287,carbohydrate derivative binding
tr|F4BUJ6|F4BUJ6_METSG,GO:0032553,0.13446,ribonucleotide binding
tr|F4BUJ6|F4BUJ6_METSG,GO:0032559,0.13256,adenyl ribonucleotide binding
tr|F4BUJ6|F4BUJ6_METSG,GO:0030554,0.13215,adenyl nucleotide binding
tr|F4BUJ6|F4BUJ6_METSG,GO:0005524,0.12753,ATP binding
tr|F4BUJ6|F4BUJ6_METSG,GO:0032555,0.11638,purine ribonucleotide binding
tr|F4BUJ6|F4BUJ6_METSG,GO:0017076,0.11566,purine nucleotide binding
tr|F4BUJ6|F4BUJ6_METSG,GO:0035639,0.11137,purine ribonucleoside triphosphate binding
tr|F4BUN0|F4BUN0_METSG,GO:0097367,0.35367,carbohydrate derivative binding
tr|F4BUN0|F4BUN0_METSG,GO:0032553,0.33897,ribonucleotide binding
tr|F4BUN0|F4BUN0_METSG,GO:0017076,0.28859,purine nucleotide binding
tr|F4BUN0|F4BUN0_METSG,GO:0032555,0.28280,purine ribonucleotide binding
tr|F4BUN0|F4BUN0_METSG,GO:0035639,0.27623,purine ribonucleoside triphosphate binding
tr|F4BUN0|F4BUN0_METSG,GO:0030554,0.27035,adenyl nucleotide binding
tr|F4BUN0|F4BUN0_METSG,GO:0032559,0.26448,adenyl ribonucleotide binding
tr|F4BUN0|F4BUN0_METSG,GO:0005524,0.25837,ATP binding
tr|F4BUN0|F4BUN0_METSG,GO:0016874,0.12269,ligase activity
tr|F4BUN0|F4BUN0_METSG,GO:0016879,0.10711,"ligase activity, forming carbon-nitrogen bonds"
tr|F4BUN1|F4BUN1_METSG,GO:0032555,0.95736,purine ribonucleotide binding
tr|F4BUN1|F4BUN1_METSG,GO:0035639,0.95682,purine ribonucleoside triphosphate binding
tr|F4BUN1|F4BUN1_METSG,GO:0017076,0.95459,purine nucleotide binding
tr|F4BUN1|F4BUN1_METSG,GO:0032553,0.95148,ribonucleotide binding
tr|F4BUN1|F4BUN1_METSG,GO:0097367,0.94755,carbohydrate derivative binding
tr|F4BUN1|F4BUN1_METSG,GO:0032559,0.94168,adenyl ribonucleotide binding
tr|F4BUN1|F4BUN1_METSG,GO:0005524,0.94158,ATP binding
tr|F4BUN1|F4BUN1_METSG,GO:0030554,0.93801,adenyl nucleotide binding
tr|F4BUN1|F4BUN1_METSG,GO:0016874,0.59433,ligase activity
tr|F4BUN1|F4BUN1_METSG,GO:0016879,0.28465,"ligase activity, forming carbon-nitrogen bonds"
tr|F4BUN1|F4BUN1_METSG,GO:0000287,0.23108,magnesium ion binding
tr|F4BUN7|F4BUN7_METSG,GO:0097367,0.13182,carbohydrate derivative binding
tr|F4BUN7|F4BUN7_METSG,GO:0032553,0.12734,ribonucleotide binding
tr|F4BUP7|F4BUP7_METSG,GO:0032553,0.71470,ribonucleotide binding
tr|F4BUP7|F4BUP7_METSG,GO:0035639,0.70179,purine ribonucleoside triphosphate binding
tr|F4BUP7|F4BUP7_METSG,GO:0032555,0.70121,purine ribonucleotide binding
tr|F4BUP7|F4BUP7_METSG,GO:0097367,0.69591,carbohydrate derivative binding
tr|F4BUP7|F4BUP7_METSG,GO:0017076,0.68620,purine nucleotide binding
tr|F4BUP7|F4BUP7_METSG,GO:0005524,0.56816,ATP binding
tr|F4BUP7|F4BUP7_METSG,GO:0032559,0.56713,adenyl ribonucleotide binding
tr|F4BUP7|F4BUP7_METSG,GO:0030554,0.54910,adenyl nucleotide binding
tr|F4BUP7|F4BUP7_METSG,GO:0016772,0.40700,"transferase activity, transferring phosphorus-containing groups"
tr|F4BUP7|F4BUP7_METSG,GO:0016301,0.28303,kinase activity
tr|F4BUP7|F4BUP7_METSG,GO:0016773,0.18851,"phosphotransferase activity, alcohol group as acceptor"
tr|F4BUP7|F4BUP7_METSG,GO:0000287,0.18421,magnesium ion binding
tr|F4BUP7|F4BUP7_METSG,GO:0016788,0.10273,"hydrolase activity, acting on ester bonds"
tr|F4BUS0|F4BUS0_METSG,GO:0032555,0.87577,purine ribonucleotide binding
tr|F4BUS0|F4BUS0_METSG,GO:0035639,0.87390,purine ribonucleoside triphosphate binding
tr|F4BUS0|F4BUS0_METSG,GO:0017076,0.86865,purine nucleotide binding
tr|F4BUS0|F4BUS0_METSG,GO:0032553,0.86409,ribonucleotide binding
tr|F4BUS0|F4BUS0_METSG,GO:0097367,0.85209,carbohydrate derivative binding
tr|F4BUS0|F4BUS0_METSG,GO:0032559,0.84747,adenyl ribonucleotide binding
tr|F4BUS0|F4BUS0_METSG,GO:0005524,0.84506,ATP binding
tr|F4BUS0|F4BUS0_METSG,GO:0030554,0.83996,adenyl nucleotide binding
tr|F4BUS0|F4BUS0_METSG,GO:0016301,0.60363,kinase activity
tr|F4BUS0|F4BUS0_METSG,GO:0016772,0.57038,"transferase activity, transferring phosphorus-containing groups"
tr|F4BUS0|F4BUS0_METSG,GO:0016773,0.51486,"phosphotransferase activity, alcohol group as acceptor"
tr|F4BUS0|F4BUS0_METSG,GO:0019200,0.24393,carbohydrate kinase activity
tr|F4BUS0|F4BUS0_METSG,GO:0016810,0.12598,"hydrolase activity, acting on carbon-nitrogen (but not peptide) bonds"
tr|F4BUS8|F4BUS8_METSG,GO:0032553,0.77663,ribonucleotide binding
tr|F4BUS8|F4BUS8_METSG,GO:0097367,0.77427,carbohydrate derivative binding
tr|F4BUS8|F4BUS8_METSG,GO:0005524,0.75688,ATP binding
tr|F4BUS8|F4BUS8_METSG,GO:0032559,0.75410,adenyl ribonucleotide binding
tr|F4BUS8|F4BUS8_METSG,GO:0035639,0.75063,purine ribonucleoside triphosphate binding
tr|F4BUS8|F4BUS8_METSG,GO:0030554,0.75049,adenyl nucleotide binding
tr|F4BUS8|F4BUS8_METSG,GO:0032555,0.74624,purine ribonucleotide binding
tr|F4BUS8|F4BUS8_METSG,GO:0017076,0.74173,purine nucleotide binding
tr|F4BUS8|F4BUS8_METSG,GO:0051082,0.21072,unfolded protein binding
tr|F4BUT5|F4BUT5_METSG,GO:0003723,0.73015,RNA binding
tr|F4BUT5|F4BUT5_METSG,GO:0016893,0.57259,"endonuclease activity, active with either ribo- or deoxyribonucleic acids and producing 5'-phosphomonoesters"
tr|F4BUT5|F4BUT5_METSG,GO:0004518,0.56716,nuclease activity
tr|F4BUT5|F4BUT5_METSG,GO:0016891,0.52553,"endoribonuclease activity, producing 5'-phosphomonoesters"
tr|F4BUT5|F4BUT5_METSG,GO:0004519,0.50731,endonuclease activity
tr|F4BUT5|F4BUT5_METSG,GO:0019843,0.41874,rRNA binding
tr|F4BUT5|F4BUT5_METSG,GO:0016788,0.36195,"hydrolase activity, acting on ester bonds"
tr|F4BUT5|F4BUT5_METSG,GO:0004521,0.35802,endoribonuclease activity
tr|F4BUT5|F4BUT5_METSG,GO:0140098,0.33324,"catalytic activity, acting on RNA"
tr|F4BUT5|F4BUT5_METSG,GO:0004540,0.32578,ribonuclease activity
tr|F4BUT5|F4BUT5_METSG,GO:0003735,0.24493,structural constituent of ribosome
tr|F4BUT5|F4BUT5_METSG,GO:0005198,0.18204,structural molecule activity
tr|F4BUT9|F4BUT9_METSG,GO:0003677,0.11823,DNA binding
tr|F4BUT9|F4BUT9_METSG,GO:0000287,0.10622,magnesium ion binding
tr|F4BUU5|F4BUU5_METSG,GO:0140096,0.18139,"catalytic activity, acting on a protein"
tr|F4BUU5|F4BUU5_METSG,GO:0008233,0.11601,peptidase activity
tr|F4BUU5|F4BUU5_METSG,GO:0016746,0.11538,"transferase activity, transferring acyl groups"
tr|F4BUX5|F4BUX5_METSG,GO:0097367,0.13194,carbohydrate derivative binding
tr|F4BUX5|F4BUX5_METSG,GO:0032553,0.11673,ribonucleotide binding
tr|F4BUY6|F4BUY6_METSG,GO:0016853,0.58026,isomerase activity
tr|F4BUY6|F4BUY6_METSG,GO:0016860,0.48917,intramolecular oxidoreductase activity
tr|F4BUY6|F4BUY6_METSG,GO:0016861,0.47263,"intramolecular oxidoreductase activity, interconverting aldoses and ketoses"
tr|F4BUZ5|F4BUZ5_METSG,GO:0051540,0.22828,metal cluster binding
tr|F4BUZ5|F4BUZ5_METSG,GO:0051536,0.22786,iron-sulfur cluster binding
tr|F4BUZ5|F4BUZ5_METSG,GO:0051539,0.14994,"4 iron, 4 sulfur cluster binding"
tr|F4BUZ5|F4BUZ5_METSG,GO:0016829,0.13488,lyase activity
tr|F4BV04|F4BV04_METSG,GO:0004553,0.21216,"hydrolase activity, hydrolyzing O-glycosyl compounds"
tr|F4BV04|F4BV04_METSG,GO:0016798,0.20660,"hydrolase activity, acting on glycosyl bonds"
tr|F4BV04|F4BV04_METSG,GO:0008233,0.17253,peptidase activity
tr|F4BV04|F4BV04_METSG,GO:0140096,0.12945,"catalytic activity, acting on a protein"
tr|F4BV04|F4BV04_METSG,GO:0004175,0.10305,endopeptidase activity
tr|F4BV07|F4BV07_METSG,GO:0016829,0.62906,lyase activity
tr|F4BV07|F4BV07_METSG,GO:0016830,0.44106,carbon-carbon lyase activity
tr|F4BV07|F4BV07_METSG,GO:0016831,0.20539,carboxy-lyase activity
tr|F4BV07|F4BV07_METSG,GO:0016836,0.10414,hydro-lyase activity
tr|F4BV36|F4BV36_METSG,GO:0005524,0.97980,ATP binding
tr|F4BV36|F4BV36_METSG,GO:0032559,0.97959,adenyl ribonucleotide binding
tr|F4BV36|F4BV36_METSG,GO:0030554,0.97937,adenyl nucleotide binding
tr|F4BV36|F4BV36_METSG,GO:0035639,0.97759,purine ribonucleoside triphosphate binding
tr|F4BV36|F4BV36_METSG,GO:0032555,0.97750,purine ribonucleotide binding
tr|F4BV36|F4BV36_METSG,GO:0017076,0.97730,purine nucleotide binding
tr|F4BV36|F4BV36_METSG,GO:0032553,0.97608,ribonucleotide binding
tr|F4BV36|F4BV36_METSG,GO:0097367,0.96954,carbohydrate derivative binding
tr|F4BV36|F4BV36_METSG,GO:0016879,0.56641,"ligase activity, forming carbon-nitrogen bonds"
tr|F4BV36|F4BV36_METSG,GO:0016874,0.52324,ligase activity
tr|F4BV36|F4BV36_METSG,GO:0016772,0.13950,"transferase activity, transferring phosphorus-containing groups"
tr|F4BV37|F4BV37_METSG,GO:0003723,0.29782,RNA binding
tr|F4BV37|F4BV37_METSG,GO:0003735,0.28052,structural constituent of ribosome
tr|F4BV37|F4BV37_METSG,GO:0019843,0.22430,rRNA binding
tr|F4BV37|F4BV37_METSG,GO:0005198,0.20335,structural molecule activity
tr|F4BV43|F4BV43_METSG,GO:0097367,0.20837,carbohydrate derivative binding
tr|F4BV43|F4BV43_METSG,GO:0032553,0.20693,ribonucleotide binding
tr|F4BV43|F4BV43_METSG,GO:0032555,0.16355,purine ribonucleotide binding
tr|F4BV43|F4BV43_METSG,GO:0017076,0.15843,purine nucleotide binding
tr|F4BV43|F4BV43_METSG,GO:0140096,0.15829,"catalytic activity, acting on a protein"
tr|F4BV43|F4BV43_METSG,GO:0035639,0.15791,purine ribonucleoside triphosphate binding
tr|F4BV43|F4BV43_METSG,GO:0046914,0.14596,transition metal ion binding
tr|F4BV43|F4BV43_METSG,GO:0000287,0.13228,magnesium ion binding
tr|F4BV43|F4BV43_METSG,GO:0032559,0.11541,adenyl ribonucleotide binding
tr|F4BV43|F4BV43_METSG,GO:0016829,0.11418,lyase activity
tr|F4BV43|F4BV43_METSG,GO:0005524,0.11252,ATP binding
tr|F4BV43|F4BV43_METSG,GO:0030554,0.11177,adenyl nucleotide binding
tr|F4BV65|F4BV65_METSG,GO:0005198,0.13129,structural molecule activity
tr|F4BV66|F4BV66_METSG,GO:0097367,0.17376,carbohydrate derivative binding
tr|F4BV66|F4BV66_METSG,GO:0032553,0.16064,ribonucleotide binding
tr|F4BV66|F4BV66_METSG,GO:0032555,0.11949,purine ribonucleotide binding
tr|F4BV66|F4BV66_METSG,GO:0035639,0.11526,purine ribonucleoside triphosphate binding
tr|F4BV66|F4BV66_METSG,GO:0017076,0.11434,purine nucleotide binding
tr|F4BV66|F4BV66_METSG,GO:0032559,0.10503,adenyl ribonucleotide binding
tr|F4BV66|F4BV66_METSG,GO:0000287,0.10425,magnesium ion binding
tr|F4BV66|F4BV66_METSG,GO:0005524,0.10161,ATP binding
tr|F4BV66|F4BV66_METSG,GO:0030554,0.10090,adenyl nucleotide binding
tr|F4BV67|F4BV67_METSG,GO:0046914,0.19569,transition metal ion binding
tr|F4BV67|F4BV67_METSG,GO:0008270,0.12314,zinc ion binding
tr|F4BV79|F4BV79_METSG,GO:0035639,0.99962,purine ribonucleoside triphosphate binding
tr|F4BV79|F4BV79_METSG,GO:0032555,0.99961,purine ribonucleotide binding
tr|F4BV79|F4BV79_METSG,GO:0017076,0.99961,purine nucleotide binding
tr|F4BV79|F4BV79_METSG,GO:0032553,0.99949,ribonucleotide binding
tr|F4BV79|F4BV79_METSG,GO:0097367,0.99934,carbohydrate derivative binding
tr|F4BV79|F4BV79_METSG,GO:0005524,0.99874,ATP binding
tr|F4BV79|F4BV79_METSG,GO:0032559,0.99872,adenyl ribonucleotide binding
tr|F4BV79|F4BV79_METSG,GO:0030554,0.99870,adenyl nucleotide binding
tr|F4BV79|F4BV79_METSG,GO:0016818,0.85692,"hydrolase activity, acting on acid anhydrides, in phosphorus-containing anhydrides"
tr|F4BV79|F4BV79_METSG,GO:0016817,0.85641,"hydrolase activity, acting on acid anhydrides"
tr|F4BV79|F4BV79_METSG,GO:0017111,0.85624,nucleoside-triphosphatase activity
tr|F4BV79|F4BV79_METSG,GO:0016462,0.85474,pyrophosphatase activity
tr|F4BV79|F4BV79_METSG,GO:0016887,0.80221,ATPase activity
tr|F4BVC1|F4BVC1_METSG,GO:0046914,0.18363,transition metal ion binding
tr|F4BVC1|F4BVC1_METSG,GO:0140096,0.14165,"catalytic activity, acting on a protein"
tr|F4BVC1|F4BVC1_METSG,GO:0008270,0.12075,zinc ion binding
tr|F4BVC1|F4BVC1_METSG,GO:0016798,0.10375,"hydrolase activity, acting on glycosyl bonds"
tr|F4BVE1|F4BVE1_METSG,GO:0097367,0.11666,carbohydrate derivative binding
tr|F4BVE1|F4BVE1_METSG,GO:0032553,0.10245,ribonucleotide binding
tr|F4BVE2|F4BVE2_METSG,GO:0032555,0.99987,purine ribonucleotide binding
tr|F4BVE2|F4BVE2_METSG,GO:0035639,0.99987,purine ribonucleoside triphosphate binding
tr|F4BVE2|F4BVE2_METSG,GO:0017076,0.99987,purine nucleotide binding
tr|F4BVE2|F4BVE2_METSG,GO:0032553,0.99984,ribonucleotide binding
tr|F4BVE2|F4BVE2_METSG,GO:0097367,0.99979,carbohydrate derivative binding
tr|F4BVE2|F4BVE2_METSG,GO:0032559,0.99708,adenyl ribonucleotide binding
tr|F4BVE2|F4BVE2_METSG,GO:0005524,0.99705,ATP binding
tr|F4BVE2|F4BVE2_METSG,GO:0030554,0.99697,adenyl nucleotide binding
tr|F4BVE2|F4BVE2_METSG,GO:0016818,0.98527,"hydrolase activity, acting on acid anhydrides, in phosphorus-containing anhydrides"
tr|F4BVE2|F4BVE2_METSG,GO:0016817,0.98525,"hydrolase activity, acting on acid anhydrides"
tr|F4BVE2|F4BVE2_METSG,GO:0016462,0.98332,pyrophosphatase activity
tr|F4BVE2|F4BVE2_METSG,GO:0017111,0.97856,nucleoside-triphosphatase activity
tr|F4BVE2|F4BVE2_METSG,GO:0016887,0.95627,ATPase activity
tr|F4BVE2|F4BVE2_METSG,GO:0042626,0.17820,ATPase-coupled transmembrane transporter activity
tr|F4BVE2|F4BVE2_METSG,GO:0015399,0.17510,primary active transmembrane transporter activity
tr|F4BVE2|F4BVE2_METSG,GO:0022804,0.17318,active transmembrane transporter activity
tr|F4BVE2|F4BVE2_METSG,GO:0005215,0.16580,transporter activity
tr|F4BVE2|F4BVE2_METSG,GO:0140359,0.16280,ABC-type transporter activity
tr|F4BVE2|F4BVE2_METSG,GO:0022857,0.14084,transmembrane transporter activity
tr|F4BVE2|F4BVE2_METSG,GO:0008509,0.13691,anion transmembrane transporter activity
tr|F4BVE2|F4BVE2_METSG,GO:0003677,0.11813,DNA binding
tr|F4BVE2|F4BVE2_METSG,GO:0042625,0.10878,ATPase-coupled ion transmembrane transporter activity
tr|F4BVE2|F4BVE2_METSG,GO:0022853,0.10448,active ion transmembrane transporter activity
tr|F4BVK7|F4BVK7_METSG,GO:0017076,0.98043,purine nucleotide binding
tr|F4BVK7|F4BVK7_METSG,GO:0035639,0.98042,purine ribonucleoside triphosphate binding
tr|F4BVK7|F4BVK7_METSG,GO:0032555,0.98031,purine ribonucleotide binding
tr|F4BVK7|F4BVK7_METSG,GO:0032553,0.97892,ribonucleotide binding
tr|F4BVK7|F4BVK7_METSG,GO:0097367,0.97766,carbohydrate derivative binding
tr|F4BVK7|F4BVK7_METSG,GO:0030554,0.97576,adenyl nucleotide binding
tr|F4BVK7|F4BVK7_METSG,GO:0032559,0.97548,adenyl ribonucleotide binding
tr|F4BVK7|F4BVK7_METSG,GO:0005524,0.97538,ATP binding
tr|F4BVK7|F4BVK7_METSG,GO:0016301,0.84087,kinase activity
tr|F4BVK7|F4BVK7_METSG,GO:0016772,0.83419,"transferase activity, transferring phosphorus-containing groups"
tr|F4BVK7|F4BVK7_METSG,GO:0016773,0.75643,"phosphotransferase activity, alcohol group as acceptor"
tr|F4BVK7|F4BVK7_METSG,GO:0000287,0.49631,magnesium ion binding
tr|F4BVK8|F4BVK8_METSG,GO:0016614,0.25279,"oxidoreductase activity, acting on CH-OH group of donors"
tr|F4BVK8|F4BVK8_METSG,GO:0016616,0.24108,"oxidoreductase activity, acting on the CH-OH group of donors, NAD or NADP as acceptor"
tr|F4BVK8|F4BVK8_METSG,GO:0051287,0.21011,NAD binding
tr|F4BVK8|F4BVK8_METSG,GO:0000287,0.12633,magnesium ion binding
tr|F4BVK8|F4BVK8_METSG,GO:0097367,0.10194,carbohydrate derivative binding
tr|F4BVN7|F4BVN7_METSG,GO:0097367,0.20937,carbohydrate derivative binding
tr|F4BVN7|F4BVN7_METSG,GO:0032553,0.18157,ribonucleotide binding
tr|F4BVN7|F4BVN7_METSG,GO:0032555,0.17449,purine ribonucleotide binding
tr|F4BVN7|F4BVN7_METSG,GO:0035639,0.16533,purine ribonucleoside triphosphate binding
tr|F4BVN7|F4BVN7_METSG,GO:0017076,0.16366,purine nucleotide binding
tr|F4BVN7|F4BVN7_METSG,GO:0032559,0.12705,adenyl ribonucleotide binding
tr|F4BVN7|F4BVN7_METSG,GO:0005524,0.12192,ATP binding
tr|F4BVN7|F4BVN7_METSG,GO:0030554,0.11913,adenyl nucleotide binding
tr|F4BVQ0|F4BVQ0_METSG,GO:0140096,0.10812,"catalytic activity, acting on a protein"
tr|F4BVQ8|F4BVQ8_METSG,GO:0097367,0.24989,carbohydrate derivative binding
tr|F4BVQ8|F4BVQ8_METSG,GO:0032553,0.21153,ribonucleotide binding
tr|F4BVQ8|F4BVQ8_METSG,GO:0032555,0.19903,purine ribonucleotide binding
tr|F4BVQ8|F4BVQ8_METSG,GO:0035639,0.19591,purine ribonucleoside triphosphate binding
tr|F4BVQ8|F4BVQ8_METSG,GO:0017076,0.18899,purine nucleotide binding
tr|F4BVQ8|F4BVQ8_METSG,GO:0032559,0.15568,adenyl ribonucleotide binding
tr|F4BVQ8|F4BVQ8_METSG,GO:0005524,0.15356,ATP binding
tr|F4BVQ8|F4BVQ8_METSG,GO:0030554,0.14747,adenyl nucleotide binding
tr|F4BVR1|F4BVR1_METSG,GO:0051536,0.48174,iron-sulfur cluster binding
tr|F4BVR1|F4BVR1_METSG,GO:0051540,0.48155,metal cluster binding
tr|F4BVR1|F4BVR1_METSG,GO:0051539,0.41354,"4 iron, 4 sulfur cluster binding"
tr|F4BVR1|F4BVR1_METSG,GO:0046914,0.37793,transition metal ion binding
tr|F4BVR1|F4BVR1_METSG,GO:0008270,0.23885,zinc ion binding
tr|F4BVR1|F4BVR1_METSG,GO:0097367,0.10917,carbohydrate derivative binding
tr|F4BVS1|F4BVS1_METSG,GO:0004553,0.26969,"hydrolase activity, hydrolyzing O-glycosyl compounds"
tr|F4BVS1|F4BVS1_METSG,GO:0016798,0.26865,"hydrolase activity, acting on glycosyl bonds"
tr|F4BVS1|F4BVS1_METSG,GO:0097367,0.24124,carbohydrate derivative binding
tr|F4BVS1|F4BVS1_METSG,GO:0032553,0.16809,ribonucleotide binding
tr|F4BVS1|F4BVS1_METSG,GO:0032555,0.15041,purine ribonucleotide binding
tr|F4BVS1|F4BVS1_METSG,GO:0035639,0.14830,purine ribonucleoside triphosphate binding
tr|F4BVS1|F4BVS1_METSG,GO:0017076,0.14524,purine nucleotide binding
tr|F4BVS1|F4BVS1_METSG,GO:0008233,0.12146,peptidase activity
tr|F4BVS1|F4BVS1_METSG,GO:0008236,0.11704,serine-type peptidase activity
tr|F4BVS1|F4BVS1_METSG,GO:0017171,0.11690,serine hydrolase activity
tr|F4BVS1|F4BVS1_METSG,GO:0032559,0.11017,adenyl ribonucleotide binding
tr|F4BVS1|F4BVS1_METSG,GO:0005524,0.10913,ATP binding
tr|F4BVS1|F4BVS1_METSG,GO:0030246,0.10675,carbohydrate binding
tr|F4BVS1|F4BVS1_METSG,GO:0030554,0.10607,adenyl nucleotide binding
tr|F4BVV4|F4BVV4_METSG,GO:0097367,0.10564,carbohydrate derivative binding
tr|F4BVX4|F4BVX4_METSG,GO:0016614,0.49434,"oxidoreductase activity, acting on CH-OH group of donors"
tr|F4BVX4|F4BVX4_METSG,GO:0016616,0.49300,"oxidoreductase activity, acting on the CH-OH group of donors, NAD or NADP as acceptor"
tr|F4BVX4|F4BVX4_METSG,GO:0051287,0.21934,NAD binding
tr|F4BVX4|F4BVX4_METSG,GO:0050661,0.10805,NADP binding
tr|F4BVX5|F4BVX5_METSG,GO:0016829,0.15307,lyase activity
tr|F4BVX5|F4BVX5_METSG,GO:0140096,0.14772,"catalytic activity, acting on a protein"
tr|F4BVZ3|F4BVZ3_METSG,GO:0032555,0.99999,purine ribonucleotide binding
tr|F4BVZ3|F4BVZ3_METSG,GO:0035639,0.99999,purine ribonucleoside triphosphate binding
tr|F4BVZ3|F4BVZ3_METSG,GO:0017076,0.99999,purine nucleotide binding
tr|F4BVZ3|F4BVZ3_METSG,GO:0032553,0.99999,ribonucleotide binding
tr|F4BVZ3|F4BVZ3_METSG,GO:0097367,0.99998,carbohydrate derivative binding
tr|F4BVZ3|F4BVZ3_METSG,GO:0032559,0.99988,adenyl ribonucleotide binding
tr|F4BVZ3|F4BVZ3_METSG,GO:0005524,0.99988,ATP binding
tr|F4BVZ3|F4BVZ3_METSG,GO:0030554,0.99985,adenyl nucleotide binding
tr|F4BVZ3|F4BVZ3_METSG,GO:0016818,0.99464,"hydrolase activity, acting on acid anhydrides, in phosphorus-containing anhydrides"
tr|F4BVZ3|F4BVZ3_METSG,GO:0016817,0.99463,"hydrolase activity, acting on acid anhydrides"
tr|F4BVZ3|F4BVZ3_METSG,GO:0016462,0.99422,pyrophosphatase activity
tr|F4BVZ3|F4BVZ3_METSG,GO:0017111,0.99390,nucleoside-triphosphatase activity
tr|F4BVZ3|F4BVZ3_METSG,GO:0016887,0.99118,ATPase activity
tr|F4BVZ3|F4BVZ3_METSG,GO:0042626,0.45718,ATPase-coupled transmembrane transporter activity
tr|F4BVZ3|F4BVZ3_METSG,GO:0015399,0.44148,primary active transmembrane transporter activity
tr|F4BVZ3|F4BVZ3_METSG,GO:0022804,0.43886,active transmembrane transporter activity
tr|F4BVZ3|F4BVZ3_METSG,GO:0005215,0.34371,transporter activity
tr|F4BVZ3|F4BVZ3_METSG,GO:0022857,0.27247,transmembrane transporter activity
tr|F4BVZ3|F4BVZ3_METSG,GO:0042625,0.23666,ATPase-coupled ion transmembrane transporter activity
tr|F4BVZ3|F4BVZ3_METSG,GO:0022853,0.22264,active ion transmembrane transporter activity
tr|F4BVZ3|F4BVZ3_METSG,GO:0015075,0.13057,ion transmembrane transporter activity
tr|F4BVZ3|F4BVZ3_METSG,GO:0008509,0.12518,anion transmembrane transporter activity
tr|F4BVZ3|F4BVZ3_METSG,GO:0140359,0.12275,ABC-type transporter activity
tr|F4BVZ4|F4BVZ4_METSG,GO:0003723,0.22203,RNA binding
tr|F4BVZ4|F4BVZ4_METSG,GO:0097367,0.19519,carbohydrate derivative binding
tr|F4BVZ4|F4BVZ4_METSG,GO:0032553,0.18245,ribonucleotide binding
tr|F4BVZ4|F4BVZ4_METSG,GO:0017076,0.17495,purine nucleotide binding
tr|F4BVZ4|F4BVZ4_METSG,GO:0032555,0.17212,purine ribonucleotide binding
tr|F4BVZ4|F4BVZ4_METSG,GO:0035639,0.16818,purine ribonucleoside triphosphate binding
tr|F4BVZ7|F4BVZ7_METSG,GO:0097367,0.38024,carbohydrate derivative binding
tr|F4BVZ7|F4BVZ7_METSG,GO:0032553,0.36548,ribonucleotide binding
tr|F4BVZ7|F4BVZ7_METSG,GO:0032555,0.34980,purine ribonucleotide binding
tr|F4BVZ7|F4BVZ7_METSG,GO:0035639,0.34673,purine ribonucleoside triphosphate binding
tr|F4BVZ7|F4BVZ7_METSG,GO:0017076,0.34312,purine nucleotide binding
tr|F4BVZ7|F4BVZ7_METSG,GO:0032559,0.33384,adenyl ribonucleotide binding
tr|F4BVZ7|F4BVZ7_METSG,GO:0005524,0.33151,ATP binding
tr|F4BVZ7|F4BVZ7_METSG,GO:0030554,0.32821,adenyl nucleotide binding
tr|F4BVZ7|F4BVZ7_METSG,GO:0046914,0.10976,transition metal ion binding
tr|F4BVZ7|F4BVZ7_METSG,GO:0051540,0.10163,metal cluster binding
tr|F4BVZ7|F4BVZ7_METSG,GO:0051536,0.10148,iron-sulfur cluster binding
tr|F4BW15|F4BW15_METSG,GO:0097367,0.12356,carbohydrate derivative binding
tr|F4BW31|F4BW31_METSG,GO:0097367,0.24223,carbohydrate derivative binding
tr|F4BW31|F4BW31_METSG,GO:0032553,0.23120,ribonucleotide binding
tr|F4BW31|F4BW31_METSG,GO:0017076,0.21779,purine nucleotide binding
tr|F4BW31|F4BW31_METSG,GO:0032555,0.21699,purine ribonucleotide binding
tr|F4BW31|F4BW31_METSG,GO:0035639,0.21262,purine ribonucleoside triphosphate binding
tr|F4BW31|F4BW31_METSG,GO:0030554,0.19291,adenyl nucleotide binding
tr|F4BW31|F4BW31_METSG,GO:0032559,0.19194,adenyl ribonucleotide binding
tr|F4BW31|F4BW31_METSG,GO:0005524,0.18931,ATP binding
tr|F4BW31|F4BW31_METSG,GO:0016874,0.14032,ligase activity
tr|F4BW31|F4BW31_METSG,GO:0140098,0.10609,"catalytic activity, acting on RNA"
tr|F4BW47|F4BW47_METSG,GO:0005215,0.16235,transporter activity
tr|F4BW47|F4BW47_METSG,GO:0022857,0.16001,transmembrane transporter activity
tr|F4BW47|F4BW47_METSG,GO:0015075,0.13566,ion transmembrane transporter activity
tr|F4BW47|F4BW47_METSG,GO:0015318,0.10187,inorganic molecular entity transmembrane transporter activity
tr|F4BW56|F4BW56_METSG,GO:0097367,0.10466,carbohydrate derivative binding
tr|F4BW67|F4BW67_METSG,GO:0016614,0.19787,"oxidoreductase activity, acting on CH-OH group of donors"
tr|F4BW67|F4BW67_METSG,GO:0016616,0.18583,"oxidoreductase activity, acting on the CH-OH group of donors, NAD or NADP as acceptor"
tr|F4BW67|F4BW67_METSG,GO:0051287,0.14119,NAD binding
tr|F4BW67|F4BW67_METSG,GO:0050661,0.13004,NADP binding
tr|F4BW85|F4BW85_METSG,GO:0097367,0.21606,carbohydrate derivative binding
tr|F4BW85|F4BW85_METSG,GO:0032553,0.18927,ribonucleotide binding
tr|F4BW85|F4BW85_METSG,GO:0032555,0.15188,purine ribonucleotide binding
tr|F4BW85|F4BW85_METSG,GO:0017076,0.15046,purine nucleotide binding
tr|F4BW85|F4BW85_METSG,GO:0035639,0.14911,purine ribonucleoside triphosphate binding
tr|F4BWA3|F4BWA3_METSG,GO:0097367,0.11217,carbohydrate derivative binding
tr|F4BWA3|F4BWA3_METSG,GO:0046914,0.10993,transition metal ion binding
tr|F4BWA3|F4BWA3_METSG,GO:0032553,0.10107,ribonucleotide binding
tr|F4BWB0|F4BWB0_METSG,GO:0016874,0.20774,ligase activity
tr|F4BWB0|F4BWB0_METSG,GO:0097367,0.15220,carbohydrate derivative binding
tr|F4BWB0|F4BWB0_METSG,GO:0032553,0.14019,ribonucleotide binding
tr|F4BWB0|F4BWB0_METSG,GO:0017076,0.13585,purine nucleotide binding
tr|F4BWB0|F4BWB0_METSG,GO:0030554,0.12873,adenyl nucleotide binding
tr|F4BWB0|F4BWB0_METSG,GO:0032555,0.12836,purine ribonucleotide binding
tr|F4BWB0|F4BWB0_METSG,GO:0035639,0.12346,purine ribonucleoside triphosphate binding
tr|F4BWB0|F4BWB0_METSG,GO:0032559,0.12116,adenyl ribonucleotide binding
tr|F4BWB0|F4BWB0_METSG,GO:0005524,0.11829,ATP binding
tr|F4BWB2|F4BWB2_METSG,GO:0140096,0.16314,"catalytic activity, acting on a protein"
tr|F4BWB4|F4BWB4_METSG,GO:0016874,0.14565,ligase activity
tr|F4BWB4|F4BWB4_METSG,GO:0097367,0.14388,carbohydrate derivative binding
tr|F4BWB4|F4BWB4_METSG,GO:0032553,0.13872,ribonucleotide binding
tr|F4BWB4|F4BWB4_METSG,GO:0017076,0.12830,purine nucleotide binding
tr|F4BWB4|F4BWB4_METSG,GO:0032555,0.11568,purine ribonucleotide binding
tr|F4BWB4|F4BWB4_METSG,GO:0035639,0.11448,purine ribonucleoside triphosphate binding
tr|F4BWB5|F4BWB5_METSG,GO:0097367,0.14298,carbohydrate derivative binding
tr|F4BWB5|F4BWB5_METSG,GO:0032553,0.13049,ribonucleotide binding
tr|F4BWB5|F4BWB5_METSG,GO:0017076,0.12197,purine nucleotide binding
tr|F4BWB5|F4BWB5_METSG,GO:0032555,0.10700,purine ribonucleotide binding
tr|F4BWB5|F4BWB5_METSG,GO:0035639,0.10300,purine ribonucleoside triphosphate binding
tr|F4BWB5|F4BWB5_METSG,GO:0030554,0.10003,adenyl nucleotide binding
tr|F4BWF0|F4BWF0_METSG,GO:0097367,0.11734,carbohydrate derivative binding
tr|F4BWF0|F4BWF0_METSG,GO:0140096,0.11502,"catalytic activity, acting on a protein"
tr|F4BWF0|F4BWF0_METSG,GO:0005215,0.10199,transporter activity
tr|F4BWF3|F4BWF3_METSG,GO:0032553,0.16194,ribonucleotide binding
tr|F4BWF3|F4BWF3_METSG,GO:0097367,0.16033,carbohydrate derivative binding
tr|F4BWF3|F4BWF3_METSG,GO:0032555,0.14518,purine ribonucleotide binding
tr|F4BWF3|F4BWF3_METSG,GO:0017076,0.14199,purine nucleotide binding
tr|F4BWF3|F4BWF3_METSG,GO:0035639,0.14191,purine ribonucleoside triphosphate binding
tr|F4BWF3|F4BWF3_METSG,GO:0003723,0.14157,RNA binding
tr|F4BWF3|F4BWF3_METSG,GO:0140098,0.13201,"catalytic activity, acting on RNA"
tr|F4BWF3|F4BWF3_METSG,GO:0032559,0.11535,adenyl ribonucleotide binding
tr|F4BWF3|F4BWF3_METSG,GO:0005524,0.11370,ATP binding
tr|F4BWF3|F4BWF3_METSG,GO:0030554,0.11293,adenyl nucleotide binding
tr|F4BWF9|F4BWF9_METSG,GO:0003723,0.15722,RNA binding
tr|F4BWF9|F4BWF9_METSG,GO:0005198,0.10338,structural molecule activity
tr|F4BWH0|F4BWH0_METSG,GO:0046914,0.15056,transition metal ion binding
tr|F4BWH0|F4BWH0_METSG,GO:0016829,0.12106,lyase activity
tr|F4BWJ6|F4BWJ6_METSG,GO:0097367,0.36545,carbohydrate derivative binding
tr|F4BWJ6|F4BWJ6_METSG,GO:0032555,0.30370,purine ribonucleotide binding
tr|F4BWJ6|F4BWJ6_METSG,GO:0035639,0.30222,purine ribonucleoside triphosphate binding
tr|F4BWJ6|F4BWJ6_METSG,GO:0032553,0.29789,ribonucleotide binding
tr|F4BWJ6|F4BWJ6_METSG,GO:0017076,0.28796,purine nucleotide binding
tr|F4BWJ6|F4BWJ6_METSG,GO:0032559,0.24081,adenyl ribonucleotide binding
tr|F4BWJ6|F4BWJ6_METSG,GO:0005524,0.24056,ATP binding
tr|F4BWJ6|F4BWJ6_METSG,GO:0030554,0.22803,adenyl nucleotide binding
tr|F4BWK6|F4BWK6_METSG,GO:0097367,0.13636,carbohydrate derivative binding
tr|F4BWK6|F4BWK6_METSG,GO:0032553,0.11608,ribonucleotide binding
tr|F4BWK7|F4BWK7_METSG,GO:0051540,0.17873,metal cluster binding
tr|F4BWK7|F4BWK7_METSG,GO:0051536,0.17859,iron-sulfur cluster binding
tr|F4BWK7|F4BWK7_METSG,GO:0046914,0.16568,transition metal ion binding
tr|F4BWK7|F4BWK7_METSG,GO:0140096,0.11161,"catalytic activity, acting on a protein"
tr|F4BWK7|F4BWK7_METSG,GO:0051539,0.10504,"4 iron, 4 sulfur cluster binding"
tr|F4BWK7|F4BWK7_METSG,GO:0016829,0.10372,lyase activity
tr|F4BWL2|F4BWL2_METSG,GO:0003677,0.14685,DNA binding
tr|F4BWL2|F4BWL2_METSG,GO:0046914,0.10900,transition metal ion binding
tr|F4BWL2|F4BWL2_METSG,GO:0140096,0.10046,"catalytic activity, acting on a protein"
tr|F4BWM9|F4BWM9_METSG,GO:0097367,0.25945,carbohydrate derivative binding
tr|F4BWM9|F4BWM9_METSG,GO:0032553,0.24722,ribonucleotide binding
tr|F4BWM9|F4BWM9_METSG,GO:0032555,0.23766,purine ribonucleotide binding
tr|F4BWM9|F4BWM9_METSG,GO:0035639,0.23285,purine ribonucleoside triphosphate binding
tr|F4BWM9|F4BWM9_METSG,GO:0017076,0.22991,purine nucleotide binding
tr|F4BWM9|F4BWM9_METSG,GO:0032559,0.18300,adenyl ribonucleotide binding
tr|F4BWM9|F4BWM9_METSG,GO:0005524,0.18015,ATP binding
tr|F4BWM9|F4BWM9_METSG,GO:0030554,0.17660,adenyl nucleotide binding
tr|F4BWM9|F4BWM9_METSG,GO:0140096,0.13454,"catalytic activity, acting on a protein"
tr|F4BWM9|F4BWM9_METSG,GO:0046914,0.12644,transition metal ion binding
tr|F4BWM9|F4BWM9_METSG,GO:0051540,0.10084,metal cluster binding
tr|F4BWM9|F4BWM9_METSG,GO:0051536,0.10077,iron-sulfur cluster binding
tr|F4BWN6|F4BWN6_METSG,GO:0032553,0.76851,ribonucleotide binding
tr|F4BWN6|F4BWN6_METSG,GO:0097367,0.76582,carbohydrate derivative binding
tr|F4BWN6|F4BWN6_METSG,GO:0035639,0.76531,purine ribonucleoside triphosphate binding
tr|F4BWN6|F4BWN6_METSG,GO:0032555,0.76283,purine ribonucleotide binding
tr|F4BWN6|F4BWN6_METSG,GO:0017076,0.75211,purine nucleotide binding
tr|F4BWN6|F4BWN6_METSG,GO:0005524,0.70724,ATP binding
tr|F4BWN6|F4BWN6_METSG,GO:0032559,0.70430,adenyl ribonucleotide binding
tr|F4BWN6|F4BWN6_METSG,GO:0030554,0.69219,adenyl nucleotide binding
tr|F4BWN6|F4BWN6_METSG,GO:0016875,0.52241,"ligase activity, forming carbon-oxygen bonds"
tr|F4BWN6|F4BWN6_METSG,GO:0004812,0.52213,aminoacyl-tRNA ligase activity
tr|F4BWN6|F4BWN6_METSG,GO:0140101,0.43522,"catalytic activity, acting on a tRNA"
tr|F4BWN6|F4BWN6_METSG,GO:0140098,0.40931,"catalytic activity, acting on RNA"
tr|F4BWN6|F4BWN6_METSG,GO:0016874,0.38456,ligase activity
tr|F4BWN6|F4BWN6_METSG,GO:0046914,0.13422,transition metal ion binding
tr|F4BWP4|F4BWP4_METSG,GO:0003677,0.15162,DNA binding
tr|F4BWP7|F4BWP7_METSG,GO:0017076,1.00000,purine nucleotide binding
tr|F4BWP7|F4BWP7_METSG,GO:0035639,1.00000,purine ribonucleoside triphosphate binding
tr|F4BWP7|F4BWP7_METSG,GO:0032555,1.00000,purine ribonucleotide binding
tr|F4BWP7|F4BWP7_METSG,GO:0032553,0.99999,ribonucleotide binding
tr|F4BWP7|F4BWP7_METSG,GO:0097367,0.99999,carbohydrate derivative binding
tr|F4BWP7|F4BWP7_METSG,GO:0030554,0.99999,adenyl nucleotide binding
tr|F4BWP7|F4BWP7_METSG,GO:0005524,0.99999,ATP binding
tr|F4BWP7|F4BWP7_METSG,GO:0032559,0.99999,adenyl ribonucleotide binding
tr|F4BWP7|F4BWP7_METSG,GO:0019205,0.99992,nucleobase-containing compound kinase activity
tr|F4BWP7|F4BWP7_METSG,GO:0016776,0.99975,"phosphotransferase activity, phosphate group as acceptor"
tr|F4BWP7|F4BWP7_METSG,GO:0050145,0.99966,nucleoside monophosphate kinase activity
tr|F4BWP7|F4BWP7_METSG,GO:0016301,0.99963,kinase activity
tr|F4BWP7|F4BWP7_METSG,GO:0016772,0.99929,"transferase activity, transferring phosphorus-containing groups"
tr|F4BWP7|F4BWP7_METSG,GO:0004017,0.98845,adenylate kinase activity
tr|F4BWP7|F4BWP7_METSG,GO:0008270,0.33601,zinc ion binding
tr|F4BWP7|F4BWP7_METSG,GO:0046914,0.29662,transition metal ion binding
tr|F4BWP8|F4BWP8_METSG,GO:0016798,0.34370,"hydrolase activity, acting on glycosyl bonds"
tr|F4BWP8|F4BWP8_METSG,GO:0140096,0.24659,"catalytic activity, acting on a protein"
tr|F4BWP8|F4BWP8_METSG,GO:0004553,0.17000,"hydrolase activity, hydrolyzing O-glycosyl compounds"
tr|F4BWP8|F4BWP8_METSG,GO:0046914,0.14470,transition metal ion binding
tr|F4BWP8|F4BWP8_METSG,GO:0008233,0.11582,peptidase activity
tr|F4BWQ0|F4BWQ0_METSG,GO:0003677,0.36696,DNA binding
tr|F4BWQ0|F4BWQ0_METSG,GO:0016829,0.15618,lyase activity
tr|F4BWT4|F4BWT4_METSG,GO:0097367,0.20272,carbohydrate derivative binding
tr|F4BWT4|F4BWT4_METSG,GO:0032553,0.19455,ribonucleotide binding
tr|F4BWT4|F4BWT4_METSG,GO:0030554,0.18752,adenyl nucleotide binding
tr|F4BWT4|F4BWT4_METSG,GO:0032559,0.18383,adenyl ribonucleotide binding
tr|F4BWT4|F4BWT4_METSG,GO:0005524,0.17896,ATP binding
tr|F4BWT4|F4BWT4_METSG,GO:0017076,0.16840,purine nucleotide binding
tr|F4BWT4|F4BWT4_METSG,GO:0032555,0.16557,purine ribonucleotide binding
tr|F4BWT4|F4BWT4_METSG,GO:0035639,0.15971,purine ribonucleoside triphosphate binding
tr|F4BWT6|F4BWT6_METSG,GO:0003723,0.22415,RNA binding
tr|F4BWT6|F4BWT6_METSG,GO:0003677,0.17455,DNA binding
tr|F4BWT7|F4BWT7_METSG,GO:0003723,0.19103,RNA binding
tr|F4BWT7|F4BWT7_METSG,GO:0097367,0.17063,carbohydrate derivative binding
tr|F4BWT7|F4BWT7_METSG,GO:0032553,0.15920,ribonucleotide binding
tr|F4BWT7|F4BWT7_METSG,GO:0003677,0.15691,DNA binding
tr|F4BWT7|F4BWT7_METSG,GO:0032555,0.13767,purine ribonucleotide binding
tr|F4BWT7|F4BWT7_METSG,GO:0035639,0.13403,purine ribonucleoside triphosphate binding
tr|F4BWT7|F4BWT7_METSG,GO:0017076,0.12843,purine nucleotide binding
tr|F4BWT7|F4BWT7_METSG,GO:0016772,0.11992,"transferase activity, transferring phosphorus-containing groups"
tr|F4BWT8|F4BWT8_METSG,GO:0097367,0.12888,carbohydrate derivative binding
tr|F4BWT8|F4BWT8_METSG,GO:0032553,0.12250,ribonucleotide binding
tr|F4BWT8|F4BWT8_METSG,GO:0032555,0.10383,purine ribonucleotide binding
tr|F4BWT8|F4BWT8_METSG,GO:0140098,0.10200,"catalytic activity, acting on RNA"
tr|F4BWT8|F4BWT8_METSG,GO:0035639,0.10069,purine ribonucleoside triphosphate binding
tr|F4BWT9|F4BWT9_METSG,GO:0003677,0.21135,DNA binding
tr|F4BWT9|F4BWT9_METSG,GO:0003723,0.18799,RNA binding
tr|F4BWT9|F4BWT9_METSG,GO:0097367,0.14734,carbohydrate derivative binding
tr|F4BWT9|F4BWT9_METSG,GO:0032553,0.14686,ribonucleotide binding
tr|F4BWT9|F4BWT9_METSG,GO:0032555,0.13610,purine ribonucleotide binding
tr|F4BWT9|F4BWT9_METSG,GO:0017076,0.13313,purine nucleotide binding
tr|F4BWT9|F4BWT9_METSG,GO:0035639,0.13222,purine ribonucleoside triphosphate binding
tr|F4BWT9|F4BWT9_METSG,GO:0016772,0.11298,"transferase activity, transferring phosphorus-containing groups"
tr|F4BWT9|F4BWT9_METSG,GO:0032559,0.11169,adenyl ribonucleotide binding
tr|F4BWT9|F4BWT9_METSG,GO:0005524,0.10962,ATP binding
tr|F4BWT9|F4BWT9_METSG,GO:0030554,0.10918,adenyl nucleotide binding
tr|F4BWT9|F4BWT9_METSG,GO:0140096,0.10457,"catalytic activity, acting on a protein"
tr|F4BWV2|F4BWV2_METSG,GO:0003677,0.42847,DNA binding
tr|F4BWV2|F4BWV2_METSG,GO:0016763,0.14721,"transferase activity, transferring pentosyl groups"
tr|F4BWV6|F4BWV6_METSG,GO:0005198,0.19708,structural molecule activity
tr|F4BWV6|F4BWV6_METSG,GO:0003723,0.15827,RNA binding
tr|F4BWV6|F4BWV6_METSG,GO:0003735,0.15166,structural constituent of ribosome
tr|F4BWV9|F4BWV9_METSG,GO:0097367,0.25841,carbohydrate derivative binding
tr|F4BWV9|F4BWV9_METSG,GO:0032553,0.24333,ribonucleotide binding
tr|F4BWV9|F4BWV9_METSG,GO:0032555,0.20571,purine ribonucleotide binding
tr|F4BWV9|F4BWV9_METSG,GO:0035639,0.19885,purine ribonucleoside triphosphate binding
tr|F4BWV9|F4BWV9_METSG,GO:0017076,0.19097,purine nucleotide binding
tr|F4BWV9|F4BWV9_METSG,GO:0032559,0.18406,adenyl ribonucleotide binding
tr|F4BWV9|F4BWV9_METSG,GO:0005524,0.18089,ATP binding
tr|F4BWV9|F4BWV9_METSG,GO:0030554,0.17061,adenyl nucleotide binding
tr|F4BWW0|F4BWW0_METSG,GO:0016829,0.25907,lyase activity
tr|F4BWW0|F4BWW0_METSG,GO:0016835,0.17489,carbon-oxygen lyase activity
tr|F4BWW0|F4BWW0_METSG,GO:0016836,0.12258,hydro-lyase activity
tr|F4BX03|F4BX03_METSG,GO:0032549,0.99659,ribonucleoside binding
tr|F4BX03|F4BX03_METSG,GO:0001882,0.99656,nucleoside binding
tr|F4BX03|F4BX03_METSG,GO:0032550,0.99628,purine ribonucleoside binding
tr|F4BX03|F4BX03_METSG,GO:0001883,0.99625,purine nucleoside binding
tr|F4BX03|F4BX03_METSG,GO:0005525,0.99621,GTP binding
tr|F4BX03|F4BX03_METSG,GO:0032561,0.99600,guanyl ribonucleotide binding
tr|F4BX03|F4BX03_METSG,GO:0019001,0.99596,guanyl nucleotide binding
tr|F4BX03|F4BX03_METSG,GO:0035639,0.99318,purine ribonucleoside triphosphate binding
tr|F4BX03|F4BX03_METSG,GO:0032555,0.99290,purine ribonucleotide binding
tr|F4BX03|F4BX03_METSG,GO:0032553,0.99242,ribonucleotide binding
tr|F4BX03|F4BX03_METSG,GO:0017076,0.99238,purine nucleotide binding
tr|F4BX03|F4BX03_METSG,GO:0097367,0.99197,carbohydrate derivative binding
tr|F4BX03|F4BX03_METSG,GO:0016879,0.92363,"ligase activity, forming carbon-nitrogen bonds"
tr|F4BX03|F4BX03_METSG,GO:0016874,0.90196,ligase activity
tr|F4BX03|F4BX03_METSG,GO:0000287,0.85789,magnesium ion binding
tr|F4BX06|F4BX06_METSG,GO:0097367,0.98083,carbohydrate derivative binding
tr|F4BX06|F4BX06_METSG,GO:0032553,0.98055,ribonucleotide binding
tr|F4BX06|F4BX06_METSG,GO:0030554,0.97720,adenyl nucleotide binding
tr|F4BX06|F4BX06_METSG,GO:0017076,0.97692,purine nucleotide binding
tr|F4BX06|F4BX06_METSG,GO:0032559,0.97650,adenyl ribonucleotide binding
tr|F4BX06|F4BX06_METSG,GO:0032555,0.97638,purine ribonucleotide binding
tr|F4BX06|F4BX06_METSG,GO:0005524,0.97499,ATP binding
tr|F4BX06|F4BX06_METSG,GO:0035639,0.97488,purine ribonucleoside triphosphate binding
tr|F4BX06|F4BX06_METSG,GO:0016878,0.90825,acid-thiol ligase activity
tr|F4BX06|F4BX06_METSG,GO:0016874,0.87993,ligase activity
tr|F4BX06|F4BX06_METSG,GO:0016877,0.87190,"ligase activity, forming carbon-sulfur bonds"
tr|F4BX06|F4BX06_METSG,GO:0016405,0.78877,CoA-ligase activity
tr|F4BX06|F4BX06_METSG,GO:0016208,0.34995,AMP binding
tr|F4BX07|F4BX07_METSG,GO:0030554,0.95806,adenyl nucleotide binding
tr|F4BX07|F4BX07_METSG,GO:0032559,0.95364,adenyl ribonucleotide binding
tr|F4BX07|F4BX07_METSG,GO:0005524,0.95158,ATP binding
tr|F4BX07|F4BX07_METSG,GO:0017076,0.94980,purine nucleotide binding
tr|F4BX07|F4BX07_METSG,GO:0032553,0.94943,ribonucleotide binding
tr|F4BX07|F4BX07_METSG,GO:0097367,0.94913,carbohydrate derivative binding
tr|F4BX07|F4BX07_METSG,GO:0032555,0.94502,purine ribonucleotide binding
tr|F4BX07|F4BX07_METSG,GO:0035639,0.94268,purine ribonucleoside triphosphate binding
tr|F4BX07|F4BX07_METSG,GO:0016874,0.87069,ligase activity
tr|F4BX07|F4BX07_METSG,GO:0016878,0.73192,acid-thiol ligase activity
tr|F4BX07|F4BX07_METSG,GO:0016877,0.69228,"ligase activity, forming carbon-sulfur bonds"
tr|F4BX07|F4BX07_METSG,GO:0016405,0.54366,CoA-ligase activity
tr|F4BX07|F4BX07_METSG,GO:0016208,0.17100,AMP binding
tr|F4BX08|F4BX08_METSG,GO:0032559,0.96841,adenyl ribonucleotide binding
tr|F4BX08|F4BX08_METSG,GO:0005524,0.96684,ATP binding
tr|F4BX08|F4BX08_METSG,GO:0030554,0.96676,adenyl nucleotide binding
tr|F4BX08|F4BX08_METSG,GO:0032553,0.96459,ribonucleotide binding
tr|F4BX08|F4BX08_METSG,GO:0097367,0.96353,carbohydrate derivative binding
tr|F4BX08|F4BX08_METSG,GO:0032555,0.96169,purine ribonucleotide binding
tr|F4BX08|F4BX08_METSG,GO:0035639,0.95989,purine ribonucleoside triphosphate binding
tr|F4BX08|F4BX08_METSG,GO:0017076,0.95953,purine nucleotide binding
tr|F4BX08|F4BX08_METSG,GO:0016874,0.85844,ligase activity
tr|F4BX08|F4BX08_METSG,GO:0016878,0.75437,acid-thiol ligase activity
tr|F4BX08|F4BX08_METSG,GO:0016877,0.69111,"ligase activity, forming carbon-sulfur bonds"
tr|F4BX08|F4BX08_METSG,GO:0016405,0.47862,CoA-ligase activity
tr|F4BX08|F4BX08_METSG,GO:0016208,0.19668,AMP binding
tr|F4BX26|F4BX26_METSG,GO:0032555,0.71773,purine ribonucleotide binding
tr|F4BX26|F4BX26_METSG,GO:0017076,0.71271,purine nucleotide binding
tr|F4BX26|F4BX26_METSG,GO:0032553,0.71174,ribonucleotide binding
tr|F4BX26|F4BX26_METSG,GO:0097367,0.70772,carbohydrate derivative binding
tr|F4BX26|F4BX26_METSG,GO:0035639,0.69037,purine ribonucleoside triphosphate binding
tr|F4BX26|F4BX26_METSG,GO:0032559,0.67044,adenyl ribonucleotide binding
tr|F4BX26|F4BX26_METSG,GO:0030554,0.66565,adenyl nucleotide binding
tr|F4BX26|F4BX26_METSG,GO:0005524,0.63625,ATP binding
tr|F4BX26|F4BX26_METSG,GO:0016763,0.53132,"transferase activity, transferring pentosyl groups"
tr|F4BX26|F4BX26_METSG,GO:0016757,0.44235,"transferase activity, transferring glycosyl groups"
tr|F4BX26|F4BX26_METSG,GO:0000287,0.40956,magnesium ion binding
tr|F4BX26|F4BX26_METSG,GO:0016772,0.16194,"transferase activity, transferring phosphorus-containing groups"
tr|F4BX26|F4BX26_METSG,GO:0016301,0.13283,kinase activity
tr|F4BX30|F4BX30_METSG,GO:0017076,0.99883,purine nucleotide binding
tr|F4BX30|F4BX30_METSG,GO:0032555,0.99883,purine ribonucleotide binding
tr|F4BX30|F4BX30_METSG,GO:0035639,0.99882,purine ribonucleoside triphosphate binding
tr|F4BX30|F4BX30_METSG,GO:0032553,0.99862,ribonucleotide binding
tr|F4BX30|F4BX30_METSG,GO:0030554,0.99846,adenyl nucleotide binding
tr|F4BX30|F4BX30_METSG,GO:0032559,0.99846,adenyl ribonucleotide binding
tr|F4BX30|F4BX30_METSG,GO:0005524,0.99846,ATP binding
tr|F4BX30|F4BX30_METSG,GO:0097367,0.99824,carbohydrate derivative binding
tr|F4BX30|F4BX30_METSG,GO:0016887,0.86261,ATPase activity
tr|F4BX30|F4BX30_METSG,GO:0017111,0.84072,nucleoside-triphosphatase activity
tr|F4BX30|F4BX30_METSG,GO:0016462,0.79680,pyrophosphatase activity
tr|F4BX30|F4BX30_METSG,GO:0016817,0.78244,"hydrolase activity, acting on acid anhydrides"
tr|F4BX30|F4BX30_METSG,GO:0016818,0.78243,"hydrolase activity, acting on acid anhydrides, in phosphorus-containing anhydrides"
tr|F4BX30|F4BX30_METSG,GO:0003677,0.16086,DNA binding
tr|F4BX42|F4BX42_METSG,GO:0051540,0.35248,metal cluster binding
tr|F4BX42|F4BX42_METSG,GO:0051536,0.35105,iron-sulfur cluster binding
tr|F4BX42|F4BX42_METSG,GO:0051539,0.27091,"4 iron, 4 sulfur cluster binding"
tr|F4BX42|F4BX42_METSG,GO:0046914,0.16994,transition metal ion binding
tr|F4BX42|F4BX42_METSG,GO:0097367,0.12267,carbohydrate derivative binding
tr|F4BX42|F4BX42_METSG,GO:0032553,0.11660,ribonucleotide binding
tr|F4BX42|F4BX42_METSG,GO:0140096,0.10548,"catalytic activity, acting on a protein"
tr|F4BX42|F4BX42_METSG,GO:0032555,0.10156,purine ribonucleotide binding
tr|F4BX42|F4BX42_METSG,GO:0017076,0.10015,purine nucleotide binding
tr|F4BX70|F4BX70_METSG,GO:0022857,0.24723,transmembrane transporter activity
tr|F4BX70|F4BX70_METSG,GO:0005215,0.24061,transporter activity
tr|F4BX70|F4BX70_METSG,GO:0015075,0.14710,ion transmembrane transporter activity
tr|F4BX70|F4BX70_METSG,GO:0015318,0.13059,inorganic molecular entity transmembrane transporter activity
tr|F4BX87|F4BX87_METSG,GO:0046914,0.14929,transition metal ion binding
tr|F4BX87|F4BX87_METSG,GO:0008270,0.10851,zinc ion binding
tr|F4BX99|F4BX99_METSG,GO:0032559,0.37833,adenyl ribonucleotide binding
tr|F4BX99|F4BX99_METSG,GO:0005524,0.37450,ATP binding
tr|F4BX99|F4BX99_METSG,GO:0030554,0.37296,adenyl nucleotide binding
tr|F4BX99|F4BX99_METSG,GO:0032553,0.32158,ribonucleotide binding
tr|F4BX99|F4BX99_METSG,GO:0032555,0.31592,purine ribonucleotide binding
tr|F4BX99|F4BX99_METSG,GO:0097367,0.31481,carbohydrate derivative binding
tr|F4BX99|F4BX99_METSG,GO:0017076,0.31040,purine nucleotide binding
tr|F4BX99|F4BX99_METSG,GO:0035639,0.30835,purine ribonucleoside triphosphate binding
tr|F4BX99|F4BX99_METSG,GO:0016788,0.10691,"hydrolase activity, acting on ester bonds"
tr|F4BXA8|F4BXA8_METSG,GO:0140096,0.11493,"catalytic activity, acting on a protein"
tr|F4BXB6|F4BXB6_METSG,GO:0097367,0.23994,carbohydrate derivative binding
tr|F4BXB6|F4BXB6_METSG,GO:0032553,0.22552,ribonucleotide binding
tr|F4BXB6|F4BXB6_METSG,GO:0005524,0.20202,ATP binding
tr|F4BXB6|F4BXB6_METSG,GO:0032559,0.20149,adenyl ribonucleotide binding
tr|F4BXB6|F4BXB6_METSG,GO:0035639,0.20098,purine ribonucleoside triphosphate binding
tr|F4BXB6|F4BXB6_METSG,GO:0032555,0.20059,purine ribonucleotide binding
tr|F4BXB6|F4BXB6_METSG,GO:0030554,0.19089,adenyl nucleotide binding
tr|F4BXB6|F4BXB6_METSG,GO:0017076,0.18923,purine nucleotide binding
tr|F4BXB6|F4BXB6_METSG,GO:0016614,0.10801,"oxidoreductase activity, acting on CH-OH group of donors"
tr|F4BXF2|F4BXF2_METSG,GO:0003735,0.97802,structural constituent of ribosome
tr|F4BXF2|F4BXF2_METSG,GO:0005198,0.94854,structural molecule activity
tr|F4BXF2|F4BXF2_METSG,GO:0003723,0.90190,RNA binding
tr|F4BXF2|F4BXF2_METSG,GO:0019843,0.90083,rRNA binding
tr|F4BXG6|F4BXG6_METSG,GO:0032553,0.33048,ribonucleotide binding
tr|F4BXG6|F4BXG6_METSG,GO:0097367,0.31523,carbohydrate derivative binding
tr|F4BXG6|F4BXG6_METSG,GO:0017076,0.26736,purine nucleotide binding
tr|F4BXG6|F4BXG6_METSG,GO:0032555,0.26427,purine ribonucleotide binding
tr|F4BXG6|F4BXG6_METSG,GO:0035639,0.25997,purine ribonucleoside triphosphate binding
tr|F4BXG6|F4BXG6_METSG,GO:0030554,0.13595,adenyl nucleotide binding
tr|F4BXG6|F4BXG6_METSG,GO:0032559,0.13408,adenyl ribonucleotide binding
tr|F4BXG6|F4BXG6_METSG,GO:0005524,0.13278,ATP binding
tr|F4BXG8|F4BXG8_METSG,GO:0032553,0.78986,ribonucleotide binding
tr|F4BXG8|F4BXG8_METSG,GO:0097367,0.78199,carbohydrate derivative binding
tr|F4BXG8|F4BXG8_METSG,GO:0032555,0.77188,purine ribonucleotide binding
tr|F4BXG8|F4BXG8_METSG,GO:0035639,0.76595,purine ribonucleoside triphosphate binding
tr|F4BXG8|F4BXG8_METSG,GO:0032559,0.76280,adenyl ribonucleotide binding
tr|F4BXG8|F4BXG8_METSG,GO:0005524,0.76137,ATP binding
tr|F4BXG8|F4BXG8_METSG,GO:0017076,0.75883,purine nucleotide binding
tr|F4BXG8|F4BXG8_METSG,GO:0030554,0.74981,adenyl nucleotide binding
tr|F4BXG8|F4BXG8_METSG,GO:0016772,0.16809,"transferase activity, transferring phosphorus-containing groups"
tr|F4BXG8|F4BXG8_METSG,GO:0016301,0.12635,kinase activity
tr|F4BXG8|F4BXG8_METSG,GO:0016462,0.11274,pyrophosphatase activity
tr|F4BXG8|F4BXG8_METSG,GO:0016818,0.11177,"hydrolase activity, acting on acid anhydrides, in phosphorus-containing anhydrides"
tr|F4BXG8|F4BXG8_METSG,GO:0016817,0.11159,"hydrolase activity, acting on acid anhydrides"
tr|F4BXG8|F4BXG8_METSG,GO:0016773,0.10684,"phosphotransferase activity, alcohol group as acceptor"
tr|F4BXH3|F4BXH3_METSG,GO:0097367,0.26475,carbohydrate derivative binding
tr|F4BXH3|F4BXH3_METSG,GO:0032553,0.24652,ribonucleotide binding
tr|F4BXH3|F4BXH3_METSG,GO:0017076,0.21115,purine nucleotide binding
tr|F4BXH3|F4BXH3_METSG,GO:0032555,0.20676,purine ribonucleotide binding
tr|F4BXH3|F4BXH3_METSG,GO:0035639,0.20521,purine ribonucleoside triphosphate binding
tr|F4BXH3|F4BXH3_METSG,GO:0030554,0.17861,adenyl nucleotide binding
tr|F4BXH3|F4BXH3_METSG,GO:0032559,0.17389,adenyl ribonucleotide binding
tr|F4BXH3|F4BXH3_METSG,GO:0005524,0.17363,ATP binding
tr|F4BXI2|F4BXI2_METSG,GO:0032553,0.22410,ribonucleotide binding
tr|F4BXI2|F4BXI2_METSG,GO:0097367,0.22355,carbohydrate derivative binding
tr|F4BXI2|F4BXI2_METSG,GO:0032555,0.16886,purine ribonucleotide binding
tr|F4BXI2|F4BXI2_METSG,GO:0035639,0.16249,purine ribonucleoside triphosphate binding
tr|F4BXI2|F4BXI2_METSG,GO:0032559,0.16185,adenyl ribonucleotide binding
tr|F4BXI2|F4BXI2_METSG,GO:0017076,0.16039,purine nucleotide binding
tr|F4BXI2|F4BXI2_METSG,GO:0005524,0.15845,ATP binding
tr|F4BXI2|F4BXI2_METSG,GO:0030554,0.15391,adenyl nucleotide binding
tr|F4BXI9|F4BXI9_METSG,GO:0051540,0.85763,metal cluster binding
tr|F4BXI9|F4BXI9_METSG,GO:0051536,0.85762,iron-sulfur cluster binding
tr|F4BXI9|F4BXI9_METSG,GO:0051539,0.79429,"4 iron, 4 sulfur cluster binding"
tr|F4BXI9|F4BXI9_METSG,GO:0046914,0.44707,transition metal ion binding
tr|F4BXI9|F4BXI9_METSG,GO:0008270,0.17636,zinc ion binding
tr|F4BXI9|F4BXI9_METSG,GO:0005506,0.16798,iron ion binding
tr|F4BXI9|F4BXI9_METSG,GO:0003723,0.11511,RNA binding
tr|F4BXI9|F4BXI9_METSG,GO:0016651,0.10694,"oxidoreductase activity, acting on NAD(P)H"
tr|F4BXJ2|F4BXJ2_METSG,GO:0140096,0.15105,"catalytic activity, acting on a protein"
tr|F4BXJ2|F4BXJ2_METSG,GO:0097367,0.12419,carbohydrate derivative binding
tr|F4BXJ2|F4BXJ2_METSG,GO:0032553,0.10998,ribonucleotide binding
tr|F4BXJ2|F4BXJ2_METSG,GO:0017076,0.10519,purine nucleotide binding
tr|F4BXJ2|F4BXJ2_METSG,GO:0032555,0.10369,purine ribonucleotide binding
tr|F4BXJ5|F4BXJ5_METSG,GO:0097367,0.15482,carbohydrate derivative binding
tr|F4BXJ5|F4BXJ5_METSG,GO:0032553,0.12879,ribonucleotide binding
tr|F4BXJ5|F4BXJ5_METSG,GO:0032555,0.12363,purine ribonucleotide binding
tr|F4BXJ5|F4BXJ5_METSG,GO:0035639,0.11929,purine ribonucleoside triphosphate binding
tr|F4BXJ5|F4BXJ5_METSG,GO:0017076,0.11365,purine nucleotide binding
tr|F4BXK4|F4BXK4_METSG,GO:0097367,0.33985,carbohydrate derivative binding
tr|F4BXK4|F4BXK4_METSG,GO:0032553,0.33359,ribonucleotide binding
tr|F4BXK4|F4BXK4_METSG,GO:0032555,0.29098,purine ribonucleotide binding
tr|F4BXK4|F4BXK4_METSG,GO:0035639,0.28337,purine ribonucleoside triphosphate binding
tr|F4BXK4|F4BXK4_METSG,GO:0017076,0.27854,purine nucleotide binding
tr|F4BXK4|F4BXK4_METSG,GO:0032559,0.16554,adenyl ribonucleotide binding
tr|F4BXK4|F4BXK4_METSG,GO:0005524,0.16273,ATP binding
tr|F4BXK4|F4BXK4_METSG,GO:0030554,0.15708,adenyl nucleotide binding
tr|F4BXL5|F4BXL5_METSG,GO:0003677,0.15560,DNA binding
tr|F4BXL5|F4BXL5_METSG,GO:0003723,0.13864,RNA binding
tr|F4BXM1|F4BXM1_METSG,GO:0003677,0.12548,DNA binding
tr|F4BXM2|F4BXM2_METSG,GO:0140096,0.12977,"catalytic activity, acting on a protein"
tr|F4BXM3|F4BXM3_METSG,GO:0003677,0.17681,DNA binding
tr|F4BXM3|F4BXM3_METSG,GO:0046914,0.10758,transition metal ion binding
tr|F4BXM5|F4BXM5_METSG,GO:0046914,0.12018,transition metal ion binding
tr|F4BXM5|F4BXM5_METSG,GO:0003677,0.11652,DNA binding
tr|F4BXM7|F4BXM7_METSG,GO:0008233,0.12443,peptidase activity
tr|F4BXM7|F4BXM7_METSG,GO:0016798,0.11597,"hydrolase activity, acting on glycosyl bonds"
tr|F4BXM7|F4BXM7_METSG,GO:0140096,0.10829,"catalytic activity, acting on a protein"
tr|F4BXN7|F4BXN7_METSG,GO:0097367,0.31332,carbohydrate derivative binding
tr|F4BXN7|F4BXN7_METSG,GO:0032553,0.29406,ribonucleotide binding
tr|F4BXN7|F4BXN7_METSG,GO:0032555,0.26007,purine ribonucleotide binding
tr|F4BXN7|F4BXN7_METSG,GO:0017076,0.25368,purine nucleotide binding
tr|F4BXN7|F4BXN7_METSG,GO:0035639,0.25024,purine ribonucleoside triphosphate binding
tr|F4BXN7|F4BXN7_METSG,GO:0032559,0.15597,adenyl ribonucleotide binding
tr|F4BXN7|F4BXN7_METSG,GO:0030554,0.15177,adenyl nucleotide binding
tr|F4BXN7|F4BXN7_METSG,GO:0005524,0.15088,ATP binding
tr|F4BXQ6|F4BXQ6_METSG,GO:0016798,0.10273,"hydrolase activity, acting on glycosyl bonds"
tr|F4BXR2|F4BXR2_METSG,GO:0046914,0.16024,transition metal ion binding
tr|F4BXR2|F4BXR2_METSG,GO:0003677,0.14424,DNA binding
tr|F4BXR2|F4BXR2_METSG,GO:0051540,0.12299,metal cluster binding
tr|F4BXR2|F4BXR2_METSG,GO:0051536,0.12224,iron-sulfur cluster binding
tr|F4BXS7|F4BXS7_METSG,GO:0005198,0.22180,structural molecule activity
tr|F4BXT4|F4BXT4_METSG,GO:0097367,0.16234,carbohydrate derivative binding
tr|F4BXT4|F4BXT4_METSG,GO:0032553,0.15442,ribonucleotide binding
tr|F4BXT4|F4BXT4_METSG,GO:0017076,0.15102,purine nucleotide binding
tr|F4BXT4|F4BXT4_METSG,GO:0032555,0.14857,purine ribonucleotide binding
tr|F4BXT4|F4BXT4_METSG,GO:0035639,0.14425,purine ribonucleoside triphosphate binding
tr|F4BXT4|F4BXT4_METSG,GO:0030554,0.13215,adenyl nucleotide binding
tr|F4BXT4|F4BXT4_METSG,GO:0032559,0.12996,adenyl ribonucleotide binding
tr|F4BXT4|F4BXT4_METSG,GO:0005524,0.12791,ATP binding
tr|F4BXV1|F4BXV1_METSG,GO:0097367,0.22788,carbohydrate derivative binding
tr|F4BXV1|F4BXV1_METSG,GO:0032553,0.19715,ribonucleotide binding
tr|F4BXV1|F4BXV1_METSG,GO:0032555,0.17623,purine ribonucleotide binding
tr|F4BXV1|F4BXV1_METSG,GO:0035639,0.17217,purine ribonucleoside triphosphate binding
tr|F4BXV1|F4BXV1_METSG,GO:0017076,0.15770,purine nucleotide binding
tr|F4BXV1|F4BXV1_METSG,GO:0032559,0.12322,adenyl ribonucleotide binding
tr|F4BXV1|F4BXV1_METSG,GO:0005524,0.12310,ATP binding
tr|F4BXV1|F4BXV1_METSG,GO:0030554,0.10942,adenyl nucleotide binding
tr|F4BXW7|F4BXW7_METSG,GO:0003723,0.10231,RNA binding
tr|F4BXW8|F4BXW8_METSG,GO:0097367,0.11987,carbohydrate derivative binding
tr|F4BXW8|F4BXW8_METSG,GO:0032553,0.11109,ribonucleotide binding
tr|F4BXW8|F4BXW8_METSG,GO:0032555,0.10021,purine ribonucleotide binding
tr|F4BXX2|F4BXX2_METSG,GO:0140096,0.11591,"catalytic activity, acting on a protein"
tr|F4BXX2|F4BXX2_METSG,GO:0046914,0.11340,transition metal ion binding
tr|F4BXX8|F4BXX8_METSG,GO:0016772,0.13159,"transferase activity, transferring phosphorus-containing groups"
tr|F4BXX8|F4BXX8_METSG,GO:0097367,0.10484,carbohydrate derivative binding
tr|F4BXY2|F4BXY2_METSG,GO:0046914,0.34338,transition metal ion binding
tr|F4BXY2|F4BXY2_METSG,GO:0008270,0.17199,zinc ion binding
tr|F4BXY2|F4BXY2_METSG,GO:0051540,0.11941,metal cluster binding
tr|F4BXY2|F4BXY2_METSG,GO:0051536,0.11897,iron-sulfur cluster binding
tr|F4BXY3|F4BXY3_METSG,GO:0032553,0.30617,ribonucleotide binding
tr|F4BXY3|F4BXY3_METSG,GO:0032555,0.30564,purine ribonucleotide binding
tr|F4BXY3|F4BXY3_METSG,GO:0097367,0.29902,carbohydrate derivative binding
tr|F4BXY3|F4BXY3_METSG,GO:0017076,0.29797,purine nucleotide binding
tr|F4BXY3|F4BXY3_METSG,GO:0035639,0.29722,purine ribonucleoside triphosphate binding
tr|F4BXY3|F4BXY3_METSG,GO:0032559,0.29033,adenyl ribonucleotide binding
tr|F4BXY3|F4BXY3_METSG,GO:0005524,0.28591,ATP binding
tr|F4BXY3|F4BXY3_METSG,GO:0030554,0.28344,adenyl nucleotide binding
tr|F4BXY3|F4BXY3_METSG,GO:0140098,0.14964,"catalytic activity, acting on RNA"
tr|F4BXY3|F4BXY3_METSG,GO:0003723,0.13242,RNA binding
tr|F4BXY3|F4BXY3_METSG,GO:0140101,0.12736,"catalytic activity, acting on a tRNA"
tr|F4BXY4|F4BXY4_METSG,GO:0097367,0.14583,carbohydrate derivative binding
tr|F4BXY4|F4BXY4_METSG,GO:0032553,0.12990,ribonucleotide binding
tr|F4BXY4|F4BXY4_METSG,GO:0017076,0.11491,purine nucleotide binding
tr|F4BXY4|F4BXY4_METSG,GO:0032555,0.10938,purine ribonucleotide binding
tr|F4BXY4|F4BXY4_METSG,GO:0035639,0.10400,purine ribonucleoside triphosphate binding
tr|F4BXY9|F4BXY9_METSG,GO:0070279,0.98323,vitamin B6 binding
tr|F4BXY9|F4BXY9_METSG,GO:0030170,0.98320,pyridoxal phosphate binding
tr|F4BXY9|F4BXY9_METSG,GO:0019842,0.98028,vitamin binding
tr|F4BXY9|F4BXY9_METSG,GO:0016769,0.74008,"transferase activity, transferring nitrogenous groups"
tr|F4BXY9|F4BXY9_METSG,GO:0008483,0.71991,transaminase activity
tr|F4BXZ4|F4BXZ4_METSG,GO:0097367,0.14239,carbohydrate derivative binding
tr|F4BXZ4|F4BXZ4_METSG,GO:0000287,0.13119,magnesium ion binding
tr|F4BXZ4|F4BXZ4_METSG,GO:0032553,0.13012,ribonucleotide binding
tr|F4BXZ4|F4BXZ4_METSG,GO:0032555,0.10680,purine ribonucleotide binding
tr|F4BXZ4|F4BXZ4_METSG,GO:0035639,0.10572,purine ribonucleoside triphosphate binding
tr|F4BXZ4|F4BXZ4_METSG,GO:0016772,0.10025,"transferase activity, transferring phosphorus-containing groups"
tr|F4BXZ4|F4BXZ4_METSG,GO:0017076,0.10022,purine nucleotide binding
tr|F4BXZ6|F4BXZ6_METSG,GO:0097367,0.19949,carbohydrate derivative binding
tr|F4BXZ6|F4BXZ6_METSG,GO:0032553,0.15295,ribonucleotide binding
tr|F4BXZ6|F4BXZ6_METSG,GO:0032555,0.14006,purine ribonucleotide binding
tr|F4BXZ6|F4BXZ6_METSG,GO:0032559,0.13945,adenyl ribonucleotide binding
tr|F4BXZ6|F4BXZ6_METSG,GO:0017076,0.13631,purine nucleotide binding
tr|F4BXZ6|F4BXZ6_METSG,GO:0030554,0.13603,adenyl nucleotide binding
tr|F4BXZ6|F4BXZ6_METSG,GO:0005524,0.13570,ATP binding
tr|F4BXZ6|F4BXZ6_METSG,GO:0035639,0.13436,purine ribonucleoside triphosphate binding
tr|F4BY33|F4BY33_METSG,GO:0030170,0.97151,pyridoxal phosphate binding
tr|F4BY33|F4BY33_METSG,GO:0070279,0.97150,vitamin B6 binding
tr|F4BY33|F4BY33_METSG,GO:0019842,0.96167,vitamin binding
tr|F4BY33|F4BY33_METSG,GO:0016769,0.82993,"transferase activity, transferring nitrogenous groups"
tr|F4BY33|F4BY33_METSG,GO:0008483,0.81535,transaminase activity
tr|F4BY44|F4BY44_METSG,GO:0046914,0.14276,transition metal ion binding
tr|F4BY44|F4BY44_METSG,GO:0003677,0.14240,DNA binding
tr|F4BY44|F4BY44_METSG,GO:0051540,0.10569,metal cluster binding
tr|F4BY44|F4BY44_METSG,GO:0051536,0.10534,iron-sulfur cluster binding
tr|F4BY44|F4BY44_METSG,GO:0003723,0.10227,RNA binding
tr|F4BY47|F4BY47_METSG,GO:0097367,0.23318,carbohydrate derivative binding
tr|F4BY47|F4BY47_METSG,GO:0032553,0.22971,ribonucleotide binding
tr|F4BY47|F4BY47_METSG,GO:0032555,0.18398,purine ribonucleotide binding
tr|F4BY47|F4BY47_METSG,GO:0035639,0.18167,purine ribonucleoside triphosphate binding
tr|F4BY47|F4BY47_METSG,GO:0017076,0.18124,purine nucleotide binding
tr|F4BY47|F4BY47_METSG,GO:0032559,0.12121,adenyl ribonucleotide binding
tr|F4BY47|F4BY47_METSG,GO:0005524,0.11975,ATP binding
tr|F4BY47|F4BY47_METSG,GO:0030554,0.11938,adenyl nucleotide binding
tr|F4BY48|F4BY48_METSG,GO:0016829,0.12923,lyase activity
tr|F4BY48|F4BY48_METSG,GO:0097367,0.12374,carbohydrate derivative binding
tr|F4BY48|F4BY48_METSG,GO:0032553,0.10911,ribonucleotide binding
tr|F4BY48|F4BY48_METSG,GO:0032555,0.10147,purine ribonucleotide binding
tr|F4BY65|F4BY65_METSG,GO:0140096,0.11555,"catalytic activity, acting on a protein"
tr|F4BY67|F4BY67_METSG,GO:0097367,0.12585,carbohydrate derivative binding
tr|F4BY70|F4BY70_METSG,GO:0016829,0.46191,lyase activity
tr|F4BY70|F4BY70_METSG,GO:0016830,0.15451,carbon-carbon lyase activity
tr|F4BY70|F4BY70_METSG,GO:0000287,0.12967,magnesium ion binding
tr|F4BY70|F4BY70_METSG,GO:0016763,0.11537,"transferase activity, transferring pentosyl groups"
tr|F4BY71|F4BY71_METSG,GO:0097367,0.31368,carbohydrate derivative binding
tr|F4BY71|F4BY71_METSG,GO:0032553,0.26309,ribonucleotide binding
tr|F4BY71|F4BY71_METSG,GO:0032555,0.21632,purine ribonucleotide binding
tr|F4BY71|F4BY71_METSG,GO:0035639,0.21241,purine ribonucleoside triphosphate binding
tr|F4BY71|F4BY71_METSG,GO:0017076,0.19793,purine nucleotide binding
tr|F4BY71|F4BY71_METSG,GO:0032559,0.15368,adenyl ribonucleotide binding
tr|F4BY71|F4BY71_METSG,GO:0005524,0.15161,ATP binding
tr|F4BY71|F4BY71_METSG,GO:0030554,0.13994,adenyl nucleotide binding
tr|F4BY73|F4BY73_METSG,GO:0032555,0.75421,purine ribonucleotide binding
tr|F4BY73|F4BY73_METSG,GO:0035639,0.74886,purine ribonucleoside triphosphate binding
tr|F4BY73|F4BY73_METSG,GO:0032553,0.74739,ribonucleotide binding
tr|F4BY73|F4BY73_METSG,GO:0017076,0.74487,purine nucleotide binding
tr|F4BY73|F4BY73_METSG,GO:0097367,0.74347,carbohydrate derivative binding
tr|F4BY73|F4BY73_METSG,GO:0032559,0.73822,adenyl ribonucleotide binding
tr|F4BY73|F4BY73_METSG,GO:0005524,0.73423,ATP binding
tr|F4BY73|F4BY73_METSG,GO:0030554,0.72832,adenyl nucleotide binding
tr|F4BY73|F4BY73_METSG,GO:0016772,0.59701,"transferase activity, transferring phosphorus-containing groups"
tr|F4BY73|F4BY73_METSG,GO:0016301,0.42408,kinase activity
tr|F4BY73|F4BY73_METSG,GO:0016774,0.10786,"phosphotransferase activity, carboxyl group as acceptor"
tr|F4BY85|F4BY85_METSG,GO:0016614,0.31394,"oxidoreductase activity, acting on CH-OH group of donors"
tr|F4BY85|F4BY85_METSG,GO:0016616,0.31380,"oxidoreductase activity, acting on the CH-OH group of donors, NAD or NADP as acceptor"
tr|F4BY85|F4BY85_METSG,GO:0046914,0.29592,transition metal ion binding
tr|F4BY85|F4BY85_METSG,GO:0008270,0.23125,zinc ion binding
tr|F4BY85|F4BY85_METSG,GO:0051287,0.17771,NAD binding
tr|F4BY85|F4BY85_METSG,GO:0000287,0.13112,magnesium ion binding
tr|F4BY87|F4BY87_METSG,GO:0097367,0.21980,carbohydrate derivative binding
tr|F4BY87|F4BY87_METSG,GO:0032553,0.19745,ribonucleotide binding
tr|F4BY87|F4BY87_METSG,GO:0032555,0.17063,purine ribonucleotide binding
tr|F4BY87|F4BY87_METSG,GO:0035639,0.17057,purine ribonucleoside triphosphate binding
tr|F4BY87|F4BY87_METSG,GO:0017076,0.15924,purine nucleotide binding
tr|F4BY87|F4BY87_METSG,GO:0016772,0.13586,"transferase activity, transferring phosphorus-containing groups"
tr|F4BY87|F4BY87_METSG,GO:0000287,0.12655,magnesium ion binding
tr|F4BY88|F4BY88_METSG,GO:0016772,0.23831,"transferase activity, transferring phosphorus-containing groups"
tr|F4BY88|F4BY88_METSG,GO:0003677,0.22398,DNA binding
tr|F4BY88|F4BY88_METSG,GO:0097367,0.19746,carbohydrate derivative binding
tr|F4BY88|F4BY88_METSG,GO:0032553,0.19595,ribonucleotide binding
tr|F4BY88|F4BY88_METSG,GO:0017076,0.18888,purine nucleotide binding
tr|F4BY88|F4BY88_METSG,GO:0030554,0.18027,adenyl nucleotide binding
tr|F4BY88|F4BY88_METSG,GO:0032555,0.17593,purine ribonucleotide binding
tr|F4BY88|F4BY88_METSG,GO:0035639,0.17027,purine ribonucleoside triphosphate binding
tr|F4BY88|F4BY88_METSG,GO:0140096,0.16747,"catalytic activity, acting on a protein"
tr|F4BY88|F4BY88_METSG,GO:0032559,0.16674,adenyl ribonucleotide binding
tr|F4BY88|F4BY88_METSG,GO:0005524,0.16318,ATP binding
tr|F4BY88|F4BY88_METSG,GO:0016301,0.15698,kinase activity
tr|F4BY88|F4BY88_METSG,GO:0003723,0.14840,RNA binding
tr|F4BY88|F4BY88_METSG,GO:0016788,0.14205,"hydrolase activity, acting on ester bonds"
tr|F4BY88|F4BY88_METSG,GO:0004518,0.10678,nuclease activity
tr|F4BY88|F4BY88_METSG,GO:0016773,0.10561,"phosphotransferase activity, alcohol group as acceptor"
tr|F4BY88|F4BY88_METSG,GO:0140098,0.10169,"catalytic activity, acting on RNA"
tr|F4BY91|F4BY91_METSG,GO:0016726,0.91453,"oxidoreductase activity, acting on CH or CH2 groups, NAD or NADP as acceptor"
tr|F4BY91|F4BY91_METSG,GO:0016628,0.89656,"oxidoreductase activity, acting on the CH-CH group of donors, NAD or NADP as acceptor"
tr|F4BY91|F4BY91_METSG,GO:0008839,0.89541,4-hydroxy-tetrahydrodipicolinate reductase
tr|F4BY91|F4BY91_METSG,GO:0016627,0.88633,"oxidoreductase activity, acting on the CH-CH group of donors"
tr|F4BY91|F4BY91_METSG,GO:0016725,0.86680,"oxidoreductase activity, acting on CH or CH2 groups"
tr|F4BY91|F4BY91_METSG,GO:0051287,0.85859,NAD binding
tr|F4BY91|F4BY91_METSG,GO:0050661,0.79149,NADP binding
tr|F4BY92|F4BY92_METSG,GO:0016829,0.98845,lyase activity
tr|F4BY92|F4BY92_METSG,GO:0016835,0.96391,carbon-oxygen lyase activity
tr|F4BY92|F4BY92_METSG,GO:0016836,0.95067,hydro-lyase activity
tr|F4BY92|F4BY92_METSG,GO:0008840,0.41991,4-hydroxy-tetrahydrodipicolinate synthase activity
tr|F4BYA4|F4BYA4_METSG,GO:0097367,0.20657,carbohydrate derivative binding
tr|F4BYA4|F4BYA4_METSG,GO:0032553,0.19936,ribonucleotide binding
tr|F4BYA4|F4BYA4_METSG,GO:0032555,0.18490,purine ribonucleotide binding
tr|F4BYA4|F4BYA4_METSG,GO:0017076,0.18447,purine nucleotide binding
tr|F4BYA4|F4BYA4_METSG,GO:0035639,0.18160,purine ribonucleoside triphosphate binding
tr|F4BYA4|F4BYA4_METSG,GO:0030554,0.13181,adenyl nucleotide binding
tr|F4BYA4|F4BYA4_METSG,GO:0032559,0.13126,adenyl ribonucleotide binding
tr|F4BYA4|F4BYA4_METSG,GO:0005524,0.12924,ATP binding
tr|F4BYA4|F4BYA4_METSG,GO:0140096,0.11483,"catalytic activity, acting on a protein"
tr|F4BYA4|F4BYA4_METSG,GO:0016874,0.10507,ligase activity
tr|F4BYA5|F4BYA5_METSG,GO:0003677,0.15263,DNA binding
tr|F4BYA5|F4BYA5_METSG,GO:0003723,0.10617,RNA binding
tr|F4BYB3|F4BYB3_METSG,GO:0035639,0.99971,purine ribonucleoside triphosphate binding
tr|F4BYB3|F4BYB3_METSG,GO:0032555,0.99970,purine ribonucleotide binding
tr|F4BYB3|F4BYB3_METSG,GO:0017076,0.99969,purine nucleotide binding
tr|F4BYB3|F4BYB3_METSG,GO:0032553,0.99963,ribonucleotide binding
tr|F4BYB3|F4BYB3_METSG,GO:0097367,0.99951,carbohydrate derivative binding
tr|F4BYB3|F4BYB3_METSG,GO:0005524,0.99949,ATP binding
tr|F4BYB3|F4BYB3_METSG,GO:0032559,0.99948,adenyl ribonucleotide binding
tr|F4BYB3|F4BYB3_METSG,GO:0030554,0.99945,adenyl nucleotide binding
tr|F4BYB3|F4BYB3_METSG,GO:0016887,0.87985,ATPase activity
tr|F4BYB3|F4BYB3_METSG,GO:0017111,0.87240,nucleoside-triphosphatase activity
tr|F4BYB3|F4BYB3_METSG,GO:0016462,0.83571,pyrophosphatase activity
tr|F4BYB3|F4BYB3_METSG,GO:0016818,0.82393,"hydrolase activity, acting on acid anhydrides, in phosphorus-containing anhydrides"
tr|F4BYB3|F4BYB3_METSG,GO:0016817,0.82312,"hydrolase activity, acting on acid anhydrides"
tr|F4BYB3|F4BYB3_METSG,GO:0003677,0.10900,DNA binding
tr|F4BYB6|F4BYB6_METSG,GO:0003723,0.10293,RNA binding
tr|F4BYH6|F4BYH6_METSG,GO:0035639,0.99980,purine ribonucleoside triphosphate binding
tr|F4BYH6|F4BYH6_METSG,GO:0032555,0.99979,purine ribonucleotide binding
tr|F4BYH6|F4BYH6_METSG,GO:0017076,0.99977,purine nucleotide binding
tr|F4BYH6|F4BYH6_METSG,GO:0032553,0.99977,ribonucleotide binding
tr|F4BYH6|F4BYH6_METSG,GO:0097367,0.99971,carbohydrate derivative binding
tr|F4BYH6|F4BYH6_METSG,GO:0005524,0.99754,ATP binding
tr|F4BYH6|F4BYH6_METSG,GO:0032559,0.99750,adenyl ribonucleotide binding
tr|F4BYH6|F4BYH6_METSG,GO:0030554,0.99727,adenyl nucleotide binding
tr|F4BYH6|F4BYH6_METSG,GO:0016301,0.40777,kinase activity
tr|F4BYH6|F4BYH6_METSG,GO:0019205,0.40537,nucleobase-containing compound kinase activity
tr|F4BYH6|F4BYH6_METSG,GO:0016776,0.31396,"phosphotransferase activity, phosphate group as acceptor"
tr|F4BYH6|F4BYH6_METSG,GO:0016772,0.30651,"transferase activity, transferring phosphorus-containing groups"
tr|F4BYH6|F4BYH6_METSG,GO:0050145,0.29326,nucleoside monophosphate kinase activity
tr|F4BYH6|F4BYH6_METSG,GO:0016462,0.20031,pyrophosphatase activity
tr|F4BYH6|F4BYH6_METSG,GO:0016818,0.19582,"hydrolase activity, acting on acid anhydrides, in phosphorus-containing anhydrides"
tr|F4BYH6|F4BYH6_METSG,GO:0016817,0.19550,"hydrolase activity, acting on acid anhydrides"
tr|F4BYH6|F4BYH6_METSG,GO:0017111,0.18810,nucleoside-triphosphatase activity
tr|F4BYH6|F4BYH6_METSG,GO:0051540,0.12876,metal cluster binding
tr|F4BYH6|F4BYH6_METSG,GO:0051536,0.12868,iron-sulfur cluster binding
tr|F4BYH6|F4BYH6_METSG,GO:0051539,0.10012,"4 iron, 4 sulfur cluster binding"
tr|F4BYH7|F4BYH7_METSG,GO:0097367,0.19696,carbohydrate derivative binding
tr|F4BYH7|F4BYH7_METSG,GO:0032553,0.18402,ribonucleotide binding
tr|F4BYH7|F4BYH7_METSG,GO:0032555,0.16171,purine ribonucleotide binding
tr|F4BYH7|F4BYH7_METSG,GO:0017076,0.15914,purine nucleotide binding
tr|F4BYH7|F4BYH7_METSG,GO:0035639,0.15886,purine ribonucleoside triphosphate binding
tr|F4BYH7|F4BYH7_METSG,GO:0032559,0.15714,adenyl ribonucleotide binding
tr|F4BYH7|F4BYH7_METSG,GO:0005524,0.15585,ATP binding
tr|F4BYH7|F4BYH7_METSG,GO:0030554,0.15543,adenyl nucleotide binding
tr|F4BYH7|F4BYH7_METSG,GO:0140096,0.13697,"catalytic activity, acting on a protein"
tr|F4BYH7|F4BYH7_METSG,GO:0016788,0.10885,"hydrolase activity, acting on ester bonds"
tr|F4BYI3|F4BYI3_METSG,GO:0016829,0.21303,lyase activity
tr|F4BYJ2|F4BYJ2_METSG,GO:0016798,0.11513,"hydrolase activity, acting on glycosyl bonds"
tr|F4BYK3|F4BYK3_METSG,GO:0019842,0.97184,vitamin binding
tr|F4BYK3|F4BYK3_METSG,GO:0030170,0.97162,pyridoxal phosphate binding
tr|F4BYK3|F4BYK3_METSG,GO:0070279,0.97155,vitamin B6 binding
tr|F4BYK3|F4BYK3_METSG,GO:0016769,0.88809,"transferase activity, transferring nitrogenous groups"
tr|F4BYK3|F4BYK3_METSG,GO:0008483,0.86650,transaminase activity
tr|F4BYP0|F4BYP0_METSG,GO:0097367,0.18283,carbohydrate derivative binding
tr|F4BYP0|F4BYP0_METSG,GO:0032553,0.17144,ribonucleotide binding
tr|F4BYP0|F4BYP0_METSG,GO:0032559,0.14594,adenyl ribonucleotide binding
tr|F4BYP0|F4BYP0_METSG,GO:0032555,0.14546,purine ribonucleotide binding
tr|F4BYP0|F4BYP0_METSG,GO:0005524,0.14294,ATP binding
tr|F4BYP0|F4BYP0_METSG,GO:0035639,0.14051,purine ribonucleoside triphosphate binding
tr|F4BYP0|F4BYP0_METSG,GO:0030554,0.13796,adenyl nucleotide binding
tr|F4BYP0|F4BYP0_METSG,GO:0017076,0.13716,purine nucleotide binding
tr|F4BYP0|F4BYP0_METSG,GO:0016788,0.12005,"hydrolase activity, acting on ester bonds"
tr|F4BYP1|F4BYP1_METSG,GO:0097367,0.16047,carbohydrate derivative binding
tr|F4BYP1|F4BYP1_METSG,GO:0032553,0.14664,ribonucleotide binding
tr|F4BYP1|F4BYP1_METSG,GO:0032555,0.11642,purine ribonucleotide binding
tr|F4BYP1|F4BYP1_METSG,GO:0017076,0.11633,purine nucleotide binding
tr|F4BYP1|F4BYP1_METSG,GO:0035639,0.11250,purine ribonucleoside triphosphate binding
tr|F4BYP1|F4BYP1_METSG,GO:0032559,0.11113,adenyl ribonucleotide binding
tr|F4BYP1|F4BYP1_METSG,GO:0030554,0.11068,adenyl nucleotide binding
tr|F4BYP1|F4BYP1_METSG,GO:0005524,0.10878,ATP binding
tr|F4BYP3|F4BYP3_METSG,GO:0032553,0.15500,ribonucleotide binding
tr|F4BYP3|F4BYP3_METSG,GO:0097367,0.14574,carbohydrate derivative binding
tr|F4BYP3|F4BYP3_METSG,GO:0032555,0.12782,purine ribonucleotide binding
tr|F4BYP3|F4BYP3_METSG,GO:0035639,0.12504,purine ribonucleoside triphosphate binding
tr|F4BYP3|F4BYP3_METSG,GO:0017076,0.12364,purine nucleotide binding
tr|F4BYP5|F4BYP5_METSG,GO:0030170,0.99972,pyridoxal phosphate binding
tr|F4BYP5|F4BYP5_METSG,GO:0070279,0.99972,vitamin B6 binding
tr|F4BYP5|F4BYP5_METSG,GO:0019842,0.99949,vitamin binding
tr|F4BYP5|F4BYP5_METSG,GO:0008483,0.99474,transaminase activity
tr|F4BYP5|F4BYP5_METSG,GO:0016769,0.99469,"transferase activity, transferring nitrogenous groups"
tr|F4BYP5|F4BYP5_METSG,GO:0016866,0.63344,intramolecular transferase activity
tr|F4BYP5|F4BYP5_METSG,GO:0016853,0.58249,isomerase activity
tr|F4BYQ0|F4BYQ0_METSG,GO:0003723,0.24127,RNA binding
tr|F4BYQ0|F4BYQ0_METSG,GO:0003677,0.11963,DNA binding
tr|F4BYQ0|F4BYQ0_METSG,GO:0097367,0.10589,carbohydrate derivative binding
tr|F4BYS5|F4BYS5_METSG,GO:0016829,0.16773,lyase activity
tr|F4BYT2|F4BYT2_METSG,GO:0016829,0.16105,lyase activity
tr|F4BYT2|F4BYT2_METSG,GO:0016788,0.15137,"hydrolase activity, acting on ester bonds"
tr|F4BYT2|F4BYT2_METSG,GO:0097367,0.12125,carbohydrate derivative binding
tr|F4BYT2|F4BYT2_METSG,GO:0032553,0.10994,ribonucleotide binding
tr|F4BYW1|F4BYW1_METSG,GO:0032553,0.42070,ribonucleotide binding
tr|F4BYW1|F4BYW1_METSG,GO:0097367,0.40868,carbohydrate derivative binding
tr|F4BYW1|F4BYW1_METSG,GO:0032555,0.33790,purine ribonucleotide binding
tr|F4BYW1|F4BYW1_METSG,GO:0035639,0.33372,purine ribonucleoside triphosphate binding
tr|F4BYW1|F4BYW1_METSG,GO:0017076,0.32696,purine nucleotide binding
tr|F4BYW1|F4BYW1_METSG,GO:0032559,0.31293,adenyl ribonucleotide binding
tr|F4BYW1|F4BYW1_METSG,GO:0005524,0.31118,ATP binding
tr|F4BYW1|F4BYW1_METSG,GO:0030554,0.30213,adenyl nucleotide binding
tr|F4BYW1|F4BYW1_METSG,GO:0016874,0.10782,ligase activity
tr|F4BYW8|F4BYW8_METSG,GO:0016829,0.36126,lyase activity
tr|F4BYW8|F4BYW8_METSG,GO:0016830,0.28043,carbon-carbon lyase activity
tr|F4BYW8|F4BYW8_METSG,GO:0016831,0.18625,carboxy-lyase activity
tr|F4BYW8|F4BYW8_METSG,GO:0000287,0.10272,magnesium ion binding
tr|F4BYY0|F4BYY0_METSG,GO:0097367,0.16059,carbohydrate derivative binding
tr|F4BYY0|F4BYY0_METSG,GO:0032553,0.15349,ribonucleotide binding
tr|F4BYY0|F4BYY0_METSG,GO:0032555,0.13754,purine ribonucleotide binding
tr|F4BYY0|F4BYY0_METSG,GO:0035639,0.13365,purine ribonucleoside triphosphate binding
tr|F4BYY0|F4BYY0_METSG,GO:0017076,0.12840,purine nucleotide binding
tr|F4BYY0|F4BYY0_METSG,GO:0016829,0.12714,lyase activity
tr|F4BYY1|F4BYY1_METSG,GO:0046914,0.18582,transition metal ion binding
tr|F4BYY1|F4BYY1_METSG,GO:0008270,0.10120,zinc ion binding
tr|F4BYY2|F4BYY2_METSG,GO:0003677,0.10786,DNA binding
tr|F4BYY6|F4BYY6_METSG,GO:0016798,0.50942,"hydrolase activity, acting on glycosyl bonds"
tr|F4BYY6|F4BYY6_METSG,GO:0004553,0.44677,"hydrolase activity, hydrolyzing O-glycosyl compounds"
tr|F4BYY6|F4BYY6_METSG,GO:0016829,0.13130,lyase activity
tr|F4BYY6|F4BYY6_METSG,GO:0008233,0.12986,peptidase activity
tr|F4BYY6|F4BYY6_METSG,GO:0030246,0.12437,carbohydrate binding
tr|F4BYY6|F4BYY6_METSG,GO:0140096,0.10851,"catalytic activity, acting on a protein"
tr|F4BYY7|F4BYY7_METSG,GO:0097367,0.24878,carbohydrate derivative binding
tr|F4BYY7|F4BYY7_METSG,GO:0032553,0.21615,ribonucleotide binding
tr|F4BYY7|F4BYY7_METSG,GO:0032559,0.18938,adenyl ribonucleotide binding
tr|F4BYY7|F4BYY7_METSG,GO:0005524,0.18622,ATP binding
tr|F4BYY7|F4BYY7_METSG,GO:0032555,0.18613,purine ribonucleotide binding
tr|F4BYY7|F4BYY7_METSG,GO:0030554,0.18323,adenyl nucleotide binding
tr|F4BYY7|F4BYY7_METSG,GO:0035639,0.18263,purine ribonucleoside triphosphate binding
tr|F4BYY7|F4BYY7_METSG,GO:0017076,0.17962,purine nucleotide binding
tr|F4BYY7|F4BYY7_METSG,GO:0016301,0.14383,kinase activity
tr|F4BYY7|F4BYY7_METSG,GO:0140096,0.13159,"catalytic activity, acting on a protein"
tr|F4BYY7|F4BYY7_METSG,GO:0016772,0.12498,"transferase activity, transferring phosphorus-containing groups"
tr|F4BYZ4|F4BYZ4_METSG,GO:0097367,0.11455,carbohydrate derivative binding
tr|F4BYZ8|F4BYZ8_METSG,GO:0016829,0.61453,lyase activity
tr|F4BYZ8|F4BYZ8_METSG,GO:0016836,0.37545,hydro-lyase activity
tr|F4BYZ8|F4BYZ8_METSG,GO:0016835,0.35691,carbon-oxygen lyase activity
tr|F4BYZ8|F4BYZ8_METSG,GO:0046914,0.11844,transition metal ion binding
tr|F4BZ00|F4BZ00_METSG,GO:0097367,0.14780,carbohydrate derivative binding
tr|F4BZ00|F4BZ00_METSG,GO:0032553,0.14579,ribonucleotide binding
tr|F4BZ00|F4BZ00_METSG,GO:0016874,0.14274,ligase activity
tr|F4BZ00|F4BZ00_METSG,GO:0017076,0.13804,purine nucleotide binding
tr|F4BZ00|F4BZ00_METSG,GO:0032555,0.11750,purine ribonucleotide binding
tr|F4BZ00|F4BZ00_METSG,GO:0030554,0.11663,adenyl nucleotide binding
tr|F4BZ00|F4BZ00_METSG,GO:0035639,0.11340,purine ribonucleoside triphosphate binding
tr|F4BZ01|F4BZ01_METSG,GO:0032559,0.97912,adenyl ribonucleotide binding
tr|F4BZ01|F4BZ01_METSG,GO:0005524,0.97905,ATP binding
tr|F4BZ01|F4BZ01_METSG,GO:0030554,0.97821,adenyl nucleotide binding
tr|F4BZ01|F4BZ01_METSG,GO:0032555,0.97633,purine ribonucleotide binding
tr|F4BZ01|F4BZ01_METSG,GO:0035639,0.97623,purine ribonucleoside triphosphate binding
tr|F4BZ01|F4BZ01_METSG,GO:0032553,0.97577,ribonucleotide binding
tr|F4BZ01|F4BZ01_METSG,GO:0017076,0.97521,purine nucleotide binding
tr|F4BZ01|F4BZ01_METSG,GO:0097367,0.97398,carbohydrate derivative binding
tr|F4BZ01|F4BZ01_METSG,GO:0016874,0.92532,ligase activity
tr|F4BZ01|F4BZ01_METSG,GO:0015078,0.72277,proton transmembrane transporter activity
tr|F4BZ01|F4BZ01_METSG,GO:0022890,0.71437,inorganic cation transmembrane transporter activity
tr|F4BZ01|F4BZ01_METSG,GO:0008324,0.70507,cation transmembrane transporter activity
tr|F4BZ01|F4BZ01_METSG,GO:0015075,0.69550,ion transmembrane transporter activity
tr|F4BZ01|F4BZ01_METSG,GO:0015318,0.67283,inorganic molecular entity transmembrane transporter activity
tr|F4BZ01|F4BZ01_METSG,GO:0022857,0.67151,transmembrane transporter activity
tr|F4BZ01|F4BZ01_METSG,GO:0005215,0.64782,transporter activity
tr|F4BZ01|F4BZ01_METSG,GO:0015267,0.59288,channel activity
tr|F4BZ01|F4BZ01_METSG,GO:0022803,0.59256,passive transmembrane transporter activity
tr|F4BZ01|F4BZ01_METSG,GO:0005216,0.56540,ion channel activity
tr|F4BZ01|F4BZ01_METSG,GO:0005261,0.55447,cation channel activity
tr|F4BZ01|F4BZ01_METSG,GO:0015252,0.55257,proton channel activity
tr|F4BZ01|F4BZ01_METSG,GO:0046933,0.55136,"proton-transporting ATP synthase activity, rotational mechanism"
tr|F4BZ02|F4BZ02_METSG,GO:0032559,0.99645,adenyl ribonucleotide binding
tr|F4BZ02|F4BZ02_METSG,GO:0005524,0.99643,ATP binding
tr|F4BZ02|F4BZ02_METSG,GO:0030554,0.99608,adenyl nucleotide binding
tr|F4BZ02|F4BZ02_METSG,GO:0032553,0.99476,ribonucleotide binding
tr|F4BZ02|F4BZ02_METSG,GO:0032555,0.99451,purine ribonucleotide binding
tr|F4BZ02|F4BZ02_METSG,GO:0035639,0.99448,purine ribonucleoside triphosphate binding
tr|F4BZ02|F4BZ02_METSG,GO:0097367,0.99414,carbohydrate derivative binding
tr|F4BZ02|F4BZ02_METSG,GO:0017076,0.99392,purine nucleotide binding
tr|F4BZ02|F4BZ02_METSG,GO:0022857,0.93946,transmembrane transporter activity
tr|F4BZ02|F4BZ02_METSG,GO:0015075,0.93647,ion transmembrane transporter activity
tr|F4BZ02|F4BZ02_METSG,GO:0005215,0.93324,transporter activity
tr|F4BZ02|F4BZ02_METSG,GO:0015078,0.92490,proton transmembrane transporter activity
tr|F4BZ02|F4BZ02_METSG,GO:0015318,0.91241,inorganic molecular entity transmembrane transporter activity
tr|F4BZ02|F4BZ02_METSG,GO:0008324,0.89941,cation transmembrane transporter activity
tr|F4BZ02|F4BZ02_METSG,GO:0022890,0.89895,inorganic cation transmembrane transporter activity
tr|F4BZ02|F4BZ02_METSG,GO:0015267,0.81709,channel activity
tr|F4BZ02|F4BZ02_METSG,GO:0022803,0.81684,passive transmembrane transporter activity
tr|F4BZ02|F4BZ02_METSG,GO:0016874,0.81261,ligase activity
tr|F4BZ02|F4BZ02_METSG,GO:0046933,0.79128,"proton-transporting ATP synthase activity, rotational mechanism"
tr|F4BZ02|F4BZ02_METSG,GO:0015252,0.78757,proton channel activity
tr|F4BZ02|F4BZ02_METSG,GO:0005216,0.75436,ion channel activity
tr|F4BZ02|F4BZ02_METSG,GO:0005261,0.75067,cation channel activity
tr|F4BZ02|F4BZ02_METSG,GO:0022853,0.12942,active ion transmembrane transporter activity
tr|F4BZ02|F4BZ02_METSG,GO:0015399,0.12922,primary active transmembrane transporter activity
tr|F4BZ02|F4BZ02_METSG,GO:0022804,0.12518,active transmembrane transporter activity
tr|F4BZ02|F4BZ02_METSG,GO:0042626,0.12217,ATPase-coupled transmembrane transporter activity
tr|F4BZ02|F4BZ02_METSG,GO:0042625,0.12128,ATPase-coupled ion transmembrane transporter activity
tr|F4BZ03|F4BZ03_METSG,GO:0097367,0.13855,carbohydrate derivative binding
tr|F4BZ03|F4BZ03_METSG,GO:0032553,0.13031,ribonucleotide binding
tr|F4BZ03|F4BZ03_METSG,GO:0032555,0.12407,purine ribonucleotide binding
tr|F4BZ03|F4BZ03_METSG,GO:0017076,0.12092,purine nucleotide binding
tr|F4BZ03|F4BZ03_METSG,GO:0035639,0.11829,purine ribonucleoside triphosphate binding
tr|F4BZ03|F4BZ03_METSG,GO:0032559,0.11172,adenyl ribonucleotide binding
tr|F4BZ03|F4BZ03_METSG,GO:0030554,0.10912,adenyl nucleotide binding
tr|F4BZ03|F4BZ03_METSG,GO:0005524,0.10817,ATP binding
tr|F4BZ04|F4BZ04_METSG,GO:0022857,0.25316,transmembrane transporter activity
tr|F4BZ04|F4BZ04_METSG,GO:0005215,0.25097,transporter activity
tr|F4BZ04|F4BZ04_METSG,GO:0015075,0.22937,ion transmembrane transporter activity
tr|F4BZ04|F4BZ04_METSG,GO:0032553,0.21964,ribonucleotide binding
tr|F4BZ04|F4BZ04_METSG,GO:0097367,0.21696,carbohydrate derivative binding
tr|F4BZ04|F4BZ04_METSG,GO:0032555,0.21667,purine ribonucleotide binding
tr|F4BZ04|F4BZ04_METSG,GO:0035639,0.21213,purine ribonucleoside triphosphate binding
tr|F4BZ04|F4BZ04_METSG,GO:0017076,0.20860,purine nucleotide binding
tr|F4BZ04|F4BZ04_METSG,GO:0016874,0.20741,ligase activity
tr|F4BZ04|F4BZ04_METSG,GO:0015318,0.17760,inorganic molecular entity transmembrane transporter activity
tr|F4BZ04|F4BZ04_METSG,GO:0008324,0.17246,cation transmembrane transporter activity
tr|F4BZ04|F4BZ04_METSG,GO:0003677,0.16565,DNA binding
tr|F4BZ04|F4BZ04_METSG,GO:0022890,0.16217,inorganic cation transmembrane transporter activity
tr|F4BZ04|F4BZ04_METSG,GO:0032559,0.15439,adenyl ribonucleotide binding
tr|F4BZ04|F4BZ04_METSG,GO:0005524,0.15150,ATP binding
tr|F4BZ04|F4BZ04_METSG,GO:0030554,0.14835,adenyl nucleotide binding
tr|F4BZ04|F4BZ04_METSG,GO:0015078,0.14627,proton transmembrane transporter activity
tr|F4BZ04|F4BZ04_METSG,GO:0022803,0.14276,passive transmembrane transporter activity
tr|F4BZ04|F4BZ04_METSG,GO:0015267,0.14244,channel activity
tr|F4BZ04|F4BZ04_METSG,GO:0005216,0.13704,ion channel activity
tr|F4BZ04|F4BZ04_METSG,GO:0005261,0.12351,cation channel activity
tr|F4BZ04|F4BZ04_METSG,GO:0015252,0.11862,proton channel activity
tr|F4BZ04|F4BZ04_METSG,GO:0046933,0.11711,"proton-transporting ATP synthase activity, rotational mechanism"
tr|F4BZ05|F4BZ05_METSG,GO:0015078,0.16253,proton transmembrane transporter activity
tr|F4BZ05|F4BZ05_METSG,GO:0015075,0.14735,ion transmembrane transporter activity
tr|F4BZ05|F4BZ05_METSG,GO:0008324,0.14508,cation transmembrane transporter activity
tr|F4BZ05|F4BZ05_METSG,GO:0005215,0.14037,transporter activity
tr|F4BZ05|F4BZ05_METSG,GO:0015318,0.13797,inorganic molecular entity transmembrane transporter activity
tr|F4BZ05|F4BZ05_METSG,GO:0022857,0.13787,transmembrane transporter activity
tr|F4BZ05|F4BZ05_METSG,GO:0022890,0.13588,inorganic cation transmembrane transporter activity
tr|F4BZ05|F4BZ05_METSG,GO:0030554,0.13485,adenyl nucleotide binding
tr|F4BZ05|F4BZ05_METSG,GO:0016874,0.13142,ligase activity
tr|F4BZ05|F4BZ05_METSG,GO:0097367,0.12048,carbohydrate derivative binding
tr|F4BZ05|F4BZ05_METSG,GO:0017076,0.11887,purine nucleotide binding
tr|F4BZ05|F4BZ05_METSG,GO:0032553,0.11290,ribonucleotide binding
tr|F4BZ05|F4BZ05_METSG,GO:0032559,0.10980,adenyl ribonucleotide binding
tr|F4BZ05|F4BZ05_METSG,GO:0005524,0.10796,ATP binding
tr|F4BZ05|F4BZ05_METSG,GO:0005261,0.10616,cation channel activity
tr|F4BZ05|F4BZ05_METSG,GO:0022803,0.10191,passive transmembrane transporter activity
tr|F4BZ05|F4BZ05_METSG,GO:0015267,0.10172,channel activity
tr|F4BZ05|F4BZ05_METSG,GO:0005216,0.10159,ion channel activity
tr|F4BZ05|F4BZ05_METSG,GO:0015252,0.10009,proton channel activity
tr|F4BZ09|F4BZ09_METSG,GO:0016788,0.45054,"hydrolase activity, acting on ester bonds"
tr|F4BZ09|F4BZ09_METSG,GO:0000287,0.30766,magnesium ion binding
tr|F4BZ09|F4BZ09_METSG,GO:0042578,0.24496,phosphoric ester hydrolase activity
tr|F4BZ09|F4BZ09_METSG,GO:0097367,0.21078,carbohydrate derivative binding
tr|F4BZ09|F4BZ09_METSG,GO:0032553,0.20783,ribonucleotide binding
tr|F4BZ09|F4BZ09_METSG,GO:0016791,0.20700,phosphatase activity
tr|F4BZ09|F4BZ09_METSG,GO:0032555,0.20142,purine ribonucleotide binding
tr|F4BZ09|F4BZ09_METSG,GO:0017076,0.19249,purine nucleotide binding
tr|F4BZ09|F4BZ09_METSG,GO:0035639,0.18643,purine ribonucleoside triphosphate binding
tr|F4BZ09|F4BZ09_METSG,GO:0019203,0.16605,carbohydrate phosphatase activity
tr|F4BZ09|F4BZ09_METSG,GO:0050308,0.16063,sugar-phosphatase activity
tr|F4BZ09|F4BZ09_METSG,GO:0042132,0.14096,"fructose 1,6-bisphosphate 1-phosphatase activity"
tr|F4BZ09|F4BZ09_METSG,GO:0032559,0.11199,adenyl ribonucleotide binding
tr|F4BZ09|F4BZ09_METSG,GO:0030554,0.10624,adenyl nucleotide binding
tr|F4BZ09|F4BZ09_METSG,GO:0005524,0.10491,ATP binding
tr|F4BZ10|F4BZ10_METSG,GO:0097367,0.11348,carbohydrate derivative binding
tr|F4BZ11|F4BZ11_METSG,GO:0046914,0.20667,transition metal ion binding
tr|F4BZ11|F4BZ11_METSG,GO:0051540,0.12990,metal cluster binding
tr|F4BZ11|F4BZ11_METSG,GO:0051536,0.12978,iron-sulfur cluster binding
tr|F4BZ11|F4BZ11_METSG,GO:0097367,0.12934,carbohydrate derivative binding
tr|F4BZ11|F4BZ11_METSG,GO:0032553,0.12555,ribonucleotide binding
tr|F4BZ11|F4BZ11_METSG,GO:0051539,0.10121,"4 iron, 4 sulfur cluster binding"
tr|F4BZ32|F4BZ32_METSG,GO:0097367,0.26022,carbohydrate derivative binding
tr|F4BZ32|F4BZ32_METSG,GO:0032553,0.25747,ribonucleotide binding
tr|F4BZ32|F4BZ32_METSG,GO:0032555,0.22468,purine ribonucleotide binding
tr|F4BZ32|F4BZ32_METSG,GO:0017076,0.22196,purine nucleotide binding
tr|F4BZ32|F4BZ32_METSG,GO:0035639,0.21849,purine ribonucleoside triphosphate binding
tr|F4BZ32|F4BZ32_METSG,GO:0032559,0.19063,adenyl ribonucleotide binding
tr|F4BZ32|F4BZ32_METSG,GO:0030554,0.18899,adenyl nucleotide binding
tr|F4BZ32|F4BZ32_METSG,GO:0005524,0.18635,ATP binding
tr|F4BZ82|F4BZ82_METSG,GO:0097367,0.17890,carbohydrate derivative binding
tr|F4BZ82|F4BZ82_METSG,GO:0032553,0.13108,ribonucleotide binding
tr|F4BZ82|F4BZ82_METSG,GO:0032555,0.11190,purine ribonucleotide binding
tr|F4BZ82|F4BZ82_METSG,GO:0017076,0.11133,purine nucleotide binding
tr|F4BZ82|F4BZ82_METSG,GO:0035639,0.11006,purine ribonucleoside triphosphate binding
tr|F4BZ87|F4BZ87_METSG,GO:0032553,0.99788,ribonucleotide binding
tr|F4BZ87|F4BZ87_METSG,GO:0035639,0.99780,purine ribonucleoside triphosphate binding
tr|F4BZ87|F4BZ87_METSG,GO:0032555,0.99769,purine ribonucleotide binding
tr|F4BZ87|F4BZ87_METSG,GO:0017076,0.99758,purine nucleotide binding
tr|F4BZ87|F4BZ87_METSG,GO:0097367,0.99743,carbohydrate derivative binding
tr|F4BZ87|F4BZ87_METSG,GO:0005524,0.99640,ATP binding
tr|F4BZ87|F4BZ87_METSG,GO:0032559,0.99629,adenyl ribonucleotide binding
tr|F4BZ87|F4BZ87_METSG,GO:0030554,0.99618,adenyl nucleotide binding
tr|F4BZ87|F4BZ87_METSG,GO:0051082,0.82740,unfolded protein binding
tr|F4BZ89|F4BZ89_METSG,GO:0032555,0.96424,purine ribonucleotide binding
tr|F4BZ89|F4BZ89_METSG,GO:0035639,0.96391,purine ribonucleoside triphosphate binding
tr|F4BZ89|F4BZ89_METSG,GO:0032553,0.96341,ribonucleotide binding
tr|F4BZ89|F4BZ89_METSG,GO:0017076,0.96114,purine nucleotide binding
tr|F4BZ89|F4BZ89_METSG,GO:0097367,0.95862,carbohydrate derivative binding
tr|F4BZ89|F4BZ89_METSG,GO:0032559,0.95711,adenyl ribonucleotide binding
tr|F4BZ89|F4BZ89_METSG,GO:0005524,0.95615,ATP binding
tr|F4BZ89|F4BZ89_METSG,GO:0030554,0.95341,adenyl nucleotide binding
tr|F4BZ89|F4BZ89_METSG,GO:0051082,0.22511,unfolded protein binding
tr|F4BZ97|F4BZ97_METSG,GO:0140096,0.18611,"catalytic activity, acting on a protein"
tr|F4BZ97|F4BZ97_METSG,GO:0004553,0.18403,"hydrolase activity, hydrolyzing O-glycosyl compounds"
tr|F4BZ97|F4BZ97_METSG,GO:0016798,0.16935,"hydrolase activity, acting on glycosyl bonds"
tr|F4BZ97|F4BZ97_METSG,GO:0008233,0.12572,peptidase activity
tr|F4BZ98|F4BZ98_METSG,GO:0003677,0.13247,DNA binding
tr|F4BZB0|F4BZB0_METSG,GO:0097367,0.19260,carbohydrate derivative binding
tr|F4BZB0|F4BZB0_METSG,GO:0032553,0.17069,ribonucleotide binding
tr|F4BZB0|F4BZB0_METSG,GO:0016829,0.16701,lyase activity
tr|F4BZB0|F4BZB0_METSG,GO:0046914,0.13131,transition metal ion binding
tr|F4BZB0|F4BZB0_METSG,GO:0032555,0.12985,purine ribonucleotide binding
tr|F4BZB0|F4BZB0_METSG,GO:0017076,0.12748,purine nucleotide binding
tr|F4BZB0|F4BZB0_METSG,GO:0035639,0.12664,purine ribonucleoside triphosphate binding
tr|F4BZB0|F4BZB0_METSG,GO:0032559,0.12241,adenyl ribonucleotide binding
tr|F4BZB0|F4BZB0_METSG,GO:0030554,0.12082,adenyl nucleotide binding
tr|F4BZB0|F4BZB0_METSG,GO:0005524,0.11931,ATP binding
tr|F4BZB5|F4BZB5_METSG,GO:0005198,0.14105,structural molecule activity
tr|F4BZB5|F4BZB5_METSG,GO:0003735,0.10438,structural constituent of ribosome
tr|F4BZD3|F4BZD3_METSG,GO:0016772,0.67299,"transferase activity, transferring phosphorus-containing groups"
tr|F4BZD3|F4BZD3_METSG,GO:0016779,0.62381,nucleotidyltransferase activity
tr|F4BZD3|F4BZD3_METSG,GO:0097367,0.23135,carbohydrate derivative binding
tr|F4BZD3|F4BZD3_METSG,GO:0032553,0.21445,ribonucleotide binding
tr|F4BZD3|F4BZD3_METSG,GO:0032555,0.21186,purine ribonucleotide binding
tr|F4BZD3|F4BZD3_METSG,GO:0035639,0.21163,purine ribonucleoside triphosphate binding
tr|F4BZD3|F4BZD3_METSG,GO:0017076,0.20058,purine nucleotide binding
tr|F4BZD3|F4BZD3_METSG,GO:0000287,0.12241,magnesium ion binding
tr|F4BZF7|F4BZF7_METSG,GO:0016209,0.17007,antioxidant activity
tr|F4BZF7|F4BZF7_METSG,GO:0046914,0.11262,transition metal ion binding
tr|F4BZF7|F4BZF7_METSG,GO:0016741,0.10580,"transferase activity, transferring one-carbon groups"
tr|F4BZF7|F4BZF7_METSG,GO:0140098,0.10132,"catalytic activity, acting on RNA"
tr|F4BZI4|F4BZI4_METSG,GO:0097367,0.19943,carbohydrate derivative binding
tr|F4BZI4|F4BZI4_METSG,GO:0032553,0.18972,ribonucleotide binding
tr|F4BZI4|F4BZI4_METSG,GO:0032555,0.16964,purine ribonucleotide binding
tr|F4BZI4|F4BZI4_METSG,GO:0017076,0.16638,purine nucleotide binding
tr|F4BZI4|F4BZI4_METSG,GO:0035639,0.16469,purine ribonucleoside triphosphate binding
tr|F4BZI4|F4BZI4_METSG,GO:0032559,0.14914,adenyl ribonucleotide binding
tr|F4BZI4|F4BZI4_METSG,GO:0030554,0.14636,adenyl nucleotide binding
tr|F4BZI4|F4BZI4_METSG,GO:0005524,0.14533,ATP binding
tr|F4BZI5|F4BZI5_METSG,GO:0000287,0.17016,magnesium ion binding
tr|F4BZI5|F4BZI5_METSG,GO:0016829,0.12861,lyase activity
tr|F4BZI5|F4BZI5_METSG,GO:0097367,0.12359,carbohydrate derivative binding
tr|F4BZI5|F4BZI5_METSG,GO:0032553,0.12181,ribonucleotide binding
tr|F4BZI5|F4BZI5_METSG,GO:0017076,0.10996,purine nucleotide binding
tr|F4BZI5|F4BZI5_METSG,GO:0032555,0.10344,purine ribonucleotide binding
tr|F4BZI6|F4BZI6_METSG,GO:0032553,0.30663,ribonucleotide binding
tr|F4BZI6|F4BZI6_METSG,GO:0097367,0.30380,carbohydrate derivative binding
tr|F4BZI6|F4BZI6_METSG,GO:0017076,0.27103,purine nucleotide binding
tr|F4BZI6|F4BZI6_METSG,GO:0032555,0.24204,purine ribonucleotide binding
tr|F4BZI6|F4BZI6_METSG,GO:0035639,0.23756,purine ribonucleoside triphosphate binding
tr|F4BZI6|F4BZI6_METSG,GO:0030554,0.23586,adenyl nucleotide binding
tr|F4BZI6|F4BZI6_METSG,GO:0032559,0.20911,adenyl ribonucleotide binding
tr|F4BZI6|F4BZI6_METSG,GO:0005524,0.20276,ATP binding
tr|F4BZJ6|F4BZJ6_METSG,GO:0016798,0.10429,"hydrolase activity, acting on glycosyl bonds"
tr|F4BZJ9|F4BZJ9_METSG,GO:0003677,0.49471,DNA binding
tr|F4BZJ9|F4BZJ9_METSG,GO:0003723,0.12803,RNA binding
tr|F4BZJ9|F4BZJ9_METSG,GO:0140110,0.10878,transcription regulator activity
tr|F4BZJ9|F4BZJ9_METSG,GO:0003700,0.10231,DNA-binding transcription factor activity
tr|F4BZK0|F4BZK0_METSG,GO:0016746,0.14071,"transferase activity, transferring acyl groups"
tr|F4BZK0|F4BZK0_METSG,GO:0000287,0.12086,magnesium ion binding
tr|F4BZK1|F4BZK1_METSG,GO:0097367,0.16392,carbohydrate derivative binding
tr|F4BZK1|F4BZK1_METSG,GO:0032553,0.15616,ribonucleotide binding
tr|F4BZK1|F4BZK1_METSG,GO:0032555,0.13143,purine ribonucleotide binding
tr|F4BZK1|F4BZK1_METSG,GO:0035639,0.12780,purine ribonucleoside triphosphate binding
tr|F4BZK1|F4BZK1_METSG,GO:0046914,0.12588,transition metal ion binding
tr|F4BZK1|F4BZK1_METSG,GO:0017076,0.12192,purine nucleotide binding
tr|F4BZK1|F4BZK1_METSG,GO:0032559,0.11580,adenyl ribonucleotide binding
tr|F4BZK1|F4BZK1_METSG,GO:0005524,0.11275,ATP binding
tr|F4BZK1|F4BZK1_METSG,GO:0030554,0.10762,adenyl nucleotide binding
tr|F4BZK4|F4BZK4_METSG,GO:0097367,0.10336,carbohydrate derivative binding
tr|F4BZM2|F4BZM2_METSG,GO:0140096,0.10933,"catalytic activity, acting on a protein"
tr|F4BZQ3|F4BZQ3_METSG,GO:0016829,0.99997,lyase activity
tr|F4BZQ3|F4BZQ3_METSG,GO:0016835,0.99973,carbon-oxygen lyase activity
tr|F4BZQ3|F4BZQ3_METSG,GO:0016836,0.99763,hydro-lyase activity
tr|F4BZQ3|F4BZQ3_METSG,GO:0051539,0.98174,"4 iron, 4 sulfur cluster binding"
tr|F4BZQ3|F4BZQ3_METSG,GO:0051536,0.97789,iron-sulfur cluster binding
tr|F4BZQ3|F4BZQ3_METSG,GO:0051540,0.97782,metal cluster binding
tr|F4BZQ7|F4BZQ7_METSG,GO:0016874,0.16078,ligase activity
tr|F4BZQ7|F4BZQ7_METSG,GO:0022857,0.12458,transmembrane transporter activity
tr|F4BZQ7|F4BZQ7_METSG,GO:0097367,0.11972,carbohydrate derivative binding
tr|F4BZQ7|F4BZQ7_METSG,GO:0005215,0.11224,transporter activity
tr|F4BZQ7|F4BZQ7_METSG,GO:0015075,0.10744,ion transmembrane transporter activity
tr|F4BZQ7|F4BZQ7_METSG,GO:0032553,0.10207,ribonucleotide binding
tr|F4BZQ7|F4BZQ7_METSG,GO:0030554,0.10178,adenyl nucleotide binding
tr|F4BZQ7|F4BZQ7_METSG,GO:0032559,0.10165,adenyl ribonucleotide binding
tr|F4BZQ7|F4BZQ7_METSG,GO:0005524,0.10066,ATP binding
tr|F4BZQ8|F4BZQ8_METSG,GO:0051540,0.35234,metal cluster binding
tr|F4BZQ8|F4BZQ8_METSG,GO:0051536,0.35185,iron-sulfur cluster binding
tr|F4BZQ8|F4BZQ8_METSG,GO:0046914,0.28039,transition metal ion binding
tr|F4BZQ8|F4BZQ8_METSG,GO:0051539,0.27633,"4 iron, 4 sulfur cluster binding"
tr|F4BZQ8|F4BZQ8_METSG,GO:0008270,0.15720,zinc ion binding
tr|F4BZS3|F4BZS3_METSG,GO:0097367,0.34173,carbohydrate derivative binding
tr|F4BZS3|F4BZS3_METSG,GO:0032553,0.29677,ribonucleotide binding
tr|F4BZS3|F4BZS3_METSG,GO:0051536,0.26521,iron-sulfur cluster binding
tr|F4BZS3|F4BZS3_METSG,GO:0051540,0.26516,metal cluster binding
tr|F4BZS3|F4BZS3_METSG,GO:0032555,0.24754,purine ribonucleotide binding
tr|F4BZS3|F4BZS3_METSG,GO:0035639,0.24472,purine ribonucleoside triphosphate binding
tr|F4BZS3|F4BZS3_METSG,GO:0017076,0.23578,purine nucleotide binding
tr|F4BZS3|F4BZS3_METSG,GO:0032559,0.18259,adenyl ribonucleotide binding
tr|F4BZS3|F4BZS3_METSG,GO:0005524,0.18160,ATP binding
tr|F4BZS3|F4BZS3_METSG,GO:0051539,0.17930,"4 iron, 4 sulfur cluster binding"
tr|F4BZS3|F4BZS3_METSG,GO:0030554,0.17341,adenyl nucleotide binding
tr|F4BZS3|F4BZS3_METSG,GO:0046914,0.16540,transition metal ion binding
tr|F4BZS3|F4BZS3_METSG,GO:0016829,0.15078,lyase activity
tr|F4BZX3|F4BZX3_METSG,GO:0003723,0.18841,RNA binding
tr|F4BZX3|F4BZX3_METSG,GO:0003677,0.16358,DNA binding
tr|F4BZX3|F4BZX3_METSG,GO:0140098,0.13040,"catalytic activity, acting on RNA"
tr|F4BZX3|F4BZX3_METSG,GO:0005198,0.12605,structural molecule activity
tr|F4BZX3|F4BZX3_METSG,GO:0046914,0.12402,transition metal ion binding
tr|F4BZX3|F4BZX3_METSG,GO:0003735,0.12003,structural constituent of ribosome
tr|F4BZX3|F4BZX3_METSG,GO:0016772,0.10862,"transferase activity, transferring phosphorus-containing groups"
tr|F4BZX9|F4BZX9_METSG,GO:0097367,0.13195,carbohydrate derivative binding
tr|F4BZX9|F4BZX9_METSG,GO:0032553,0.11291,ribonucleotide binding
tr|F4BZY8|F4BZY8_METSG,GO:0051540,0.38464,metal cluster binding
tr|F4BZY8|F4BZY8_METSG,GO:0051536,0.38458,iron-sulfur cluster binding
tr|F4BZY8|F4BZY8_METSG,GO:0097367,0.25446,carbohydrate derivative binding
tr|F4BZY8|F4BZY8_METSG,GO:0051539,0.25415,"4 iron, 4 sulfur cluster binding"
tr|F4BZY8|F4BZY8_METSG,GO:0032553,0.23838,ribonucleotide binding
tr|F4BZY8|F4BZY8_METSG,GO:0032555,0.21427,purine ribonucleotide binding
tr|F4BZY8|F4BZY8_METSG,GO:0035639,0.21200,purine ribonucleoside triphosphate binding
tr|F4BZY8|F4BZY8_METSG,GO:0017076,0.20219,purine nucleotide binding
tr|F4BZY8|F4BZY8_METSG,GO:0046914,0.19210,transition metal ion binding
tr|F4BZY8|F4BZY8_METSG,GO:0032559,0.13750,adenyl ribonucleotide binding
tr|F4BZY8|F4BZY8_METSG,GO:0005524,0.13684,ATP binding
tr|F4BZY8|F4BZY8_METSG,GO:0030554,0.12933,adenyl nucleotide binding
tr|F4BZY8|F4BZY8_METSG,GO:0008270,0.10094,zinc ion binding
tr|F4C004|F4C004_METSG,GO:0051540,0.31430,metal cluster binding
tr|F4C004|F4C004_METSG,GO:0051536,0.31301,iron-sulfur cluster binding
tr|F4C004|F4C004_METSG,GO:0051539,0.20936,"4 iron, 4 sulfur cluster binding"
tr|F4C004|F4C004_METSG,GO:0097367,0.17227,carbohydrate derivative binding
tr|F4C004|F4C004_METSG,GO:0032553,0.15452,ribonucleotide binding
tr|F4C004|F4C004_METSG,GO:0017076,0.14342,purine nucleotide binding
tr|F4C004|F4C004_METSG,GO:0032555,0.14218,purine ribonucleotide binding
tr|F4C004|F4C004_METSG,GO:0035639,0.14189,purine ribonucleoside triphosphate binding
tr|F4C004|F4C004_METSG,GO:0003723,0.13472,RNA binding
tr|F4C004|F4C004_METSG,GO:0030554,0.11260,adenyl nucleotide binding
tr|F4C004|F4C004_METSG,GO:0032559,0.11148,adenyl ribonucleotide binding
tr|F4C004|F4C004_METSG,GO:0005524,0.11105,ATP binding
tr|F4C009|F4C009_METSG,GO:0140096,0.18123,"catalytic activity, acting on a protein"
tr|F4C009|F4C009_METSG,GO:0008233,0.16188,peptidase activity
tr|F4C009|F4C009_METSG,GO:0016798,0.12653,"hydrolase activity, acting on glycosyl bonds"
tr|F4C009|F4C009_METSG,GO:0004553,0.12488,"hydrolase activity, hydrolyzing O-glycosyl compounds"
tr|F4C009|F4C009_METSG,GO:0030246,0.12267,carbohydrate binding
tr|F4C009|F4C009_METSG,GO:0017171,0.11391,serine hydrolase activity
tr|F4C009|F4C009_METSG,GO:0008236,0.11373,serine-type peptidase activity
tr|F4C013|F4C013_METSG,GO:0097367,0.15488,carbohydrate derivative binding
tr|F4C013|F4C013_METSG,GO:0032553,0.14646,ribonucleotide binding
tr|F4C013|F4C013_METSG,GO:0032555,0.13164,purine ribonucleotide binding
tr|F4C013|F4C013_METSG,GO:0035639,0.12544,purine ribonucleoside triphosphate binding
tr|F4C013|F4C013_METSG,GO:0017076,0.12434,purine nucleotide binding
tr|F4C013|F4C013_METSG,GO:0032559,0.10190,adenyl ribonucleotide binding
tr|F4C019|F4C019_METSG,GO:0003677,0.11247,DNA binding
tr|F4C025|F4C025_METSG,GO:0046914,0.14796,transition metal ion binding
tr|F4C025|F4C025_METSG,GO:0097367,0.12093,carbohydrate derivative binding
tr|F4C025|F4C025_METSG,GO:0016829,0.12011,lyase activity
tr|F4C025|F4C025_METSG,GO:0032553,0.11166,ribonucleotide binding
tr|F4C035|F4C035_METSG,GO:0016746,0.23052,"transferase activity, transferring acyl groups"
tr|F4C035|F4C035_METSG,GO:0016747,0.20066,"transferase activity, transferring acyl groups other than amino-acyl groups"
tr|F4C035|F4C035_METSG,GO:0140096,0.13989,"catalytic activity, acting on a protein"
tr|F4C059|F4C059_METSG,GO:0097367,0.26973,carbohydrate derivative binding
tr|F4C059|F4C059_METSG,GO:0032553,0.25952,ribonucleotide binding
tr|F4C059|F4C059_METSG,GO:0032555,0.22824,purine ribonucleotide binding
tr|F4C059|F4C059_METSG,GO:0035639,0.22271,purine ribonucleoside triphosphate binding
tr|F4C059|F4C059_METSG,GO:0017076,0.21800,purine nucleotide binding
tr|F4C059|F4C059_METSG,GO:0032559,0.19250,adenyl ribonucleotide binding
tr|F4C059|F4C059_METSG,GO:0005524,0.18786,ATP binding
tr|F4C059|F4C059_METSG,GO:0030554,0.18393,adenyl nucleotide binding
tr|F4C097|F4C097_METSG,GO:0030170,0.99908,pyridoxal phosphate binding
tr|F4C097|F4C097_METSG,GO:0070279,0.99908,vitamin B6 binding
tr|F4C097|F4C097_METSG,GO:0019842,0.99850,vitamin binding
tr|F4C097|F4C097_METSG,GO:0016769,0.98164,"transferase activity, transferring nitrogenous groups"
tr|F4C097|F4C097_METSG,GO:0008483,0.97794,transaminase activity
tr|F4C0A1|F4C0A1_METSG,GO:0140096,0.12859,"catalytic activity, acting on a protein"
tr|F4C0D4|F4C0D4_METSG,GO:0097367,0.19812,carbohydrate derivative binding
tr|F4C0D4|F4C0D4_METSG,GO:0032553,0.18206,ribonucleotide binding
tr|F4C0D4|F4C0D4_METSG,GO:0017076,0.16487,purine nucleotide binding
tr|F4C0D4|F4C0D4_METSG,GO:0030554,0.16429,adenyl nucleotide binding
tr|F4C0D4|F4C0D4_METSG,GO:0032555,0.16386,purine ribonucleotide binding
tr|F4C0D4|F4C0D4_METSG,GO:0032559,0.16274,adenyl ribonucleotide binding
tr|F4C0D4|F4C0D4_METSG,GO:0005524,0.15846,ATP binding
tr|F4C0D4|F4C0D4_METSG,GO:0035639,0.15776,purine ribonucleoside triphosphate binding
tr|F4C0D6|F4C0D6_METSG,GO:0032559,0.61488,adenyl ribonucleotide binding
tr|F4C0D6|F4C0D6_METSG,GO:0030554,0.61476,adenyl nucleotide binding
tr|F4C0D6|F4C0D6_METSG,GO:0005524,0.61162,ATP binding
tr|F4C0D6|F4C0D6_METSG,GO:0097367,0.55897,carbohydrate derivative binding
tr|F4C0D6|F4C0D6_METSG,GO:0032553,0.55770,ribonucleotide binding
tr|F4C0D6|F4C0D6_METSG,GO:0032555,0.55661,purine ribonucleotide binding
tr|F4C0D6|F4C0D6_METSG,GO:0017076,0.55479,purine nucleotide binding
tr|F4C0D6|F4C0D6_METSG,GO:0035639,0.55452,purine ribonucleoside triphosphate binding
tr|F4C0F8|F4C0F8_METSG,GO:0140098,0.16199,"catalytic activity, acting on RNA"
tr|F4C0F8|F4C0F8_METSG,GO:0097367,0.16136,carbohydrate derivative binding
tr|F4C0F8|F4C0F8_METSG,GO:0032553,0.15827,ribonucleotide binding
tr|F4C0F8|F4C0F8_METSG,GO:0032555,0.14503,purine ribonucleotide binding
tr|F4C0F8|F4C0F8_METSG,GO:0017076,0.14394,purine nucleotide binding
tr|F4C0F8|F4C0F8_METSG,GO:0035639,0.14123,purine ribonucleoside triphosphate binding
tr|F4C0F8|F4C0F8_METSG,GO:0032559,0.12337,adenyl ribonucleotide binding
tr|F4C0F8|F4C0F8_METSG,GO:0030554,0.12244,adenyl nucleotide binding
tr|F4C0F8|F4C0F8_METSG,GO:0005524,0.12150,ATP binding
tr|F4C0F8|F4C0F8_METSG,GO:0140101,0.11352,"catalytic activity, acting on a tRNA"
tr|F4C0F8|F4C0F8_METSG,GO:0003723,0.10412,RNA binding
tr|F4C0F9|F4C0F9_METSG,GO:0016829,0.71024,lyase activity
tr|F4C0F9|F4C0F9_METSG,GO:0016835,0.70791,carbon-oxygen lyase activity
tr|F4C0F9|F4C0F9_METSG,GO:0016836,0.63676,hydro-lyase activity
tr|F4C0G0|F4C0G0_METSG,GO:0016614,0.53151,"oxidoreductase activity, acting on CH-OH group of donors"
tr|F4C0G0|F4C0G0_METSG,GO:0016616,0.51712,"oxidoreductase activity, acting on the CH-OH group of donors, NAD or NADP as acceptor"
tr|F4C0G0|F4C0G0_METSG,GO:0000287,0.27812,magnesium ion binding
tr|F4C0G0|F4C0G0_METSG,GO:0051287,0.21214,NAD binding
tr|F4C0G0|F4C0G0_METSG,GO:0046914,0.10258,transition metal ion binding
tr|F4C0G2|F4C0G2_METSG,GO:0097367,0.28426,carbohydrate derivative binding
tr|F4C0G2|F4C0G2_METSG,GO:0017076,0.27240,purine nucleotide binding
tr|F4C0G2|F4C0G2_METSG,GO:0032553,0.27207,ribonucleotide binding
tr|F4C0G2|F4C0G2_METSG,GO:0032555,0.27054,purine ribonucleotide binding
tr|F4C0G2|F4C0G2_METSG,GO:0035639,0.26594,purine ribonucleoside triphosphate binding
tr|F4C0G2|F4C0G2_METSG,GO:0030554,0.22275,adenyl nucleotide binding
tr|F4C0G2|F4C0G2_METSG,GO:0032559,0.22095,adenyl ribonucleotide binding
tr|F4C0G2|F4C0G2_METSG,GO:0005524,0.21893,ATP binding
tr|F4C0G2|F4C0G2_METSG,GO:0016772,0.18124,"transferase activity, transferring phosphorus-containing groups"
tr|F4C0G2|F4C0G2_METSG,GO:0003677,0.13467,DNA binding
tr|F4C0G2|F4C0G2_METSG,GO:0140096,0.13059,"catalytic activity, acting on a protein"
tr|F4C0G2|F4C0G2_METSG,GO:0003723,0.10995,RNA binding
tr|F4C0G3|F4C0G3_METSG,GO:0046914,0.21914,transition metal ion binding
tr|F4C0G3|F4C0G3_METSG,GO:0097367,0.17409,carbohydrate derivative binding
tr|F4C0G3|F4C0G3_METSG,GO:0032553,0.16152,ribonucleotide binding
tr|F4C0G3|F4C0G3_METSG,GO:0051540,0.13919,metal cluster binding
tr|F4C0G3|F4C0G3_METSG,GO:0051536,0.13909,iron-sulfur cluster binding
tr|F4C0G3|F4C0G3_METSG,GO:0032555,0.13329,purine ribonucleotide binding
tr|F4C0G3|F4C0G3_METSG,GO:0008270,0.12999,zinc ion binding
tr|F4C0G3|F4C0G3_METSG,GO:0035639,0.12990,purine ribonucleoside triphosphate binding
tr|F4C0G3|F4C0G3_METSG,GO:0017076,0.12827,purine nucleotide binding
tr|F4C0G3|F4C0G3_METSG,GO:0051539,0.12514,"4 iron, 4 sulfur cluster binding"
tr|F4C0G3|F4C0G3_METSG,GO:0032559,0.11523,adenyl ribonucleotide binding
tr|F4C0G3|F4C0G3_METSG,GO:0005524,0.11274,ATP binding
tr|F4C0G3|F4C0G3_METSG,GO:0030554,0.11092,adenyl nucleotide binding
tr|F4C0G5|F4C0G5_METSG,GO:0030554,0.13376,adenyl nucleotide binding
tr|F4C0G5|F4C0G5_METSG,GO:0017076,0.13111,purine nucleotide binding
tr|F4C0G5|F4C0G5_METSG,GO:0097367,0.12973,carbohydrate derivative binding
tr|F4C0G5|F4C0G5_METSG,GO:0140096,0.12260,"catalytic activity, acting on a protein"
tr|F4C0G5|F4C0G5_METSG,GO:0032553,0.11977,ribonucleotide binding
tr|F4C0G5|F4C0G5_METSG,GO:0032559,0.11396,adenyl ribonucleotide binding
tr|F4C0G5|F4C0G5_METSG,GO:0032555,0.11230,purine ribonucleotide binding
tr|F4C0G5|F4C0G5_METSG,GO:0005524,0.11153,ATP binding
tr|F4C0G5|F4C0G5_METSG,GO:0035639,0.10999,purine ribonucleoside triphosphate binding
tr|F4C0G5|F4C0G5_METSG,GO:0003677,0.10835,DNA binding
tr|F4C0G7|F4C0G7_METSG,GO:0003723,0.30015,RNA binding
tr|F4C0G7|F4C0G7_METSG,GO:0003735,0.14513,structural constituent of ribosome
tr|F4C0G7|F4C0G7_METSG,GO:0019843,0.14173,rRNA binding
tr|F4C0G7|F4C0G7_METSG,GO:0005198,0.13579,structural molecule activity
tr|F4C0H5|F4C0H5_METSG,GO:0016810,0.31423,"hydrolase activity, acting on carbon-nitrogen (but not peptide) bonds"
tr|F4C0H5|F4C0H5_METSG,GO:0046914,0.13337,transition metal ion binding
tr|F4C0J4|F4C0J4_METSG,GO:0030554,0.26674,adenyl nucleotide binding
tr|F4C0J4|F4C0J4_METSG,GO:0097367,0.26213,carbohydrate derivative binding
tr|F4C0J4|F4C0J4_METSG,GO:0032559,0.25295,adenyl ribonucleotide binding
tr|F4C0J4|F4C0J4_METSG,GO:0032553,0.25000,ribonucleotide binding
tr|F4C0J4|F4C0J4_METSG,GO:0005524,0.24672,ATP binding
tr|F4C0J4|F4C0J4_METSG,GO:0017076,0.24270,purine nucleotide binding
tr|F4C0J4|F4C0J4_METSG,GO:0032555,0.22996,purine ribonucleotide binding
tr|F4C0J4|F4C0J4_METSG,GO:0000287,0.22656,magnesium ion binding
tr|F4C0J4|F4C0J4_METSG,GO:0035639,0.22253,purine ribonucleoside triphosphate binding
tr|F4C0J4|F4C0J4_METSG,GO:0016616,0.14308,"oxidoreductase activity, acting on the CH-OH group of donors, NAD or NADP as acceptor"
tr|F4C0J4|F4C0J4_METSG,GO:0016614,0.13778,"oxidoreductase activity, acting on CH-OH group of donors"
tr|F4C0J4|F4C0J4_METSG,GO:0051287,0.12023,NAD binding
tr|F4C0J6|F4C0J6_METSG,GO:0003677,0.21540,DNA binding
tr|F4C0J6|F4C0J6_METSG,GO:0005198,0.19122,structural molecule activity
tr|F4C0J6|F4C0J6_METSG,GO:0003735,0.15686,structural constituent of ribosome
tr|F4C0J6|F4C0J6_METSG,GO:0003723,0.13089,RNA binding
tr|F4C0J6|F4C0J6_METSG,GO:0140110,0.11982,transcription regulator activity
tr|F4C0J8|F4C0J8_METSG,GO:0016829,0.99039,lyase activity
tr|F4C0J8|F4C0J8_METSG,GO:0016835,0.98231,carbon-oxygen lyase activity
tr|F4C0J8|F4C0J8_METSG,GO:0016836,0.94251,hydro-lyase activity
tr|F4C0J8|F4C0J8_METSG,GO:0051540,0.73274,metal cluster binding
tr|F4C0J8|F4C0J8_METSG,GO:0051536,0.73269,iron-sulfur cluster binding
tr|F4C0J8|F4C0J8_METSG,GO:0051539,0.70459,"4 iron, 4 sulfur cluster binding"
tr|F4C0K3|F4C0K3_METSG,GO:0046914,0.22058,transition metal ion binding
tr|F4C0K3|F4C0K3_METSG,GO:0008270,0.13273,zinc ion binding
tr|F4C0K4|F4C0K4_METSG,GO:0016829,0.16862,lyase activity
tr|F4C0K4|F4C0K4_METSG,GO:0016741,0.12703,"transferase activity, transferring one-carbon groups"
tr|F4C0K4|F4C0K4_METSG,GO:0140096,0.10127,"catalytic activity, acting on a protein"
tr|F4C0K6|F4C0K6_METSG,GO:0097367,0.25304,carbohydrate derivative binding
tr|F4C0K6|F4C0K6_METSG,GO:0032553,0.25015,ribonucleotide binding
tr|F4C0K6|F4C0K6_METSG,GO:0032555,0.24140,purine ribonucleotide binding
tr|F4C0K6|F4C0K6_METSG,GO:0035639,0.23877,purine ribonucleoside triphosphate binding
tr|F4C0K6|F4C0K6_METSG,GO:0017076,0.23224,purine nucleotide binding
tr|F4C0K6|F4C0K6_METSG,GO:0046914,0.19636,transition metal ion binding
tr|F4C0K6|F4C0K6_METSG,GO:0032559,0.16318,adenyl ribonucleotide binding
tr|F4C0K6|F4C0K6_METSG,GO:0005524,0.16152,ATP binding
tr|F4C0K6|F4C0K6_METSG,GO:0030554,0.15681,adenyl nucleotide binding
tr|F4C0K6|F4C0K6_METSG,GO:0051540,0.13882,metal cluster binding
tr|F4C0K6|F4C0K6_METSG,GO:0051536,0.13856,iron-sulfur cluster binding
tr|F4C0K8|F4C0K8_METSG,GO:0051536,0.81312,iron-sulfur cluster binding
tr|F4C0K8|F4C0K8_METSG,GO:0051540,0.81294,metal cluster binding
tr|F4C0K8|F4C0K8_METSG,GO:0051539,0.79333,"4 iron, 4 sulfur cluster binding"
tr|F4C0K8|F4C0K8_METSG,GO:0046914,0.40262,transition metal ion binding
tr|F4C0K8|F4C0K8_METSG,GO:0008270,0.14523,zinc ion binding
tr|F4C0L2|F4C0L2_METSG,GO:0051536,0.95055,iron-sulfur cluster binding
tr|F4C0L2|F4C0L2_METSG,GO:0051540,0.95055,metal cluster binding
tr|F4C0L2|F4C0L2_METSG,GO:0051539,0.90997,"4 iron, 4 sulfur cluster binding"
tr|F4C0L2|F4C0L2_METSG,GO:0046914,0.38044,transition metal ion binding
tr|F4C0L2|F4C0L2_METSG,GO:0005506,0.16860,iron ion binding
tr|F4C0L2|F4C0L2_METSG,GO:0016651,0.13834,"oxidoreductase activity, acting on NAD(P)H"
tr|F4C0L2|F4C0L2_METSG,GO:0016655,0.11799,"oxidoreductase activity, acting on NAD(P)H, quinone or similar compound as acceptor"
tr|F4C0L2|F4C0L2_METSG,GO:0009055,0.11345,electron transfer activity
tr|F4C0L2|F4C0L2_METSG,GO:0003955,0.10646,NAD(P)H dehydrogenase (quinone) activity
tr|F4C0L2|F4C0L2_METSG,GO:0016725,0.10158,"oxidoreductase activity, acting on CH or CH2 groups"
tr|F4C0N8|F4C0N8_METSG,GO:0003677,0.90372,DNA binding
tr|F4C0N8|F4C0N8_METSG,GO:0003700,0.38922,DNA-binding transcription factor activity
tr|F4C0N8|F4C0N8_METSG,GO:0140110,0.37034,transcription regulator activity
tr|F4C0P0|F4C0P0_METSG,GO:0097367,0.32530,carbohydrate derivative binding
tr|F4C0P0|F4C0P0_METSG,GO:0032553,0.30240,ribonucleotide binding
tr|F4C0P0|F4C0P0_METSG,GO:0032555,0.28024,purine ribonucleotide binding
tr|F4C0P0|F4C0P0_METSG,GO:0035639,0.27773,purine ribonucleoside triphosphate binding
tr|F4C0P0|F4C0P0_METSG,GO:0017076,0.26191,purine nucleotide binding
tr|F4C0P0|F4C0P0_METSG,GO:0046914,0.20644,transition metal ion binding
tr|F4C0P0|F4C0P0_METSG,GO:0032559,0.13210,adenyl ribonucleotide binding
tr|F4C0P0|F4C0P0_METSG,GO:0005524,0.13174,ATP binding
tr|F4C0P0|F4C0P0_METSG,GO:0008270,0.13117,zinc ion binding
tr|F4C0P0|F4C0P0_METSG,GO:0140096,0.12474,"catalytic activity, acting on a protein"
tr|F4C0P0|F4C0P0_METSG,GO:0030554,0.12172,adenyl nucleotide binding
tr|F4C0P1|F4C0P1_METSG,GO:0008233,0.89012,peptidase activity
tr|F4C0P1|F4C0P1_METSG,GO:0004298,0.88615,threonine-type endopeptidase activity
tr|F4C0P1|F4C0P1_METSG,GO:0070003,0.87713,threonine-type peptidase activity
tr|F4C0P1|F4C0P1_METSG,GO:0004175,0.81704,endopeptidase activity
tr|F4C0P1|F4C0P1_METSG,GO:0140096,0.79017,"catalytic activity, acting on a protein"
tr|F4C0P9|F4C0P9_METSG,GO:0046914,0.11417,transition metal ion binding
tr|F4C0P9|F4C0P9_METSG,GO:0051540,0.11344,metal cluster binding
tr|F4C0P9|F4C0P9_METSG,GO:0051536,0.11302,iron-sulfur cluster binding
tr|F4C0Q1|F4C0Q1_METSG,GO:0030554,0.96801,adenyl nucleotide binding
tr|F4C0Q1|F4C0Q1_METSG,GO:0032559,0.96481,adenyl ribonucleotide binding
tr|F4C0Q1|F4C0Q1_METSG,GO:0005524,0.96246,ATP binding
tr|F4C0Q1|F4C0Q1_METSG,GO:0097367,0.95363,carbohydrate derivative binding
tr|F4C0Q1|F4C0Q1_METSG,GO:0032553,0.95230,ribonucleotide binding
tr|F4C0Q1|F4C0Q1_METSG,GO:0017076,0.95222,purine nucleotide binding
tr|F4C0Q1|F4C0Q1_METSG,GO:0032555,0.94774,purine ribonucleotide binding
tr|F4C0Q1|F4C0Q1_METSG,GO:0035639,0.94402,purine ribonucleoside triphosphate binding
tr|F4C0Q1|F4C0Q1_METSG,GO:0016874,0.92155,ligase activity
tr|F4C0Q1|F4C0Q1_METSG,GO:0016878,0.84750,acid-thiol ligase activity
tr|F4C0Q1|F4C0Q1_METSG,GO:0016877,0.79950,"ligase activity, forming carbon-sulfur bonds"
tr|F4C0Q1|F4C0Q1_METSG,GO:0016405,0.73093,CoA-ligase activity
tr|F4C0Q1|F4C0Q1_METSG,GO:0016208,0.28090,AMP binding
tr|F4C0R1|F4C0R1_METSG,GO:0097367,0.21471,carbohydrate derivative binding
tr|F4C0R1|F4C0R1_METSG,GO:0032553,0.16104,ribonucleotide binding
tr|F4C0R1|F4C0R1_METSG,GO:0032559,0.15693,adenyl ribonucleotide binding
tr|F4C0R1|F4C0R1_METSG,GO:0005524,0.15403,ATP binding
tr|F4C0R1|F4C0R1_METSG,GO:0032555,0.15167,purine ribonucleotide binding
tr|F4C0R1|F4C0R1_METSG,GO:0035639,0.14801,purine ribonucleoside triphosphate binding
tr|F4C0R1|F4C0R1_METSG,GO:0030554,0.14522,adenyl nucleotide binding
tr|F4C0R1|F4C0R1_METSG,GO:0140096,0.14521,"catalytic activity, acting on a protein"
tr|F4C0R1|F4C0R1_METSG,GO:0017076,0.14009,purine nucleotide binding
tr|F4C0R1|F4C0R1_METSG,GO:0016798,0.13595,"hydrolase activity, acting on glycosyl bonds"
tr|F4C0R4|F4C0R4_METSG,GO:0032553,0.86094,ribonucleotide binding
tr|F4C0R4|F4C0R4_METSG,GO:0097367,0.85773,carbohydrate derivative binding
tr|F4C0R4|F4C0R4_METSG,GO:0035639,0.85633,purine ribonucleoside triphosphate binding
tr|F4C0R4|F4C0R4_METSG,GO:0032555,0.85581,purine ribonucleotide binding
tr|F4C0R4|F4C0R4_METSG,GO:0017076,0.84299,purine nucleotide binding
tr|F4C0R4|F4C0R4_METSG,GO:0005524,0.76480,ATP binding
tr|F4C0R4|F4C0R4_METSG,GO:0032559,0.76466,adenyl ribonucleotide binding
tr|F4C0R4|F4C0R4_METSG,GO:0030554,0.74661,adenyl nucleotide binding
tr|F4C0R4|F4C0R4_METSG,GO:0000287,0.14628,magnesium ion binding
tr|F4C0S9|F4C0S9_METSG,GO:0046914,0.11303,transition metal ion binding
tr|F4C0T2|F4C0T2_METSG,GO:0003735,0.19128,structural constituent of ribosome
tr|F4C0T2|F4C0T2_METSG,GO:0005198,0.15917,structural molecule activity
tr|F4C0T2|F4C0T2_METSG,GO:0003723,0.12847,RNA binding
tr|F4C0T3|F4C0T3_METSG,GO:0003723,0.17420,RNA binding
tr|F4C0T3|F4C0T3_METSG,GO:0097367,0.10775,carbohydrate derivative binding
tr|F4C0T5|F4C0T5_METSG,GO:0003735,0.33336,structural constituent of ribosome
tr|F4C0T5|F4C0T5_METSG,GO:0005198,0.29759,structural molecule activity
tr|F4C0T5|F4C0T5_METSG,GO:0003723,0.22586,RNA binding
tr|F4C0T5|F4C0T5_METSG,GO:0019843,0.18430,rRNA binding
tr|F4C0T5|F4C0T5_METSG,GO:0070180,0.15798,large ribosomal subunit rRNA binding
tr|F4C0V0|F4C0V0_METSG,GO:0097367,0.11458,carbohydrate derivative binding
tr|F4CC53|F4CC53_SPHS2,GO:0008233,0.17055,peptidase activity
tr|F4CC53|F4CC53_SPHS2,GO:0016798,0.16501,"hydrolase activity, acting on glycosyl bonds"
tr|F4CC53|F4CC53_SPHS2,GO:0140096,0.14026,"catalytic activity, acting on a protein"
tr|F4CC53|F4CC53_SPHS2,GO:0004553,0.13041,"hydrolase activity, hydrolyzing O-glycosyl compounds"
tr|F4L3Q0|F4L3Q0_HALH1,GO:0097367,0.23597,carbohydrate derivative binding
tr|F4L3Q0|F4L3Q0_HALH1,GO:0032555,0.21002,purine ribonucleotide binding
tr|F4L3Q0|F4L3Q0_HALH1,GO:0035639,0.20745,purine ribonucleoside triphosphate binding
tr|F4L3Q0|F4L3Q0_HALH1,GO:0032553,0.18441,ribonucleotide binding
tr|F4L3Q0|F4L3Q0_HALH1,GO:0017076,0.17868,purine nucleotide binding
tr|F4XG17|F4XG17_9FIRM,GO:0016620,0.99905,"oxidoreductase activity, acting on the aldehyde or oxo group of donors, NAD or NADP as acceptor"
tr|F4XG17|F4XG17_9FIRM,GO:0016903,0.99857,"oxidoreductase activity, acting on the aldehyde or oxo group of donors"
tr|F4XG17|F4XG17_9FIRM,GO:0050661,0.90112,NADP binding
tr|F4XG17|F4XG17_9FIRM,GO:0051287,0.88106,NAD binding
tr|F4XG17|F4XG17_9FIRM,GO:0043891,0.87928,glyceraldehyde-3-phosphate dehydrogenase (NAD(P)+) (phosphorylating) activity
tr|F4XG17|F4XG17_9FIRM,GO:0004365,0.86274,glyceraldehyde-3-phosphate dehydrogenase (NAD+) (phosphorylating) activity
tr|F4XRY7|F4XRY7_9CYAN,GO:0140096,0.11146,"catalytic activity, acting on a protein"
tr|F5BHA1|F5BHA1_MYCTX,GO:0046914,0.11242,transition metal ion binding
tr|F5IV93|F5IV93_9BACT,GO:0097367,0.13896,carbohydrate derivative binding
tr|F5IV93|F5IV93_9BACT,GO:0004553,0.11800,"hydrolase activity, hydrolyzing O-glycosyl compounds"
tr|F5IV93|F5IV93_9BACT,GO:0016798,0.10920,"hydrolase activity, acting on glycosyl bonds"
tr|F6D2X6|F6D2X6_METPW,GO:0008233,0.78986,peptidase activity
tr|F6D2X6|F6D2X6_METPW,GO:0140096,0.70559,"catalytic activity, acting on a protein"
tr|F6D2X6|F6D2X6_METPW,GO:0070003,0.67431,threonine-type peptidase activity
tr|F6D2X6|F6D2X6_METPW,GO:0004298,0.65880,threonine-type endopeptidase activity
tr|F6D2X6|F6D2X6_METPW,GO:0004175,0.62289,endopeptidase activity
tr|F6D382|F6D382_METPW,GO:0003723,0.14182,RNA binding
tr|F6D5H3|F6D5H3_METPW,GO:0051540,0.88375,metal cluster binding
tr|F6D5H3|F6D5H3_METPW,GO:0051536,0.88359,iron-sulfur cluster binding
tr|F6D5H3|F6D5H3_METPW,GO:0051539,0.84823,"4 iron, 4 sulfur cluster binding"
tr|F6D5H3|F6D5H3_METPW,GO:0046914,0.25826,transition metal ion binding
tr|F6D5H3|F6D5H3_METPW,GO:0016829,0.10825,lyase activity
tr|F6D5U5|F6D5U5_METPW,GO:0097367,0.14984,carbohydrate derivative binding
tr|F6D5U5|F6D5U5_METPW,GO:0016829,0.14569,lyase activity
tr|F6D5U5|F6D5U5_METPW,GO:0032553,0.12738,ribonucleotide binding
tr|F6D5U5|F6D5U5_METPW,GO:0046914,0.10205,transition metal ion binding
tr|F6D6U0|F6D6U0_METPW,GO:0015078,0.27262,proton transmembrane transporter activity
tr|F6D6U0|F6D6U0_METPW,GO:0016874,0.25565,ligase activity
tr|F6D6U0|F6D6U0_METPW,GO:0046933,0.25171,"proton-transporting ATP synthase activity, rotational mechanism"
tr|F6D6U0|F6D6U0_METPW,GO:0015252,0.24927,proton channel activity
tr|F6D6U0|F6D6U0_METPW,GO:0008324,0.22093,cation transmembrane transporter activity
tr|F6D6U0|F6D6U0_METPW,GO:0003723,0.21493,RNA binding
tr|F6D6U0|F6D6U0_METPW,GO:0015075,0.21354,ion transmembrane transporter activity
tr|F6D6U0|F6D6U0_METPW,GO:0022857,0.21065,transmembrane transporter activity
tr|F6D6U0|F6D6U0_METPW,GO:0030554,0.20956,adenyl nucleotide binding
tr|F6D6U0|F6D6U0_METPW,GO:0015318,0.20709,inorganic molecular entity transmembrane transporter activity
tr|F6D6U0|F6D6U0_METPW,GO:0022890,0.20327,inorganic cation transmembrane transporter activity
tr|F6D6U0|F6D6U0_METPW,GO:0005215,0.20216,transporter activity
tr|F6D6U0|F6D6U0_METPW,GO:0017076,0.19930,purine nucleotide binding
tr|F6D6U0|F6D6U0_METPW,GO:0097367,0.18620,carbohydrate derivative binding
tr|F6D6U0|F6D6U0_METPW,GO:0032553,0.17347,ribonucleotide binding
tr|F6D6U0|F6D6U0_METPW,GO:0032559,0.16961,adenyl ribonucleotide binding
tr|F6D6U0|F6D6U0_METPW,GO:0005524,0.16735,ATP binding
tr|F6D6U0|F6D6U0_METPW,GO:0015267,0.16715,channel activity
tr|F6D6U0|F6D6U0_METPW,GO:0022803,0.16699,passive transmembrane transporter activity
tr|F6D6U0|F6D6U0_METPW,GO:0005261,0.16698,cation channel activity
tr|F6D6U0|F6D6U0_METPW,GO:0032555,0.16144,purine ribonucleotide binding
tr|F6D6U0|F6D6U0_METPW,GO:0035639,0.16047,purine ribonucleoside triphosphate binding
tr|F6D6U0|F6D6U0_METPW,GO:0005216,0.15970,ion channel activity
tr|F6D738|F6D738_METPW,GO:0008233,0.10869,peptidase activity
tr|F6D7Y3|F6D7Y3_METPW,GO:0003677,0.15205,DNA binding
tr|F6D7Y5|F6D7Y5_METPW,GO:0140096,0.11368,"catalytic activity, acting on a protein"
tr|F6D7Y5|F6D7Y5_METPW,GO:0003677,0.10856,DNA binding
tr|F6D7Y5|F6D7Y5_METPW,GO:0046914,0.10484,transition metal ion binding
tr|F6D818|F6D818_METPW,GO:0051540,0.82637,metal cluster binding
tr|F6D818|F6D818_METPW,GO:0051536,0.82611,iron-sulfur cluster binding
tr|F6D818|F6D818_METPW,GO:0051539,0.80718,"4 iron, 4 sulfur cluster binding"
tr|F6D818|F6D818_METPW,GO:0046914,0.20591,transition metal ion binding
tr|F6D829|F6D829_METPW,GO:0097367,0.21095,carbohydrate derivative binding
tr|F6D829|F6D829_METPW,GO:0046914,0.19734,transition metal ion binding
tr|F6D829|F6D829_METPW,GO:0032553,0.18424,ribonucleotide binding
tr|F6D829|F6D829_METPW,GO:0017076,0.14986,purine nucleotide binding
tr|F6D829|F6D829_METPW,GO:0032555,0.14749,purine ribonucleotide binding
tr|F6D829|F6D829_METPW,GO:0035639,0.14353,purine ribonucleoside triphosphate binding
tr|F6D829|F6D829_METPW,GO:0008270,0.10190,zinc ion binding
tr|F7NEC2|F7NEC2_9FIRM,GO:0051536,0.52414,iron-sulfur cluster binding
tr|F7NEC2|F7NEC2_9FIRM,GO:0051540,0.52291,metal cluster binding
tr|F7NEC2|F7NEC2_9FIRM,GO:0051539,0.43505,"4 iron, 4 sulfur cluster binding"
tr|F7NEC2|F7NEC2_9FIRM,GO:0046914,0.30591,transition metal ion binding
tr|F7NEH6|F7NEH6_9FIRM,GO:0046914,0.12032,transition metal ion binding
tr|F7NEH6|F7NEH6_9FIRM,GO:0003723,0.11303,RNA binding
tr|F8C5N9|F8C5N9_THEGP,GO:0016798,0.16366,"hydrolase activity, acting on glycosyl bonds"
tr|F8C5N9|F8C5N9_THEGP,GO:0022857,0.12599,transmembrane transporter activity
tr|F8C5N9|F8C5N9_THEGP,GO:0005215,0.12316,transporter activity
tr|F8C5N9|F8C5N9_THEGP,GO:0140096,0.11602,"catalytic activity, acting on a protein"
tr|F8C5N9|F8C5N9_THEGP,GO:0008233,0.10346,peptidase activity
tr|F8EYL4|F8EYL4_GRAC1,GO:0030554,0.99887,adenyl nucleotide binding
tr|F8EYL4|F8EYL4_GRAC1,GO:0017076,0.99853,purine nucleotide binding
tr|F8EYL4|F8EYL4_GRAC1,GO:0032559,0.99836,adenyl ribonucleotide binding
tr|F8EYL4|F8EYL4_GRAC1,GO:0005524,0.99835,ATP binding
tr|F8EYL4|F8EYL4_GRAC1,GO:0032553,0.99795,ribonucleotide binding
tr|F8EYL4|F8EYL4_GRAC1,GO:0035639,0.99790,purine ribonucleoside triphosphate binding
tr|F8EYL4|F8EYL4_GRAC1,GO:0032555,0.99788,purine ribonucleotide binding
tr|F8EYL4|F8EYL4_GRAC1,GO:0097367,0.99768,carbohydrate derivative binding
tr|F8EYL4|F8EYL4_GRAC1,GO:0051082,0.94667,unfolded protein binding
tr|F8EZ43|F8EZ43_GRAC1,GO:0003677,0.20018,DNA binding
tr|F8EZ43|F8EZ43_GRAC1,GO:0097367,0.10216,carbohydrate derivative binding
tr|F8EZD4|F8EZD4_GRAC1,GO:0097367,0.17862,carbohydrate derivative binding
tr|F8EZD4|F8EZD4_GRAC1,GO:0032553,0.14526,ribonucleotide binding
tr|F8EZD4|F8EZD4_GRAC1,GO:0032555,0.13928,purine ribonucleotide binding
tr|F8EZD4|F8EZD4_GRAC1,GO:0017076,0.13859,purine nucleotide binding
tr|F8EZD4|F8EZD4_GRAC1,GO:0035639,0.13638,purine ribonucleoside triphosphate binding
tr|F8WSS2|F8WSS2_9NEIS,GO:0005198,0.10954,structural molecule activity
tr|F8X307|F8X307_9BACT,GO:0016798,0.15059,"hydrolase activity, acting on glycosyl bonds"
tr|F8X307|F8X307_9BACT,GO:0004553,0.10258,"hydrolase activity, hydrolyzing O-glycosyl compounds"
tr|G0L710|G0L710_ZOBGA,GO:0016798,0.12637,"hydrolase activity, acting on glycosyl bonds"
tr|G0L710|G0L710_ZOBGA,GO:0004553,0.12365,"hydrolase activity, hydrolyzing O-glycosyl compounds"
tr|G0L710|G0L710_ZOBGA,GO:0140096,0.10253,"catalytic activity, acting on a protein"
tr|G0V3W0|G0V3W0_9CLOT,GO:0097367,0.15573,carbohydrate derivative binding
tr|G0V3W0|G0V3W0_9CLOT,GO:0032553,0.14404,ribonucleotide binding
tr|G0V3W0|G0V3W0_9CLOT,GO:0017076,0.13074,purine nucleotide binding
tr|G0V3W0|G0V3W0_9CLOT,GO:0032555,0.12667,purine ribonucleotide binding
tr|G0V3W0|G0V3W0_9CLOT,GO:0035639,0.12291,purine ribonucleoside triphosphate binding
tr|G1UW22|G1UW22_9BACT,GO:0140096,0.11268,"catalytic activity, acting on a protein"
tr|G1V966|G1V966_9BACT,GO:0003723,0.12540,RNA binding
tr|G1VDM6|G1VDM6_9BACT,GO:0097367,0.19990,carbohydrate derivative binding
tr|G1VDM6|G1VDM6_9BACT,GO:0032553,0.17648,ribonucleotide binding
tr|G1VDM6|G1VDM6_9BACT,GO:0032555,0.16467,purine ribonucleotide binding
tr|G1VDM6|G1VDM6_9BACT,GO:0017076,0.16026,purine nucleotide binding
tr|G1VDM6|G1VDM6_9BACT,GO:0035639,0.16018,purine ribonucleoside triphosphate binding
tr|G2EHN0|G2EHN0_9FLAO,GO:0097367,0.59056,carbohydrate derivative binding
tr|G2EHN0|G2EHN0_9FLAO,GO:0035639,0.46205,purine ribonucleoside triphosphate binding
tr|G2EHN0|G2EHN0_9FLAO,GO:0032555,0.46101,purine ribonucleotide binding
tr|G2EHN0|G2EHN0_9FLAO,GO:0032553,0.44882,ribonucleotide binding
tr|G2EHN0|G2EHN0_9FLAO,GO:0017076,0.44768,purine nucleotide binding
tr|G2FJ73|G2FJ73_9GAMM,GO:0016614,0.42042,"oxidoreductase activity, acting on CH-OH group of donors"
tr|G2FJ73|G2FJ73_9GAMM,GO:0016616,0.40137,"oxidoreductase activity, acting on the CH-OH group of donors, NAD or NADP as acceptor"
tr|G2T0P2|G2T0P2_ROSHA,GO:0097367,0.14540,carbohydrate derivative binding
tr|G2T0P2|G2T0P2_ROSHA,GO:0032553,0.11178,ribonucleotide binding
tr|G3F6H2|G3F6H2_UNCAX,GO:0140096,0.18293,"catalytic activity, acting on a protein"
tr|G3F6H2|G3F6H2_UNCAX,GO:0046914,0.12667,transition metal ion binding
tr|G3F6H2|G3F6H2_UNCAX,GO:0009055,0.11954,electron transfer activity
tr|G3F6H2|G3F6H2_UNCAX,GO:0008233,0.11633,peptidase activity
tr|G3JZY0|G3JZY0_STROR,GO:0097367,0.17513,carbohydrate derivative binding
tr|G3JZY0|G3JZY0_STROR,GO:0032553,0.16072,ribonucleotide binding
tr|G3JZY0|G3JZY0_STROR,GO:0017076,0.13657,purine nucleotide binding
tr|G3JZY0|G3JZY0_STROR,GO:0003723,0.13602,RNA binding
tr|G3JZY0|G3JZY0_STROR,GO:0032555,0.13401,purine ribonucleotide binding
tr|G3JZY0|G3JZY0_STROR,GO:0035639,0.13067,purine ribonucleoside triphosphate binding
tr|G3JZY0|G3JZY0_STROR,GO:0030554,0.11004,adenyl nucleotide binding
tr|G3JZY0|G3JZY0_STROR,GO:0032559,0.10742,adenyl ribonucleotide binding
tr|G3JZY0|G3JZY0_STROR,GO:0005524,0.10498,ATP binding
tr|G3XHD3|G3XHD3_BOWSE,GO:0097367,0.21230,carbohydrate derivative binding
tr|G3XHD3|G3XHD3_BOWSE,GO:0032555,0.20117,purine ribonucleotide binding
tr|G3XHD3|G3XHD3_BOWSE,GO:0032553,0.19735,ribonucleotide binding
tr|G3XHD3|G3XHD3_BOWSE,GO:0035639,0.19686,purine ribonucleoside triphosphate binding
tr|G3XHD3|G3XHD3_BOWSE,GO:0017076,0.18560,purine nucleotide binding
tr|G3XHD3|G3XHD3_BOWSE,GO:0032559,0.13260,adenyl ribonucleotide binding
tr|G3XHD3|G3XHD3_BOWSE,GO:0005524,0.13140,ATP binding
tr|G3XHD3|G3XHD3_BOWSE,GO:0030554,0.12130,adenyl nucleotide binding
tr|G3XHD3|G3XHD3_BOWSE,GO:0140096,0.11011,"catalytic activity, acting on a protein"
tr|G4RG22|G4RG22_PELHB,GO:0032555,0.73326,purine ribonucleotide binding
tr|G4RG22|G4RG22_PELHB,GO:0035639,0.72419,purine ribonucleoside triphosphate binding
tr|G4RG22|G4RG22_PELHB,GO:0017076,0.72239,purine nucleotide binding
tr|G4RG22|G4RG22_PELHB,GO:0032553,0.71908,ribonucleotide binding
tr|G4RG22|G4RG22_PELHB,GO:0097367,0.69311,carbohydrate derivative binding
tr|G4RG22|G4RG22_PELHB,GO:0032559,0.67588,adenyl ribonucleotide binding
tr|G4RG22|G4RG22_PELHB,GO:0005524,0.67487,ATP binding
tr|G4RG22|G4RG22_PELHB,GO:0030554,0.66431,adenyl nucleotide binding
tr|G4RG22|G4RG22_PELHB,GO:0016772,0.33038,"transferase activity, transferring phosphorus-containing groups"
tr|G4RG22|G4RG22_PELHB,GO:0016773,0.26798,"phosphotransferase activity, alcohol group as acceptor"
tr|G4RG22|G4RG22_PELHB,GO:0016301,0.24221,kinase activity
tr|G4RG22|G4RG22_PELHB,GO:0140096,0.13571,"catalytic activity, acting on a protein"
tr|G4RG22|G4RG22_PELHB,GO:0016818,0.10922,"hydrolase activity, acting on acid anhydrides, in phosphorus-containing anhydrides"
tr|G4RG22|G4RG22_PELHB,GO:0016817,0.10910,"hydrolase activity, acting on acid anhydrides"
tr|G4T183|G4T183_META2,GO:0097367,0.10618,carbohydrate derivative binding
tr|G4V2P8|G4V2P8_9BRAS,GO:0140096,0.15326,"catalytic activity, acting on a protein"
tr|G4V2P8|G4V2P8_9BRAS,GO:0097367,0.12903,carbohydrate derivative binding
tr|G4V2P8|G4V2P8_9BRAS,GO:0016741,0.12642,"transferase activity, transferring one-carbon groups"
tr|G4V2P8|G4V2P8_9BRAS,GO:0016829,0.12348,lyase activity
tr|G4V2P8|G4V2P8_9BRAS,GO:0032553,0.12044,ribonucleotide binding
tr|G4V2P8|G4V2P8_9BRAS,GO:0032555,0.11141,purine ribonucleotide binding
tr|G4V2P8|G4V2P8_9BRAS,GO:0032559,0.11061,adenyl ribonucleotide binding
tr|G4V2P8|G4V2P8_9BRAS,GO:0017076,0.10830,purine nucleotide binding
tr|G4V2P8|G4V2P8_9BRAS,GO:0030554,0.10798,adenyl nucleotide binding
tr|G4V2P8|G4V2P8_9BRAS,GO:0008168,0.10583,methyltransferase activity
tr|G4V2P8|G4V2P8_9BRAS,GO:0005524,0.10523,ATP binding
tr|G4V2P8|G4V2P8_9BRAS,GO:0035639,0.10481,purine ribonucleoside triphosphate binding
tr|G5CBT7|G5CBT7_MALDO,GO:0140096,0.42112,"catalytic activity, acting on a protein"
tr|G5CBT7|G5CBT7_MALDO,GO:0097367,0.32658,carbohydrate derivative binding
tr|G5CBT7|G5CBT7_MALDO,GO:0032553,0.30786,ribonucleotide binding
tr|G5CBT7|G5CBT7_MALDO,GO:0032555,0.23526,purine ribonucleotide binding
tr|G5CBT7|G5CBT7_MALDO,GO:0035639,0.22704,purine ribonucleoside triphosphate binding
tr|G5CBT7|G5CBT7_MALDO,GO:0017076,0.21305,purine nucleotide binding
tr|G5CBT7|G5CBT7_MALDO,GO:0032559,0.17202,adenyl ribonucleotide binding
tr|G5CBT7|G5CBT7_MALDO,GO:0005524,0.16925,ATP binding
tr|G5CBT7|G5CBT7_MALDO,GO:0030554,0.15436,adenyl nucleotide binding
tr|G5CBT7|G5CBT7_MALDO,GO:0008233,0.11863,peptidase activity
tr|G5CBT9|G5CBT9_MALDO,GO:0140096,0.49078,"catalytic activity, acting on a protein"
tr|G5CBT9|G5CBT9_MALDO,GO:0097367,0.32554,carbohydrate derivative binding
tr|G5CBT9|G5CBT9_MALDO,GO:0032553,0.29287,ribonucleotide binding
tr|G5CBT9|G5CBT9_MALDO,GO:0032559,0.26472,adenyl ribonucleotide binding
tr|G5CBT9|G5CBT9_MALDO,GO:0032555,0.26396,purine ribonucleotide binding
tr|G5CBT9|G5CBT9_MALDO,GO:0005524,0.26332,ATP binding
tr|G5CBT9|G5CBT9_MALDO,GO:0035639,0.25792,purine ribonucleoside triphosphate binding
tr|G5CBT9|G5CBT9_MALDO,GO:0030554,0.24114,adenyl nucleotide binding
tr|G5CBT9|G5CBT9_MALDO,GO:0017076,0.24077,purine nucleotide binding
tr|G5CBT9|G5CBT9_MALDO,GO:0008233,0.18857,peptidase activity
tr|G5HGM3|G5HGM3_9FIRM,GO:0097367,0.14128,carbohydrate derivative binding
tr|G5HGM3|G5HGM3_9FIRM,GO:0032559,0.11803,adenyl ribonucleotide binding
tr|G5HGM3|G5HGM3_9FIRM,GO:0005524,0.11503,ATP binding
tr|G5HGM3|G5HGM3_9FIRM,GO:0032553,0.11375,ribonucleotide binding
tr|G5HGM3|G5HGM3_9FIRM,GO:0030554,0.11230,adenyl nucleotide binding
tr|G5HMI0|G5HMI0_9FIRM,GO:0097367,0.17351,carbohydrate derivative binding
tr|G5HMI0|G5HMI0_9FIRM,GO:0032553,0.14341,ribonucleotide binding
tr|G5HMI0|G5HMI0_9FIRM,GO:0032555,0.11792,purine ribonucleotide binding
tr|G5HMI0|G5HMI0_9FIRM,GO:0035639,0.11538,purine ribonucleoside triphosphate binding
tr|G5HMI0|G5HMI0_9FIRM,GO:0017076,0.11287,purine nucleotide binding
tr|G6FMN6|G6FMN6_9CYAN,GO:0097367,0.24310,carbohydrate derivative binding
tr|G6FMN6|G6FMN6_9CYAN,GO:0032553,0.21922,ribonucleotide binding
tr|G6FMN6|G6FMN6_9CYAN,GO:0017076,0.18098,purine nucleotide binding
tr|G6FMN6|G6FMN6_9CYAN,GO:0032555,0.18050,purine ribonucleotide binding
tr|G6FMN6|G6FMN6_9CYAN,GO:0035639,0.17595,purine ribonucleoside triphosphate binding
tr|G6FMN6|G6FMN6_9CYAN,GO:0030554,0.14202,adenyl nucleotide binding
tr|G6FMN6|G6FMN6_9CYAN,GO:0032559,0.14155,adenyl ribonucleotide binding
tr|G6FMN6|G6FMN6_9CYAN,GO:0005524,0.13884,ATP binding
tr|G6FMN6|G6FMN6_9CYAN,GO:0016829,0.10533,lyase activity
tr|G7LU14|G7LU14_9GAMM,GO:0051287,0.85960,NAD binding
tr|G7LU14|G7LU14_9GAMM,GO:0016620,0.71532,"oxidoreductase activity, acting on the aldehyde or oxo group of donors, NAD or NADP as acceptor"
tr|G7LU14|G7LU14_9GAMM,GO:0016903,0.67919,"oxidoreductase activity, acting on the aldehyde or oxo group of donors"
tr|G7LU14|G7LU14_9GAMM,GO:0046983,0.61247,protein dimerization activity
tr|G7LU14|G7LU14_9GAMM,GO:0050661,0.21478,NADP binding
tr|G7LU14|G7LU14_9GAMM,GO:0016627,0.13750,"oxidoreductase activity, acting on the CH-CH group of donors"
tr|G7LU14|G7LU14_9GAMM,GO:0016614,0.12932,"oxidoreductase activity, acting on CH-OH group of donors"
tr|G7LU14|G7LU14_9GAMM,GO:0016616,0.11644,"oxidoreductase activity, acting on the CH-OH group of donors, NAD or NADP as acceptor"
tr|G7Q9I9|G7Q9I9_9BACT,GO:0051536,0.25062,iron-sulfur cluster binding
tr|G7Q9I9|G7Q9I9_9BACT,GO:0051540,0.25033,metal cluster binding
tr|G7Q9I9|G7Q9I9_9BACT,GO:0046914,0.21916,transition metal ion binding
tr|G7Q9I9|G7Q9I9_9BACT,GO:0051539,0.20022,"4 iron, 4 sulfur cluster binding"
tr|G7TFL4|G7TFL4_XANOB,GO:0097367,0.22820,carbohydrate derivative binding
tr|G7TFL4|G7TFL4_XANOB,GO:0032553,0.16409,ribonucleotide binding
tr|G7TFL4|G7TFL4_XANOB,GO:0004553,0.12187,"hydrolase activity, hydrolyzing O-glycosyl compounds"
tr|G7TFL4|G7TFL4_XANOB,GO:0016798,0.11849,"hydrolase activity, acting on glycosyl bonds"
tr|G7TFL4|G7TFL4_XANOB,GO:0032555,0.10258,purine ribonucleotide binding
tr|G7TFL4|G7TFL4_XANOB,GO:0035639,0.10093,purine ribonucleoside triphosphate binding
tr|G7TLM7|G7TLM7_XANOB,GO:0097367,0.15639,carbohydrate derivative binding
tr|G7TLM7|G7TLM7_XANOB,GO:0140096,0.12973,"catalytic activity, acting on a protein"
tr|G7TLM7|G7TLM7_XANOB,GO:0016798,0.12596,"hydrolase activity, acting on glycosyl bonds"
tr|G7TLM7|G7TLM7_XANOB,GO:0004553,0.12582,"hydrolase activity, hydrolyzing O-glycosyl compounds"
tr|G7TLM7|G7TLM7_XANOB,GO:0008233,0.11253,peptidase activity
tr|G7TLM7|G7TLM7_XANOB,GO:0032553,0.10047,ribonucleotide binding
tr|G7V633|G7V633_THELD,GO:0097367,0.37151,carbohydrate derivative binding
tr|G7V633|G7V633_THELD,GO:0017076,0.35449,purine nucleotide binding
tr|G7V633|G7V633_THELD,GO:0032555,0.33646,purine ribonucleotide binding
tr|G7V633|G7V633_THELD,GO:0035639,0.33285,purine ribonucleoside triphosphate binding
tr|G7V633|G7V633_THELD,GO:0032553,0.32989,ribonucleotide binding
tr|G7V633|G7V633_THELD,GO:0030554,0.30052,adenyl nucleotide binding
tr|G7V633|G7V633_THELD,GO:0032559,0.28319,adenyl ribonucleotide binding
tr|G7V633|G7V633_THELD,GO:0005524,0.27937,ATP binding
tr|G7V798|G7V798_THELD,GO:0097367,0.10348,carbohydrate derivative binding
tr|G7V7E8|G7V7E8_THELD,GO:0016874,0.15375,ligase activity
tr|G7V7E8|G7V7E8_THELD,GO:0097367,0.12033,carbohydrate derivative binding
tr|G7V7E8|G7V7E8_THELD,GO:0032553,0.11559,ribonucleotide binding
tr|G7V7E8|G7V7E8_THELD,GO:0017076,0.10852,purine nucleotide binding
tr|G7V7E8|G7V7E8_THELD,GO:0032555,0.10631,purine ribonucleotide binding
tr|G7V7E8|G7V7E8_THELD,GO:0030554,0.10353,adenyl nucleotide binding
tr|G7V7E8|G7V7E8_THELD,GO:0032559,0.10114,adenyl ribonucleotide binding
tr|G7V893|G7V893_THELD,GO:0003677,0.13147,DNA binding
tr|G7V8I7|G7V8I7_THELD,GO:0097367,0.12648,carbohydrate derivative binding
tr|G7V8I7|G7V8I7_THELD,GO:0032553,0.11588,ribonucleotide binding
tr|G7V8K9|G7V8K9_THELD,GO:0097367,0.10458,carbohydrate derivative binding
tr|G7V8M3|G7V8M3_THELD,GO:0097367,0.10327,carbohydrate derivative binding
tr|G7V8M3|G7V8M3_THELD,GO:0032559,0.10032,adenyl ribonucleotide binding
tr|G7V8P5|G7V8P5_THELD,GO:0017076,0.99953,purine nucleotide binding
tr|G7V8P5|G7V8P5_THELD,GO:0032553,0.99949,ribonucleotide binding
tr|G7V8P5|G7V8P5_THELD,GO:0035639,0.99941,purine ribonucleoside triphosphate binding
tr|G7V8P5|G7V8P5_THELD,GO:0032555,0.99941,purine ribonucleotide binding
tr|G7V8P5|G7V8P5_THELD,GO:0030554,0.99937,adenyl nucleotide binding
tr|G7V8P5|G7V8P5_THELD,GO:0097367,0.99935,carbohydrate derivative binding
tr|G7V8P5|G7V8P5_THELD,GO:0032559,0.99919,adenyl ribonucleotide binding
tr|G7V8P5|G7V8P5_THELD,GO:0005524,0.99919,ATP binding
tr|G7V8P5|G7V8P5_THELD,GO:0051082,0.91846,unfolded protein binding
tr|G7WKA8|G7WKA8_METH6,GO:0140096,0.17644,"catalytic activity, acting on a protein"
tr|G7WKA8|G7WKA8_METH6,GO:0097367,0.10116,carbohydrate derivative binding
tr|G7WKC0|G7WKC0_METH6,GO:0016829,0.19508,lyase activity
tr|G7WKC0|G7WKC0_METH6,GO:0000287,0.12376,magnesium ion binding
tr|G7WKQ8|G7WKQ8_METH6,GO:0097367,0.14841,carbohydrate derivative binding
tr|G7WKQ8|G7WKQ8_METH6,GO:0032553,0.12205,ribonucleotide binding
tr|G7WKQ8|G7WKQ8_METH6,GO:0032555,0.10061,purine ribonucleotide binding
tr|G7WL91|G7WL91_METH6,GO:0097367,0.45821,carbohydrate derivative binding
tr|G7WL91|G7WL91_METH6,GO:0032553,0.42214,ribonucleotide binding
tr|G7WL91|G7WL91_METH6,GO:0032555,0.39311,purine ribonucleotide binding
tr|G7WL91|G7WL91_METH6,GO:0032559,0.38874,adenyl ribonucleotide binding
tr|G7WL91|G7WL91_METH6,GO:0035639,0.38436,purine ribonucleoside triphosphate binding
tr|G7WL91|G7WL91_METH6,GO:0005524,0.38156,ATP binding
tr|G7WL91|G7WL91_METH6,GO:0017076,0.37506,purine nucleotide binding
tr|G7WL91|G7WL91_METH6,GO:0030554,0.37153,adenyl nucleotide binding
tr|G7WL91|G7WL91_METH6,GO:0140096,0.17022,"catalytic activity, acting on a protein"
tr|G7WMJ5|G7WMJ5_METH6,GO:0097367,0.39556,carbohydrate derivative binding
tr|G7WMJ5|G7WMJ5_METH6,GO:0032555,0.34441,purine ribonucleotide binding
tr|G7WMJ5|G7WMJ5_METH6,GO:0032553,0.34164,ribonucleotide binding
tr|G7WMJ5|G7WMJ5_METH6,GO:0035639,0.33548,purine ribonucleoside triphosphate binding
tr|G7WMJ5|G7WMJ5_METH6,GO:0017076,0.32083,purine nucleotide binding
tr|G7WMJ5|G7WMJ5_METH6,GO:0032559,0.27801,adenyl ribonucleotide binding
tr|G7WMJ5|G7WMJ5_METH6,GO:0005524,0.27187,ATP binding
tr|G7WMJ5|G7WMJ5_METH6,GO:0030554,0.25732,adenyl nucleotide binding
tr|G7WN84|G7WN84_METH6,GO:0097367,0.31130,carbohydrate derivative binding
tr|G7WN84|G7WN84_METH6,GO:0032553,0.30882,ribonucleotide binding
tr|G7WN84|G7WN84_METH6,GO:0032555,0.26768,purine ribonucleotide binding
tr|G7WN84|G7WN84_METH6,GO:0017076,0.26452,purine nucleotide binding
tr|G7WN84|G7WN84_METH6,GO:0035639,0.26087,purine ribonucleoside triphosphate binding
tr|G7WN84|G7WN84_METH6,GO:0032559,0.24166,adenyl ribonucleotide binding
tr|G7WN84|G7WN84_METH6,GO:0030554,0.23925,adenyl nucleotide binding
tr|G7WN84|G7WN84_METH6,GO:0005524,0.23595,ATP binding
tr|G7WN84|G7WN84_METH6,GO:0140096,0.11932,"catalytic activity, acting on a protein"
tr|G7WN84|G7WN84_METH6,GO:0016853,0.10754,isomerase activity
tr|G7WN84|G7WN84_METH6,GO:0016874,0.10746,ligase activity
tr|G7WNF5|G7WNF5_METH6,GO:0046914,0.15800,transition metal ion binding
tr|G7WNF5|G7WNF5_METH6,GO:0097367,0.10772,carbohydrate derivative binding
tr|G7WNH4|G7WNH4_METH6,GO:0046914,0.22321,transition metal ion binding
tr|G7WNH4|G7WNH4_METH6,GO:0140096,0.11256,"catalytic activity, acting on a protein"
tr|G7WNW1|G7WNW1_METH6,GO:0097367,0.21782,carbohydrate derivative binding
tr|G7WNW1|G7WNW1_METH6,GO:0032553,0.18949,ribonucleotide binding
tr|G7WNW1|G7WNW1_METH6,GO:0032555,0.14196,purine ribonucleotide binding
tr|G7WNW1|G7WNW1_METH6,GO:0035639,0.13870,purine ribonucleoside triphosphate binding
tr|G7WNW1|G7WNW1_METH6,GO:0017076,0.13450,purine nucleotide binding
tr|G7WNW7|G7WNW7_METH6,GO:0046914,0.13079,transition metal ion binding
tr|G7WPK5|G7WPK5_METH6,GO:0097367,0.16959,carbohydrate derivative binding
tr|G7WPK5|G7WPK5_METH6,GO:0032553,0.14220,ribonucleotide binding
tr|G7WPK5|G7WPK5_METH6,GO:0032555,0.12236,purine ribonucleotide binding
tr|G7WPK5|G7WPK5_METH6,GO:0035639,0.12120,purine ribonucleoside triphosphate binding
tr|G7WPK5|G7WPK5_METH6,GO:0017076,0.11773,purine nucleotide binding
tr|G7WPU2|G7WPU2_METH6,GO:0140096,0.17923,"catalytic activity, acting on a protein"
tr|G7WPU2|G7WPU2_METH6,GO:0097367,0.16854,carbohydrate derivative binding
tr|G7WPU2|G7WPU2_METH6,GO:0032553,0.16409,ribonucleotide binding
tr|G7WPU2|G7WPU2_METH6,GO:0032555,0.14690,purine ribonucleotide binding
tr|G7WPU2|G7WPU2_METH6,GO:0035639,0.14280,purine ribonucleoside triphosphate binding
tr|G7WPU2|G7WPU2_METH6,GO:0017076,0.14138,purine nucleotide binding
tr|G7WPU2|G7WPU2_METH6,GO:0046914,0.10375,transition metal ion binding
tr|G7WPU2|G7WPU2_METH6,GO:0016788,0.10365,"hydrolase activity, acting on ester bonds"
tr|G7WQG4|G7WQG4_METH6,GO:0140096,0.81164,"catalytic activity, acting on a protein"
tr|G7WQG4|G7WQG4_METH6,GO:0008233,0.71531,peptidase activity
tr|G7WQG4|G7WQG4_METH6,GO:0004175,0.57244,endopeptidase activity
tr|G7WQG4|G7WQG4_METH6,GO:0004298,0.47314,threonine-type endopeptidase activity
tr|G7WQG4|G7WQG4_METH6,GO:0070003,0.46145,threonine-type peptidase activity
tr|G7WR46|G7WR46_METH6,GO:0003677,0.19719,DNA binding
tr|G7WR46|G7WR46_METH6,GO:0097367,0.15489,carbohydrate derivative binding
tr|G7WR46|G7WR46_METH6,GO:0032553,0.14985,ribonucleotide binding
tr|G7WR46|G7WR46_METH6,GO:0003723,0.14770,RNA binding
tr|G7WR46|G7WR46_METH6,GO:0032555,0.13888,purine ribonucleotide binding
tr|G7WR46|G7WR46_METH6,GO:0017076,0.13780,purine nucleotide binding
tr|G7WR46|G7WR46_METH6,GO:0035639,0.13374,purine ribonucleoside triphosphate binding
tr|G7WR46|G7WR46_METH6,GO:0032559,0.12086,adenyl ribonucleotide binding
tr|G7WR46|G7WR46_METH6,GO:0030554,0.12073,adenyl nucleotide binding
tr|G7WR46|G7WR46_METH6,GO:0140098,0.11756,"catalytic activity, acting on RNA"
tr|G7WR46|G7WR46_METH6,GO:0005524,0.11670,ATP binding
tr|G7WR46|G7WR46_METH6,GO:0016788,0.10709,"hydrolase activity, acting on ester bonds"
tr|G7WRG7|G7WRG7_METH6,GO:0051540,0.79073,metal cluster binding
tr|G7WRG7|G7WRG7_METH6,GO:0051536,0.79045,iron-sulfur cluster binding
tr|G7WRG7|G7WRG7_METH6,GO:0051539,0.74015,"4 iron, 4 sulfur cluster binding"
tr|G7WRG7|G7WRG7_METH6,GO:0046914,0.32153,transition metal ion binding
tr|G7WRG7|G7WRG7_METH6,GO:0097367,0.14232,carbohydrate derivative binding
tr|G7WRG7|G7WRG7_METH6,GO:0008270,0.14164,zinc ion binding
tr|G7WRG7|G7WRG7_METH6,GO:0032553,0.13037,ribonucleotide binding
tr|G7WRG7|G7WRG7_METH6,GO:0005506,0.12632,iron ion binding
tr|G7WRG7|G7WRG7_METH6,GO:0032559,0.12088,adenyl ribonucleotide binding
tr|G7WRG7|G7WRG7_METH6,GO:0030554,0.11931,adenyl nucleotide binding
tr|G7WRG7|G7WRG7_METH6,GO:0005524,0.11859,ATP binding
tr|G7WRG7|G7WRG7_METH6,GO:0032555,0.11512,purine ribonucleotide binding
tr|G7WRG7|G7WRG7_METH6,GO:0017076,0.11309,purine nucleotide binding
tr|G7WRG7|G7WRG7_METH6,GO:0035639,0.11263,purine ribonucleoside triphosphate binding
tr|G8CTG9|G8CTG9_9CAUD,GO:0097367,0.15802,carbohydrate derivative binding
tr|G8CTG9|G8CTG9_9CAUD,GO:0032553,0.14165,ribonucleotide binding
tr|G8CTG9|G8CTG9_9CAUD,GO:0016788,0.12616,"hydrolase activity, acting on ester bonds"
tr|G8CTG9|G8CTG9_9CAUD,GO:0032555,0.11862,purine ribonucleotide binding
tr|G8CTG9|G8CTG9_9CAUD,GO:0017076,0.11505,purine nucleotide binding
tr|G8CTG9|G8CTG9_9CAUD,GO:0035639,0.11450,purine ribonucleoside triphosphate binding
tr|G8HQP8|G8HQP8_CLOBO,GO:0016829,0.76106,lyase activity
tr|G8HQP8|G8HQP8_CLOBO,GO:0016835,0.60100,carbon-oxygen lyase activity
tr|G8HQP8|G8HQP8_CLOBO,GO:0016836,0.59935,hydro-lyase activity
tr|G8HQR6|G8HQR6_CLOBO,GO:0003924,0.99992,GTPase activity
tr|G8HQR6|G8HQR6_CLOBO,GO:0032550,0.99991,purine ribonucleoside binding
tr|G8HQR6|G8HQR6_CLOBO,GO:0001883,0.99991,purine nucleoside binding
tr|G8HQR6|G8HQR6_CLOBO,GO:0019001,0.99990,guanyl nucleotide binding
tr|G8HQR6|G8HQR6_CLOBO,GO:0005525,0.99990,GTP binding
tr|G8HQR6|G8HQR6_CLOBO,GO:0032549,0.99989,ribonucleoside binding
tr|G8HQR6|G8HQR6_CLOBO,GO:0032561,0.99989,guanyl ribonucleotide binding
tr|G8HQR6|G8HQR6_CLOBO,GO:0001882,0.99989,nucleoside binding
tr|G8HQR6|G8HQR6_CLOBO,GO:0016818,0.99978,"hydrolase activity, acting on acid anhydrides, in phosphorus-containing anhydrides"
tr|G8HQR6|G8HQR6_CLOBO,GO:0016817,0.99977,"hydrolase activity, acting on acid anhydrides"
tr|G8HQR6|G8HQR6_CLOBO,GO:0016462,0.99967,pyrophosphatase activity
tr|G8HQR6|G8HQR6_CLOBO,GO:0017111,0.99892,nucleoside-triphosphatase activity
tr|G8HQR6|G8HQR6_CLOBO,GO:0008135,0.99757,"translation factor activity, RNA binding"
tr|G8HQR6|G8HQR6_CLOBO,GO:0090079,0.99752,"translation regulator activity, nucleic acid binding"
tr|G8HQR6|G8HQR6_CLOBO,GO:0045182,0.99752,translation regulator activity
tr|G8HQR6|G8HQR6_CLOBO,GO:0032553,0.97323,ribonucleotide binding
tr|G8HQR6|G8HQR6_CLOBO,GO:0097367,0.97178,carbohydrate derivative binding
tr|G8HQR6|G8HQR6_CLOBO,GO:0003723,0.96713,RNA binding
tr|G8HQR6|G8HQR6_CLOBO,GO:0032555,0.95557,purine ribonucleotide binding
tr|G8HQR6|G8HQR6_CLOBO,GO:0035639,0.95526,purine ribonucleoside triphosphate binding
tr|G8HQR6|G8HQR6_CLOBO,GO:0017076,0.95517,purine nucleotide binding
tr|G8HQR6|G8HQR6_CLOBO,GO:0003746,0.93904,translation elongation factor activity
tr|G8QRB0|G8QRB0_SPHPG,GO:0097367,0.17058,carbohydrate derivative binding
tr|G8QRB0|G8QRB0_SPHPG,GO:0032553,0.14722,ribonucleotide binding
tr|G8QRB0|G8QRB0_SPHPG,GO:0032555,0.12738,purine ribonucleotide binding
tr|G8QRB0|G8QRB0_SPHPG,GO:0035639,0.12183,purine ribonucleoside triphosphate binding
tr|G8QRB0|G8QRB0_SPHPG,GO:0017076,0.11773,purine nucleotide binding
tr|G8R3D9|G8R3D9_OWEHD,GO:0140096,0.10035,"catalytic activity, acting on a protein"
tr|G8R3G4|G8R3G4_OWEHD,GO:0016798,0.25936,"hydrolase activity, acting on glycosyl bonds"
tr|G8R3G4|G8R3G4_OWEHD,GO:0008233,0.25015,peptidase activity
tr|G8R3G4|G8R3G4_OWEHD,GO:0140096,0.22562,"catalytic activity, acting on a protein"
tr|G8R3G4|G8R3G4_OWEHD,GO:0004553,0.16972,"hydrolase activity, hydrolyzing O-glycosyl compounds"
tr|G8R3G4|G8R3G4_OWEHD,GO:0017171,0.15454,serine hydrolase activity
tr|G8R3G4|G8R3G4_OWEHD,GO:0008236,0.15447,serine-type peptidase activity
tr|G8R3G4|G8R3G4_OWEHD,GO:0004175,0.10681,endopeptidase activity
tr|G8UM80|G8UM80_TANFA,GO:0140096,0.30187,"catalytic activity, acting on a protein"
tr|G8UM80|G8UM80_TANFA,GO:0008233,0.19235,peptidase activity
tr|G9LNI9|G9LNI9_9ASPA,GO:0016779,0.81017,nucleotidyltransferase activity
tr|G9LNI9|G9LNI9_9ASPA,GO:0016772,0.69652,"transferase activity, transferring phosphorus-containing groups"
tr|G9LNI9|G9LNI9_9ASPA,GO:0003677,0.67403,DNA binding
tr|G9LNI9|G9LNI9_9ASPA,GO:0140098,0.53053,"catalytic activity, acting on RNA"
tr|G9LNI9|G9LNI9_9ASPA,GO:0097747,0.47549,RNA polymerase activity
tr|G9LNI9|G9LNI9_9ASPA,GO:0034062,0.47420,5'-3' RNA polymerase activity
tr|G9LNI9|G9LNI9_9ASPA,GO:0003899,0.39440,DNA-directed 5'-3' RNA polymerase activity
tr|G9LNI9|G9LNI9_9ASPA,GO:0046914,0.37556,transition metal ion binding
tr|G9LNI9|G9LNI9_9ASPA,GO:0008270,0.35164,zinc ion binding
tr|G9LNI9|G9LNI9_9ASPA,GO:0097367,0.16817,carbohydrate derivative binding
tr|G9LNI9|G9LNI9_9ASPA,GO:0000287,0.13162,magnesium ion binding
tr|G9LNI9|G9LNI9_9ASPA,GO:0032553,0.12920,ribonucleotide binding
tr|G9LNI9|G9LNI9_9ASPA,GO:0032555,0.12150,purine ribonucleotide binding
tr|G9LNI9|G9LNI9_9ASPA,GO:0035639,0.11897,purine ribonucleoside triphosphate binding
tr|G9LNI9|G9LNI9_9ASPA,GO:0017076,0.11116,purine nucleotide binding
tr|G9XCY3|G9XCY3_9FIRM,GO:0097367,0.12789,carbohydrate derivative binding
tr|G9XCY3|G9XCY3_9FIRM,GO:0032553,0.12052,ribonucleotide binding
tr|G9XCY3|G9XCY3_9FIRM,GO:0017076,0.11509,purine nucleotide binding
tr|G9XCY3|G9XCY3_9FIRM,GO:0032555,0.10992,purine ribonucleotide binding
tr|G9XCY3|G9XCY3_9FIRM,GO:0035639,0.10391,purine ribonucleoside triphosphate binding
tr|H0UJ41|H0UJ41_9BACT,GO:0046914,0.17093,transition metal ion binding
tr|H0UJ41|H0UJ41_9BACT,GO:0097367,0.14350,carbohydrate derivative binding
tr|H0UJ41|H0UJ41_9BACT,GO:0032553,0.13287,ribonucleotide binding
tr|H0UJ41|H0UJ41_9BACT,GO:0032559,0.11765,adenyl ribonucleotide binding
tr|H0UJ41|H0UJ41_9BACT,GO:0005524,0.11713,ATP binding
tr|H0UJ41|H0UJ41_9BACT,GO:0032555,0.11626,purine ribonucleotide binding
tr|H0UJ41|H0UJ41_9BACT,GO:0035639,0.11370,purine ribonucleoside triphosphate binding
tr|H0UJ41|H0UJ41_9BACT,GO:0030554,0.11014,adenyl nucleotide binding
tr|H0UJ41|H0UJ41_9BACT,GO:0017076,0.10857,purine nucleotide binding
tr|H0UK06|H0UK06_9BACT,GO:0046914,0.12244,transition metal ion binding
tr|H0UK06|H0UK06_9BACT,GO:0140096,0.10420,"catalytic activity, acting on a protein"
tr|H0UK06|H0UK06_9BACT,GO:0003677,0.10072,DNA binding
tr|H0UK06|H0UK06_9BACT,GO:0003723,0.10063,RNA binding
tr|H0UQE1|H0UQE1_9BACT,GO:0017076,0.99900,purine nucleotide binding
tr|H0UQE1|H0UQE1_9BACT,GO:0030554,0.99884,adenyl nucleotide binding
tr|H0UQE1|H0UQE1_9BACT,GO:0032553,0.99877,ribonucleotide binding
tr|H0UQE1|H0UQE1_9BACT,GO:0035639,0.99872,purine ribonucleoside triphosphate binding
tr|H0UQE1|H0UQE1_9BACT,GO:0032555,0.99870,purine ribonucleotide binding
tr|H0UQE1|H0UQE1_9BACT,GO:0005524,0.99850,ATP binding
tr|H0UQE1|H0UQE1_9BACT,GO:0032559,0.99849,adenyl ribonucleotide binding
tr|H0UQE1|H0UQE1_9BACT,GO:0097367,0.99849,carbohydrate derivative binding
tr|H0UQE1|H0UQE1_9BACT,GO:0051082,0.87320,unfolded protein binding
tr|H0USJ8|H0USJ8_9BACT,GO:0016874,0.12065,ligase activity
tr|H0USJ8|H0USJ8_9BACT,GO:0097367,0.10398,carbohydrate derivative binding
tr|H1XX94|H1XX94_CALAY,GO:0097367,0.17310,carbohydrate derivative binding
tr|H1XX94|H1XX94_CALAY,GO:0032553,0.13113,ribonucleotide binding
tr|H1XX94|H1XX94_CALAY,GO:0032555,0.12067,purine ribonucleotide binding
tr|H1XX94|H1XX94_CALAY,GO:0035639,0.11541,purine ribonucleoside triphosphate binding
tr|H1XX94|H1XX94_CALAY,GO:0017076,0.11117,purine nucleotide binding
tr|H1XX94|H1XX94_CALAY,GO:0032559,0.10918,adenyl ribonucleotide binding
tr|H1XX94|H1XX94_CALAY,GO:0005524,0.10605,ATP binding
tr|H1XX94|H1XX94_CALAY,GO:0030554,0.10056,adenyl nucleotide binding
tr|H1XYF8|H1XYF8_CALAY,GO:0097367,0.44043,carbohydrate derivative binding
tr|H1XYF8|H1XYF8_CALAY,GO:0032553,0.37252,ribonucleotide binding
tr|H1XYF8|H1XYF8_CALAY,GO:0032555,0.30996,purine ribonucleotide binding
tr|H1XYF8|H1XYF8_CALAY,GO:0035639,0.30329,purine ribonucleoside triphosphate binding
tr|H1XYF8|H1XYF8_CALAY,GO:0017076,0.29381,purine nucleotide binding
tr|H1XYF8|H1XYF8_CALAY,GO:0032559,0.23457,adenyl ribonucleotide binding
tr|H1XYF8|H1XYF8_CALAY,GO:0005524,0.23130,ATP binding
tr|H1XYF8|H1XYF8_CALAY,GO:0030554,0.22090,adenyl nucleotide binding
tr|H1YXH1|H1YXH1_9EURY,GO:0016829,0.11568,lyase activity
tr|H2BX39|H2BX39_GILLR,GO:0097367,0.27853,carbohydrate derivative binding
tr|H2BX39|H2BX39_GILLR,GO:0032555,0.23020,purine ribonucleotide binding
tr|H2BX39|H2BX39_GILLR,GO:0035639,0.22949,purine ribonucleoside triphosphate binding
tr|H2BX39|H2BX39_GILLR,GO:0017076,0.21821,purine nucleotide binding
tr|H2BX39|H2BX39_GILLR,GO:0032553,0.20858,ribonucleotide binding
tr|H2BX39|H2BX39_GILLR,GO:0140096,0.16491,"catalytic activity, acting on a protein"
tr|H2CBF1|H2CBF1_9LEPT,GO:0003677,0.16138,DNA binding
tr|H2CF33|H2CF33_9LEPT,GO:0003677,0.20170,DNA binding
tr|H2EIF6|H2EIF6_MALDO,GO:0046914,0.11195,transition metal ion binding
tr|H2J318|H2J318_MARPK,GO:0097367,0.14469,carbohydrate derivative binding
tr|H2J318|H2J318_MARPK,GO:0032553,0.13326,ribonucleotide binding
tr|H2J318|H2J318_MARPK,GO:0032555,0.12882,purine ribonucleotide binding
tr|H2J318|H2J318_MARPK,GO:0035639,0.12216,purine ribonucleoside triphosphate binding
tr|H2J318|H2J318_MARPK,GO:0017076,0.11886,purine nucleotide binding
tr|H2J318|H2J318_MARPK,GO:0032559,0.10043,adenyl ribonucleotide binding
tr|H2J467|H2J467_MARPK,GO:0097367,0.10475,carbohydrate derivative binding
tr|H2J5U7|H2J5U7_MARPK,GO:0003677,0.12678,DNA binding
tr|H3K2E4|H3K2E4_METSH,GO:0140096,0.15496,"catalytic activity, acting on a protein"
tr|H3K2E4|H3K2E4_METSH,GO:0016829,0.13106,lyase activity
tr|H3SJF0|H3SJF0_9BACL,GO:0140096,0.11747,"catalytic activity, acting on a protein"
tr|H5SAJ5|H5SAJ5_9CHLR,GO:0005198,0.15357,structural molecule activity
tr|H5SHN9|H5SHN9_9CHLR,GO:0017076,0.99982,purine nucleotide binding
tr|H5SHN9|H5SHN9_9CHLR,GO:0032553,0.99981,ribonucleotide binding
tr|H5SHN9|H5SHN9_9CHLR,GO:0035639,0.99975,purine ribonucleoside triphosphate binding
tr|H5SHN9|H5SHN9_9CHLR,GO:0030554,0.99975,adenyl nucleotide binding
tr|H5SHN9|H5SHN9_9CHLR,GO:0032555,0.99975,purine ribonucleotide binding
tr|H5SHN9|H5SHN9_9CHLR,GO:0097367,0.99974,carbohydrate derivative binding
tr|H5SHN9|H5SHN9_9CHLR,GO:0005524,0.99965,ATP binding
tr|H5SHN9|H5SHN9_9CHLR,GO:0032559,0.99964,adenyl ribonucleotide binding
tr|H5SHN9|H5SHN9_9CHLR,GO:0051082,0.94445,unfolded protein binding
tr|H5SKV0|H5SKV0_9ZZZZ,GO:0046914,0.11598,transition metal ion binding
tr|H5SPT3|H5SPT3_9BACT,GO:0032553,0.14084,ribonucleotide binding
tr|H5SPT3|H5SPT3_9BACT,GO:0097367,0.14028,carbohydrate derivative binding
tr|H5SPT3|H5SPT3_9BACT,GO:0140096,0.13104,"catalytic activity, acting on a protein"
tr|H5SPT3|H5SPT3_9BACT,GO:0032555,0.12726,purine ribonucleotide binding
tr|H5SPT3|H5SPT3_9BACT,GO:0035639,0.12320,purine ribonucleoside triphosphate binding
tr|H5SPT3|H5SPT3_9BACT,GO:0017076,0.11725,purine nucleotide binding
tr|H5SQE7|H5SQE7_ACEAU,GO:0097367,0.14969,carbohydrate derivative binding
tr|H5SQE7|H5SQE7_ACEAU,GO:0032559,0.14218,adenyl ribonucleotide binding
tr|H5SQE7|H5SQE7_ACEAU,GO:0030554,0.14043,adenyl nucleotide binding
tr|H5SQE7|H5SQE7_ACEAU,GO:0032553,0.13986,ribonucleotide binding
tr|H5SQE7|H5SQE7_ACEAU,GO:0005524,0.13633,ATP binding
tr|H5SQE7|H5SQE7_ACEAU,GO:0032555,0.12962,purine ribonucleotide binding
tr|H5SQE7|H5SQE7_ACEAU,GO:0017076,0.12812,purine nucleotide binding
tr|H5SQE7|H5SQE7_ACEAU,GO:0035639,0.12159,purine ribonucleoside triphosphate binding
tr|H5XUX6|H5XUX6_9FIRM,GO:0097367,0.16854,carbohydrate derivative binding
tr|H5XUX6|H5XUX6_9FIRM,GO:0032553,0.15008,ribonucleotide binding
tr|H5XUX6|H5XUX6_9FIRM,GO:0032555,0.13474,purine ribonucleotide binding
tr|H5XUX6|H5XUX6_9FIRM,GO:0017076,0.13330,purine nucleotide binding
tr|H5XUX6|H5XUX6_9FIRM,GO:0035639,0.13067,purine ribonucleoside triphosphate binding
tr|H5XUX6|H5XUX6_9FIRM,GO:0140096,0.12226,"catalytic activity, acting on a protein"
tr|H6RQ75|H6RQ75_BLASD,GO:0016829,0.12371,lyase activity
tr|H8I8V8|H8I8V8_METCZ,GO:0004553,0.22037,"hydrolase activity, hydrolyzing O-glycosyl compounds"
tr|H8I8V8|H8I8V8_METCZ,GO:0016798,0.20786,"hydrolase activity, acting on glycosyl bonds"
tr|H8I8V8|H8I8V8_METCZ,GO:0097367,0.20161,carbohydrate derivative binding
tr|H8I8V8|H8I8V8_METCZ,GO:0032553,0.13046,ribonucleotide binding
tr|H8I8V8|H8I8V8_METCZ,GO:0008233,0.12182,peptidase activity
tr|H8I8V8|H8I8V8_METCZ,GO:0032555,0.11234,purine ribonucleotide binding
tr|H8I8V8|H8I8V8_METCZ,GO:0035639,0.11013,purine ribonucleoside triphosphate binding
tr|H8I8V8|H8I8V8_METCZ,GO:0017076,0.10015,purine nucleotide binding
tr|H8MEU3|H8MEU3_CORCM,GO:0016798,0.16978,"hydrolase activity, acting on glycosyl bonds"
tr|H8MEU3|H8MEU3_CORCM,GO:0004553,0.14759,"hydrolase activity, hydrolyzing O-glycosyl compounds"
tr|H8MQY3|H8MQY3_CORCM,GO:0017076,0.99991,purine nucleotide binding
tr|H8MQY3|H8MQY3_CORCM,GO:0032553,0.99990,ribonucleotide binding
tr|H8MQY3|H8MQY3_CORCM,GO:0030554,0.99989,adenyl nucleotide binding
tr|H8MQY3|H8MQY3_CORCM,GO:0035639,0.99989,purine ribonucleoside triphosphate binding
tr|H8MQY3|H8MQY3_CORCM,GO:0032555,0.99989,purine ribonucleotide binding
tr|H8MQY3|H8MQY3_CORCM,GO:0097367,0.99988,carbohydrate derivative binding
tr|H8MQY3|H8MQY3_CORCM,GO:0032559,0.99987,adenyl ribonucleotide binding
tr|H8MQY3|H8MQY3_CORCM,GO:0005524,0.99987,ATP binding
tr|H8MQY3|H8MQY3_CORCM,GO:0051082,0.84163,unfolded protein binding
tr|H8ZXG3|H8ZXG3_9EUGL,GO:0032550,1.00000,purine ribonucleoside binding
tr|H8ZXG3|H8ZXG3_9EUGL,GO:0032549,1.00000,ribonucleoside binding
tr|H8ZXG3|H8ZXG3_9EUGL,GO:0019001,1.00000,guanyl nucleotide binding
tr|H8ZXG3|H8ZXG3_9EUGL,GO:0032561,1.00000,guanyl ribonucleotide binding
tr|H8ZXG3|H8ZXG3_9EUGL,GO:0005525,1.00000,GTP binding
tr|H8ZXG3|H8ZXG3_9EUGL,GO:0001883,1.00000,purine nucleoside binding
tr|H8ZXG3|H8ZXG3_9EUGL,GO:0001882,1.00000,nucleoside binding
tr|H8ZXG3|H8ZXG3_9EUGL,GO:0003924,1.00000,GTPase activity
tr|H8ZXG3|H8ZXG3_9EUGL,GO:0016818,1.00000,"hydrolase activity, acting on acid anhydrides, in phosphorus-containing anhydrides"
tr|H8ZXG3|H8ZXG3_9EUGL,GO:0016817,1.00000,"hydrolase activity, acting on acid anhydrides"
tr|H8ZXG3|H8ZXG3_9EUGL,GO:0016462,1.00000,pyrophosphatase activity
tr|H8ZXG3|H8ZXG3_9EUGL,GO:0017111,0.99999,nucleoside-triphosphatase activity
tr|H8ZXG3|H8ZXG3_9EUGL,GO:0032553,0.99999,ribonucleotide binding
tr|H8ZXG3|H8ZXG3_9EUGL,GO:0097367,0.99998,carbohydrate derivative binding
tr|H8ZXG3|H8ZXG3_9EUGL,GO:0017076,0.99997,purine nucleotide binding
tr|H8ZXG3|H8ZXG3_9EUGL,GO:0035639,0.99997,purine ribonucleoside triphosphate binding
tr|H8ZXG3|H8ZXG3_9EUGL,GO:0032555,0.99997,purine ribonucleotide binding
tr|H8ZXG3|H8ZXG3_9EUGL,GO:0008135,0.99996,"translation factor activity, RNA binding"
tr|H8ZXG3|H8ZXG3_9EUGL,GO:0090079,0.99996,"translation regulator activity, nucleic acid binding"
tr|H8ZXG3|H8ZXG3_9EUGL,GO:0045182,0.99996,translation regulator activity
tr|H8ZXG3|H8ZXG3_9EUGL,GO:0003746,0.99786,translation elongation factor activity
tr|H8ZXG3|H8ZXG3_9EUGL,GO:0003723,0.99715,RNA binding
tr|H9TJQ6|H9TJQ6_SALET,GO:0097367,0.37463,carbohydrate derivative binding
tr|H9TJQ6|H9TJQ6_SALET,GO:0032553,0.35913,ribonucleotide binding
tr|H9TJQ6|H9TJQ6_SALET,GO:0017076,0.35249,purine nucleotide binding
tr|H9TJQ6|H9TJQ6_SALET,GO:0032555,0.32727,purine ribonucleotide binding
tr|H9TJQ6|H9TJQ6_SALET,GO:0035639,0.32072,purine ribonucleoside triphosphate binding
tr|H9TJQ6|H9TJQ6_SALET,GO:0030554,0.30826,adenyl nucleotide binding
tr|H9TJQ6|H9TJQ6_SALET,GO:0032559,0.28501,adenyl ribonucleotide binding
tr|H9TJQ6|H9TJQ6_SALET,GO:0005524,0.28336,ATP binding
tr|H9TJQ6|H9TJQ6_SALET,GO:0016772,0.19493,"transferase activity, transferring phosphorus-containing groups"
tr|H9TJQ6|H9TJQ6_SALET,GO:0140096,0.13954,"catalytic activity, acting on a protein"
tr|H9TJQ6|H9TJQ6_SALET,GO:0003677,0.10304,DNA binding
tr|H9TJW2|H9TJW2_SALET,GO:0097367,0.24034,carbohydrate derivative binding
tr|H9TJW2|H9TJW2_SALET,GO:0032553,0.23157,ribonucleotide binding
tr|H9TJW2|H9TJW2_SALET,GO:0032555,0.21798,purine ribonucleotide binding
tr|H9TJW2|H9TJW2_SALET,GO:0017076,0.21377,purine nucleotide binding
tr|H9TJW2|H9TJW2_SALET,GO:0035639,0.21303,purine ribonucleoside triphosphate binding
tr|H9TJW2|H9TJW2_SALET,GO:0046914,0.19733,transition metal ion binding
tr|H9TJW2|H9TJW2_SALET,GO:0032559,0.14598,adenyl ribonucleotide binding
tr|H9TJW2|H9TJW2_SALET,GO:0005524,0.14429,ATP binding
tr|H9TJW2|H9TJW2_SALET,GO:0030554,0.14328,adenyl nucleotide binding
tr|H9TJW2|H9TJW2_SALET,GO:0008270,0.10821,zinc ion binding
tr|H9TJW2|H9TJW2_SALET,GO:0003723,0.10572,RNA binding
tr|H9TKM2|H9TKM2_SALET,GO:0032553,0.98813,ribonucleotide binding
tr|H9TKM2|H9TKM2_SALET,GO:0032555,0.98704,purine ribonucleotide binding
tr|H9TKM2|H9TKM2_SALET,GO:0035639,0.98628,purine ribonucleoside triphosphate binding
tr|H9TKM2|H9TKM2_SALET,GO:0097367,0.98625,carbohydrate derivative binding
tr|H9TKM2|H9TKM2_SALET,GO:0017076,0.98541,purine nucleotide binding
tr|H9TKM2|H9TKM2_SALET,GO:0032559,0.95684,adenyl ribonucleotide binding
tr|H9TKM2|H9TKM2_SALET,GO:0005524,0.95533,ATP binding
tr|H9TKM2|H9TKM2_SALET,GO:0030554,0.95120,adenyl nucleotide binding
tr|H9TKM2|H9TKM2_SALET,GO:0017111,0.45574,nucleoside-triphosphatase activity
tr|H9TKM2|H9TKM2_SALET,GO:0016817,0.41682,"hydrolase activity, acting on acid anhydrides"
tr|H9TKM2|H9TKM2_SALET,GO:0016818,0.41663,"hydrolase activity, acting on acid anhydrides, in phosphorus-containing anhydrides"
tr|H9TKM2|H9TKM2_SALET,GO:0016462,0.41389,pyrophosphatase activity
tr|H9TKM2|H9TKM2_SALET,GO:0016887,0.38523,ATPase activity
tr|H9TKM2|H9TKM2_SALET,GO:0003677,0.25888,DNA binding
tr|H9TKM2|H9TKM2_SALET,GO:0140097,0.11597,"catalytic activity, acting on DNA"
tr|H9TKM2|H9TKM2_SALET,GO:0043565,0.10665,sequence-specific DNA binding
tr|H9TKM2|H9TKM2_SALET,GO:0004386,0.10281,helicase activity
tr|H9U9H4|H9U9H4_FERPD,GO:0097367,0.14079,carbohydrate derivative binding
tr|H9U9H4|H9U9H4_FERPD,GO:0032553,0.13565,ribonucleotide binding
tr|H9U9H4|H9U9H4_FERPD,GO:0017076,0.12810,purine nucleotide binding
tr|H9U9H4|H9U9H4_FERPD,GO:0032555,0.12335,purine ribonucleotide binding
tr|H9U9H4|H9U9H4_FERPD,GO:0035639,0.11630,purine ribonucleoside triphosphate binding
tr|H9U9H4|H9U9H4_FERPD,GO:0030554,0.10910,adenyl nucleotide binding
tr|H9U9H4|H9U9H4_FERPD,GO:0032559,0.10467,adenyl ribonucleotide binding
tr|H9U9H4|H9U9H4_FERPD,GO:0005524,0.10050,ATP binding
tr|H9UC07|H9UC07_FERPD,GO:0016788,0.19908,"hydrolase activity, acting on ester bonds"
tr|H9UC07|H9UC07_FERPD,GO:0016829,0.15714,lyase activity
tr|H9UC07|H9UC07_FERPD,GO:0046914,0.13991,transition metal ion binding
tr|H9UC07|H9UC07_FERPD,GO:0097367,0.10369,carbohydrate derivative binding
tr|H9UC07|H9UC07_FERPD,GO:0032553,0.10169,ribonucleotide binding
tr|I0AJM9|I0AJM9_IGNAJ,GO:0140096,0.17754,"catalytic activity, acting on a protein"
tr|I0AJM9|I0AJM9_IGNAJ,GO:0008233,0.12363,peptidase activity
tr|I0AK42|I0AK42_IGNAJ,GO:0097367,0.10727,carbohydrate derivative binding
tr|I0AK42|I0AK42_IGNAJ,GO:0140096,0.10458,"catalytic activity, acting on a protein"
tr|I0AK42|I0AK42_IGNAJ,GO:0004553,0.10012,"hydrolase activity, hydrolyzing O-glycosyl compounds"
tr|I0AKB8|I0AKB8_IGNAJ,GO:0140096,0.36425,"catalytic activity, acting on a protein"
tr|I0AKB8|I0AKB8_IGNAJ,GO:0008233,0.31765,peptidase activity
tr|I0AKB8|I0AKB8_IGNAJ,GO:0004175,0.15725,endopeptidase activity
tr|I0AKB8|I0AKB8_IGNAJ,GO:0017171,0.11640,serine hydrolase activity
tr|I0AKB8|I0AKB8_IGNAJ,GO:0008236,0.11612,serine-type peptidase activity
tr|I0AKM4|I0AKM4_IGNAJ,GO:0097367,0.25626,carbohydrate derivative binding
tr|I0AKM4|I0AKM4_IGNAJ,GO:0032553,0.16866,ribonucleotide binding
tr|I0AKM4|I0AKM4_IGNAJ,GO:0032555,0.11828,purine ribonucleotide binding
tr|I0AKM4|I0AKM4_IGNAJ,GO:0035639,0.11587,purine ribonucleoside triphosphate binding
tr|I0AKM4|I0AKM4_IGNAJ,GO:0017076,0.11110,purine nucleotide binding
tr|I0AKM4|I0AKM4_IGNAJ,GO:0004553,0.10159,"hydrolase activity, hydrolyzing O-glycosyl compounds"
tr|I0ALK3|I0ALK3_IGNAJ,GO:0140096,0.19204,"catalytic activity, acting on a protein"
tr|I0ALK3|I0ALK3_IGNAJ,GO:0097367,0.12051,carbohydrate derivative binding
tr|I0ALK3|I0ALK3_IGNAJ,GO:0032553,0.10822,ribonucleotide binding
tr|I0ALK3|I0ALK3_IGNAJ,GO:0017076,0.10337,purine nucleotide binding
tr|I0ALK3|I0ALK3_IGNAJ,GO:0032555,0.10285,purine ribonucleotide binding
tr|I0ALK3|I0ALK3_IGNAJ,GO:0035639,0.10027,purine ribonucleoside triphosphate binding
tr|I0HYT2|I0HYT2_CALAS,GO:0003677,0.11840,DNA binding
tr|I0HYT2|I0HYT2_CALAS,GO:0140098,0.11776,"catalytic activity, acting on RNA"
tr|I0HYT2|I0HYT2_CALAS,GO:0003723,0.10642,RNA binding
tr|I0HZS3|I0HZS3_CALAS,GO:0097367,0.13691,carbohydrate derivative binding
tr|I0HZS3|I0HZS3_CALAS,GO:0046914,0.12367,transition metal ion binding
tr|I0HZS3|I0HZS3_CALAS,GO:0032553,0.12079,ribonucleotide binding
tr|I0HZS3|I0HZS3_CALAS,GO:0000287,0.11745,magnesium ion binding
tr|I0I0I6|I0I0I6_CALAS,GO:0017076,0.99983,purine nucleotide binding
tr|I0I0I6|I0I0I6_CALAS,GO:0032555,0.99982,purine ribonucleotide binding
tr|I0I0I6|I0I0I6_CALAS,GO:0035639,0.99982,purine ribonucleoside triphosphate binding
tr|I0I0I6|I0I0I6_CALAS,GO:0032553,0.99976,ribonucleotide binding
tr|I0I0I6|I0I0I6_CALAS,GO:0097367,0.99968,carbohydrate derivative binding
tr|I0I0I6|I0I0I6_CALAS,GO:0030554,0.99938,adenyl nucleotide binding
tr|I0I0I6|I0I0I6_CALAS,GO:0032559,0.99935,adenyl ribonucleotide binding
tr|I0I0I6|I0I0I6_CALAS,GO:0005524,0.99934,ATP binding
tr|I0I0I6|I0I0I6_CALAS,GO:0017111,0.27527,nucleoside-triphosphatase activity
tr|I0I0I6|I0I0I6_CALAS,GO:0016462,0.26608,pyrophosphatase activity
tr|I0I0I6|I0I0I6_CALAS,GO:0016818,0.23494,"hydrolase activity, acting on acid anhydrides, in phosphorus-containing anhydrides"
tr|I0I0I6|I0I0I6_CALAS,GO:0016817,0.23388,"hydrolase activity, acting on acid anhydrides"
tr|I0I0I6|I0I0I6_CALAS,GO:0016887,0.21734,ATPase activity
tr|I0I0I6|I0I0I6_CALAS,GO:0003677,0.16228,DNA binding
tr|I0I103|I0I103_CALAS,GO:0046914,0.16468,transition metal ion binding
tr|I0I103|I0I103_CALAS,GO:0016829,0.14727,lyase activity
tr|I0I103|I0I103_CALAS,GO:0051540,0.11462,metal cluster binding
tr|I0I103|I0I103_CALAS,GO:0051536,0.11424,iron-sulfur cluster binding
tr|I0I1K6|I0I1K6_CALAS,GO:0097367,0.10939,carbohydrate derivative binding
tr|I0I6K1|I0I6K1_CALAS,GO:0051536,0.55955,iron-sulfur cluster binding
tr|I0I6K1|I0I6K1_CALAS,GO:0051540,0.55948,metal cluster binding
tr|I0I6K1|I0I6K1_CALAS,GO:0051539,0.44090,"4 iron, 4 sulfur cluster binding"
tr|I0I6K1|I0I6K1_CALAS,GO:0046914,0.23506,transition metal ion binding
tr|I0I6K1|I0I6K1_CALAS,GO:0097367,0.19790,carbohydrate derivative binding
tr|I0I6K1|I0I6K1_CALAS,GO:0032553,0.18339,ribonucleotide binding
tr|I0I6K1|I0I6K1_CALAS,GO:0030554,0.14691,adenyl nucleotide binding
tr|I0I6K1|I0I6K1_CALAS,GO:0032559,0.14633,adenyl ribonucleotide binding
tr|I0I6K1|I0I6K1_CALAS,GO:0005524,0.14562,ATP binding
tr|I0I6K1|I0I6K1_CALAS,GO:0017076,0.14098,purine nucleotide binding
tr|I0I6K1|I0I6K1_CALAS,GO:0032555,0.14065,purine ribonucleotide binding
tr|I0I6K1|I0I6K1_CALAS,GO:0035639,0.13884,purine ribonucleoside triphosphate binding
tr|I0IKN4|I0IKN4_LEPFC,GO:0016798,0.28557,"hydrolase activity, acting on glycosyl bonds"
tr|I0IKN4|I0IKN4_LEPFC,GO:0004553,0.23156,"hydrolase activity, hydrolyzing O-glycosyl compounds"
tr|I0IKN4|I0IKN4_LEPFC,GO:0008233,0.19656,peptidase activity
tr|I0IKN4|I0IKN4_LEPFC,GO:0004175,0.13613,endopeptidase activity
tr|I0IKN4|I0IKN4_LEPFC,GO:0140096,0.10702,"catalytic activity, acting on a protein"
tr|I0IKN4|I0IKN4_LEPFC,GO:0022857,0.10277,transmembrane transporter activity
tr|I0JRL0|I0JRL0_HALH3,GO:0140096,0.12519,"catalytic activity, acting on a protein"
tr|I0JRL0|I0JRL0_HALH3,GO:0097367,0.11905,carbohydrate derivative binding
tr|I0UVT1|I0UVT1_9MICC,GO:0016620,0.97422,"oxidoreductase activity, acting on the aldehyde or oxo group of donors, NAD or NADP as acceptor"
tr|I0UVT1|I0UVT1_9MICC,GO:0016903,0.96640,"oxidoreductase activity, acting on the aldehyde or oxo group of donors"
tr|I0UVT1|I0UVT1_9MICC,GO:0050661,0.70973,NADP binding
tr|I0UVT1|I0UVT1_9MICC,GO:0051287,0.70669,NAD binding
tr|I0UVT1|I0UVT1_9MICC,GO:0043891,0.44296,glyceraldehyde-3-phosphate dehydrogenase (NAD(P)+) (phosphorylating) activity
tr|I0UVT1|I0UVT1_9MICC,GO:0004365,0.40498,glyceraldehyde-3-phosphate dehydrogenase (NAD+) (phosphorylating) activity
tr|I0XB92|I0XB92_9SPIR,GO:0097367,0.23710,carbohydrate derivative binding
tr|I0XB92|I0XB92_9SPIR,GO:0032553,0.16282,ribonucleotide binding
tr|I0XB92|I0XB92_9SPIR,GO:0017076,0.15659,purine nucleotide binding
tr|I0XB92|I0XB92_9SPIR,GO:0032555,0.15338,purine ribonucleotide binding
tr|I0XB92|I0XB92_9SPIR,GO:0035639,0.15219,purine ribonucleoside triphosphate binding
tr|I0XB92|I0XB92_9SPIR,GO:0030554,0.14598,adenyl nucleotide binding
tr|I0XB92|I0XB92_9SPIR,GO:0032559,0.14216,adenyl ribonucleotide binding
tr|I0XB92|I0XB92_9SPIR,GO:0005524,0.14092,ATP binding
tr|I0Z0P2|I0Z0P2_COCSC,GO:0016301,0.96001,kinase activity
tr|I0Z0P2|I0Z0P2_COCSC,GO:0016773,0.95771,"phosphotransferase activity, alcohol group as acceptor"
tr|I0Z0P2|I0Z0P2_COCSC,GO:0140096,0.94502,"catalytic activity, acting on a protein"
tr|I0Z0P2|I0Z0P2_COCSC,GO:0016772,0.90008,"transferase activity, transferring phosphorus-containing groups"
tr|I0Z0P2|I0Z0P2_COCSC,GO:0005524,0.82303,ATP binding
tr|I0Z0P2|I0Z0P2_COCSC,GO:0030554,0.82204,adenyl nucleotide binding
tr|I0Z0P2|I0Z0P2_COCSC,GO:0032559,0.82101,adenyl ribonucleotide binding
tr|I0Z0P2|I0Z0P2_COCSC,GO:0004672,0.81928,protein kinase activity
tr|I0Z0P2|I0Z0P2_COCSC,GO:0097367,0.81905,carbohydrate derivative binding
tr|I0Z0P2|I0Z0P2_COCSC,GO:0017076,0.79737,purine nucleotide binding
tr|I0Z0P2|I0Z0P2_COCSC,GO:0035639,0.79684,purine ribonucleoside triphosphate binding
tr|I0Z0P2|I0Z0P2_COCSC,GO:0032555,0.79631,purine ribonucleotide binding
tr|I0Z0P2|I0Z0P2_COCSC,GO:0032553,0.78181,ribonucleotide binding
tr|I0Z0P2|I0Z0P2_COCSC,GO:0004674,0.10530,protein serine/threonine kinase activity
tr|I0Z730|I0Z730_COCSC,GO:0017076,0.69527,purine nucleotide binding
tr|I0Z730|I0Z730_COCSC,GO:0035639,0.67600,purine ribonucleoside triphosphate binding
tr|I0Z730|I0Z730_COCSC,GO:0032555,0.67335,purine ribonucleotide binding
tr|I0Z730|I0Z730_COCSC,GO:0097367,0.66686,carbohydrate derivative binding
tr|I0Z730|I0Z730_COCSC,GO:0032553,0.63877,ribonucleotide binding
tr|I0Z730|I0Z730_COCSC,GO:0030554,0.22616,adenyl nucleotide binding
tr|I0Z730|I0Z730_COCSC,GO:0032559,0.20982,adenyl ribonucleotide binding
tr|I0Z730|I0Z730_COCSC,GO:0005524,0.20841,ATP binding
tr|I1DSM8|I1DSM8_9GAMM,GO:0008233,0.28349,peptidase activity
tr|I1DSM8|I1DSM8_9GAMM,GO:0140096,0.24565,"catalytic activity, acting on a protein"
tr|I1DSM8|I1DSM8_9GAMM,GO:0017171,0.17185,serine hydrolase activity
tr|I1DSM8|I1DSM8_9GAMM,GO:0008236,0.17108,serine-type peptidase activity
tr|I1DSM8|I1DSM8_9GAMM,GO:0004175,0.11584,endopeptidase activity
tr|I1T4P5|I1T4P5_9ROSI,GO:0019001,0.99722,guanyl nucleotide binding
tr|I1T4P5|I1T4P5_9ROSI,GO:0032550,0.99718,purine ribonucleoside binding
tr|I1T4P5|I1T4P5_9ROSI,GO:0001883,0.99718,purine nucleoside binding
tr|I1T4P5|I1T4P5_9ROSI,GO:0032561,0.99707,guanyl ribonucleotide binding
tr|I1T4P5|I1T4P5_9ROSI,GO:0005525,0.99706,GTP binding
tr|I1T4P5|I1T4P5_9ROSI,GO:0032549,0.99679,ribonucleoside binding
tr|I1T4P5|I1T4P5_9ROSI,GO:0001882,0.99674,nucleoside binding
tr|I1T4P5|I1T4P5_9ROSI,GO:0017076,0.96890,purine nucleotide binding
tr|I1T4P5|I1T4P5_9ROSI,GO:0032555,0.96587,purine ribonucleotide binding
tr|I1T4P5|I1T4P5_9ROSI,GO:0035639,0.96449,purine ribonucleoside triphosphate binding
tr|I1T4P5|I1T4P5_9ROSI,GO:0032553,0.96277,ribonucleotide binding
tr|I1T4P5|I1T4P5_9ROSI,GO:0097367,0.96159,carbohydrate derivative binding
tr|I1T4P5|I1T4P5_9ROSI,GO:0003924,0.90424,GTPase activity
tr|I1T4P5|I1T4P5_9ROSI,GO:0016817,0.88529,"hydrolase activity, acting on acid anhydrides"
tr|I1T4P5|I1T4P5_9ROSI,GO:0016818,0.88486,"hydrolase activity, acting on acid anhydrides, in phosphorus-containing anhydrides"
tr|I1T4P5|I1T4P5_9ROSI,GO:0017111,0.87306,nucleoside-triphosphatase activity
tr|I1T4P5|I1T4P5_9ROSI,GO:0016462,0.86667,pyrophosphatase activity
tr|I1TK77|I1TK77_9MOLU,GO:0003677,0.26981,DNA binding
tr|I1TK77|I1TK77_9MOLU,GO:0003723,0.11298,RNA binding
tr|I2F2A0|I2F2A0_9BACT,GO:0016757,0.11084,"transferase activity, transferring glycosyl groups"
tr|I2F2P3|I2F2P3_9BACT,GO:0005215,0.12563,transporter activity
tr|I2F2P3|I2F2P3_9BACT,GO:0022857,0.12435,transmembrane transporter activity
tr|I2PXQ9|I2PXQ9_9BACT,GO:0051536,0.77340,iron-sulfur cluster binding
tr|I2PXQ9|I2PXQ9_9BACT,GO:0051540,0.77314,metal cluster binding
tr|I2PXQ9|I2PXQ9_9BACT,GO:0051539,0.68597,"4 iron, 4 sulfur cluster binding"
tr|I2PXQ9|I2PXQ9_9BACT,GO:0046914,0.26486,transition metal ion binding
tr|I2PXU6|I2PXU6_9BACT,GO:0016829,0.11919,lyase activity
tr|I2PXU6|I2PXU6_9BACT,GO:0046914,0.11477,transition metal ion binding
tr|I3C1H9|I3C1H9_9FLAO,GO:0097367,0.14102,carbohydrate derivative binding
tr|I3C1H9|I3C1H9_9FLAO,GO:0032553,0.10429,ribonucleotide binding
tr|I3CL05|I3CL05_9GAMM,GO:0097367,0.18841,carbohydrate derivative binding
tr|I3CL05|I3CL05_9GAMM,GO:0032553,0.13883,ribonucleotide binding
tr|I3CL05|I3CL05_9GAMM,GO:0032555,0.11793,purine ribonucleotide binding
tr|I3CL05|I3CL05_9GAMM,GO:0035639,0.11425,purine ribonucleoside triphosphate binding
tr|I3CL05|I3CL05_9GAMM,GO:0017076,0.11413,purine nucleotide binding
tr|I3JEI9|I3JEI9_ORENI,GO:0016301,0.86698,kinase activity
tr|I3JEI9|I3JEI9_ORENI,GO:0016772,0.81464,"transferase activity, transferring phosphorus-containing groups"
tr|I3JEI9|I3JEI9_ORENI,GO:0016773,0.80733,"phosphotransferase activity, alcohol group as acceptor"
tr|I3JEI9|I3JEI9_ORENI,GO:0032559,0.74786,adenyl ribonucleotide binding
tr|I3JEI9|I3JEI9_ORENI,GO:0005524,0.74719,ATP binding
tr|I3JEI9|I3JEI9_ORENI,GO:0030554,0.73767,adenyl nucleotide binding
tr|I3JEI9|I3JEI9_ORENI,GO:0035639,0.72937,purine ribonucleoside triphosphate binding
tr|I3JEI9|I3JEI9_ORENI,GO:0032555,0.72931,purine ribonucleotide binding
tr|I3JEI9|I3JEI9_ORENI,GO:0017076,0.71827,purine nucleotide binding
tr|I3JEI9|I3JEI9_ORENI,GO:0097367,0.71140,carbohydrate derivative binding
tr|I3JEI9|I3JEI9_ORENI,GO:0032553,0.68965,ribonucleotide binding
tr|I3JEI9|I3JEI9_ORENI,GO:0140096,0.61641,"catalytic activity, acting on a protein"
tr|I3JEI9|I3JEI9_ORENI,GO:0004672,0.61409,protein kinase activity
tr|I3JEI9|I3JEI9_ORENI,GO:0004674,0.11395,protein serine/threonine kinase activity
tr|I3NUN5|I3NUN5_PLOBU,GO:0005198,0.87558,structural molecule activity
tr|I3NUN5|I3NUN5_PLOBU,GO:0003735,0.80824,structural constituent of ribosome
tr|I3NUN5|I3NUN5_PLOBU,GO:0003723,0.52666,RNA binding
tr|I3NUN5|I3NUN5_PLOBU,GO:0019843,0.20940,rRNA binding
tr|I3VVV5|I3VVV5_THESW,GO:0097367,0.13672,carbohydrate derivative binding
tr|I3VVV5|I3VVV5_THESW,GO:0032553,0.10495,ribonucleotide binding
tr|I3WKF3|I3WKF3_BIFBI,GO:0097367,0.14801,carbohydrate derivative binding
tr|I3WKF3|I3WKF3_BIFBI,GO:0032553,0.14021,ribonucleotide binding
tr|I3WKF3|I3WKF3_BIFBI,GO:0003723,0.10392,RNA binding
tr|I3ZBA7|I3ZBA7_TERRK,GO:0008233,0.14794,peptidase activity
tr|I3ZBA7|I3ZBA7_TERRK,GO:0016798,0.11786,"hydrolase activity, acting on glycosyl bonds"
tr|I3ZCW8|I3ZCW8_TERRK,GO:0004553,0.20086,"hydrolase activity, hydrolyzing O-glycosyl compounds"
tr|I3ZCW8|I3ZCW8_TERRK,GO:0016798,0.17605,"hydrolase activity, acting on glycosyl bonds"
tr|I3ZCW8|I3ZCW8_TERRK,GO:0008233,0.16196,peptidase activity
tr|I3ZCW8|I3ZCW8_TERRK,GO:0140096,0.11122,"catalytic activity, acting on a protein"
tr|I3ZEB8|I3ZEB8_TERRK,GO:0097367,0.24966,carbohydrate derivative binding
tr|I3ZEB8|I3ZEB8_TERRK,GO:0032553,0.19619,ribonucleotide binding
tr|I3ZEB8|I3ZEB8_TERRK,GO:0032555,0.17729,purine ribonucleotide binding
tr|I3ZEB8|I3ZEB8_TERRK,GO:0035639,0.17224,purine ribonucleoside triphosphate binding
tr|I3ZEB8|I3ZEB8_TERRK,GO:0017076,0.16211,purine nucleotide binding
tr|I3ZEB8|I3ZEB8_TERRK,GO:0032559,0.11108,adenyl ribonucleotide binding
tr|I3ZEB8|I3ZEB8_TERRK,GO:0005524,0.10821,ATP binding
tr|I3ZEB8|I3ZEB8_TERRK,GO:0030554,0.10092,adenyl nucleotide binding
tr|I4BUX4|I4BUX4_ACEMN,GO:0030554,0.99895,adenyl nucleotide binding
tr|I4BUX4|I4BUX4_ACEMN,GO:0017076,0.99893,purine nucleotide binding
tr|I4BUX4|I4BUX4_ACEMN,GO:0032553,0.99876,ribonucleotide binding
tr|I4BUX4|I4BUX4_ACEMN,GO:0005524,0.99859,ATP binding
tr|I4BUX4|I4BUX4_ACEMN,GO:0032559,0.99858,adenyl ribonucleotide binding
tr|I4BUX4|I4BUX4_ACEMN,GO:0035639,0.99857,purine ribonucleoside triphosphate binding
tr|I4BUX4|I4BUX4_ACEMN,GO:0032555,0.99855,purine ribonucleotide binding
tr|I4BUX4|I4BUX4_ACEMN,GO:0097367,0.99841,carbohydrate derivative binding
tr|I4BUX4|I4BUX4_ACEMN,GO:0051082,0.89873,unfolded protein binding
tr|I4BX69|I4BX69_ACEMN,GO:0016772,0.11964,"transferase activity, transferring phosphorus-containing groups"
tr|I4BX69|I4BX69_ACEMN,GO:0016829,0.11225,lyase activity
tr|I4BZ67|I4BZ67_ACEMN,GO:0140096,0.11263,"catalytic activity, acting on a protein"
tr|I4C1A4|I4C1A4_DESTA,GO:0097367,0.18360,carbohydrate derivative binding
tr|I4C1A4|I4C1A4_DESTA,GO:0032553,0.17484,ribonucleotide binding
tr|I4C1A4|I4C1A4_DESTA,GO:0030554,0.15784,adenyl nucleotide binding
tr|I4C1A4|I4C1A4_DESTA,GO:0032559,0.15439,adenyl ribonucleotide binding
tr|I4C1A4|I4C1A4_DESTA,GO:0005524,0.15116,ATP binding
tr|I4C1A4|I4C1A4_DESTA,GO:0017076,0.14471,purine nucleotide binding
tr|I4C1A4|I4C1A4_DESTA,GO:0032555,0.14202,purine ribonucleotide binding
tr|I4C1A4|I4C1A4_DESTA,GO:0035639,0.13795,purine ribonucleoside triphosphate binding
tr|I4C1A4|I4C1A4_DESTA,GO:0140096,0.11781,"catalytic activity, acting on a protein"
tr|I4C4L6|I4C4L6_DESTA,GO:0051536,0.25647,iron-sulfur cluster binding
tr|I4C4L6|I4C4L6_DESTA,GO:0051540,0.25566,metal cluster binding
tr|I4C4L6|I4C4L6_DESTA,GO:0051539,0.20841,"4 iron, 4 sulfur cluster binding"
tr|I4C4L6|I4C4L6_DESTA,GO:0046914,0.18403,transition metal ion binding
tr|I4C4L6|I4C4L6_DESTA,GO:0097367,0.11229,carbohydrate derivative binding
tr|I4C4L6|I4C4L6_DESTA,GO:0035639,0.10682,purine ribonucleoside triphosphate binding
tr|I4C4L6|I4C4L6_DESTA,GO:0032555,0.10681,purine ribonucleotide binding
tr|I4C4L6|I4C4L6_DESTA,GO:0032553,0.10339,ribonucleotide binding
tr|I4C6E3|I4C6E3_DESTA,GO:0097367,0.11719,carbohydrate derivative binding
tr|I4C6E3|I4C6E3_DESTA,GO:0032553,0.10570,ribonucleotide binding
tr|I4CA52|I4CA52_DESTA,GO:0097367,0.17424,carbohydrate derivative binding
tr|I4CA52|I4CA52_DESTA,GO:0032553,0.14731,ribonucleotide binding
tr|I4CA52|I4CA52_DESTA,GO:0017076,0.12438,purine nucleotide binding
tr|I4CA52|I4CA52_DESTA,GO:0032555,0.12072,purine ribonucleotide binding
tr|I4CA52|I4CA52_DESTA,GO:0035639,0.11795,purine ribonucleoside triphosphate binding
tr|I4CA52|I4CA52_DESTA,GO:0003677,0.10424,DNA binding
tr|I4CBF5|I4CBF5_DESTA,GO:0046914,0.19708,transition metal ion binding
tr|I4CBF5|I4CBF5_DESTA,GO:0051540,0.18302,metal cluster binding
tr|I4CBF5|I4CBF5_DESTA,GO:0051536,0.18222,iron-sulfur cluster binding
tr|I4CBF5|I4CBF5_DESTA,GO:0003677,0.16569,DNA binding
tr|I4CBF5|I4CBF5_DESTA,GO:0051539,0.12617,"4 iron, 4 sulfur cluster binding"
tr|I4CBF5|I4CBF5_DESTA,GO:0097367,0.12063,carbohydrate derivative binding
tr|I4CBF5|I4CBF5_DESTA,GO:0032553,0.11230,ribonucleotide binding
tr|I4CBF5|I4CBF5_DESTA,GO:0008270,0.11134,zinc ion binding
tr|I4CBF8|I4CBF8_DESTA,GO:0009055,0.20304,electron transfer activity
tr|I4CBF8|I4CBF8_DESTA,GO:0016651,0.12078,"oxidoreductase activity, acting on NAD(P)H"
tr|I4CBF8|I4CBF8_DESTA,GO:0046914,0.10865,transition metal ion binding
tr|I4CBF8|I4CBF8_DESTA,GO:0016667,0.10457,"oxidoreductase activity, acting on a sulfur group of donors"
tr|I4CD46|I4CD46_DESTA,GO:0097367,0.13805,carbohydrate derivative binding
tr|I4CD46|I4CD46_DESTA,GO:0032553,0.12438,ribonucleotide binding
tr|I4CD46|I4CD46_DESTA,GO:0032555,0.10334,purine ribonucleotide binding
tr|I4CD46|I4CD46_DESTA,GO:0017076,0.10288,purine nucleotide binding
tr|I4CD46|I4CD46_DESTA,GO:0035639,0.10156,purine ribonucleoside triphosphate binding
tr|I5B4X9|I5B4X9_9BACT,GO:0030554,0.99980,adenyl nucleotide binding
tr|I5B4X9|I5B4X9_9BACT,GO:0005524,0.99974,ATP binding
tr|I5B4X9|I5B4X9_9BACT,GO:0032559,0.99974,adenyl ribonucleotide binding
tr|I5B4X9|I5B4X9_9BACT,GO:0017076,0.99971,purine nucleotide binding
tr|I5B4X9|I5B4X9_9BACT,GO:0032553,0.99967,ribonucleotide binding
tr|I5B4X9|I5B4X9_9BACT,GO:0035639,0.99963,purine ribonucleoside triphosphate binding
tr|I5B4X9|I5B4X9_9BACT,GO:0032555,0.99963,purine ribonucleotide binding
tr|I5B4X9|I5B4X9_9BACT,GO:0097367,0.99962,carbohydrate derivative binding
tr|I5B4X9|I5B4X9_9BACT,GO:0051082,0.91607,unfolded protein binding
tr|I5C1K3|I5C1K3_9BACT,GO:0008233,0.12516,peptidase activity
tr|I5C1K3|I5C1K3_9BACT,GO:0140096,0.11318,"catalytic activity, acting on a protein"
tr|I7A3Y0|I7A3Y0_MELRP,GO:0051536,0.51251,iron-sulfur cluster binding
tr|I7A3Y0|I7A3Y0_MELRP,GO:0051540,0.51192,metal cluster binding
tr|I7A3Y0|I7A3Y0_MELRP,GO:0051539,0.44797,"4 iron, 4 sulfur cluster binding"
tr|I7A3Y0|I7A3Y0_MELRP,GO:0046914,0.15144,transition metal ion binding
tr|I7DA89|I7DA89_SALER,GO:0140096,0.14807,"catalytic activity, acting on a protein"
tr|I7DA89|I7DA89_SALER,GO:0046914,0.11684,transition metal ion binding
tr|I7K7D0|I7K7D0_9CLOT,GO:0003677,0.13501,DNA binding
tr|I7LIY3|I7LIY3_METBM,GO:0140096,0.15445,"catalytic activity, acting on a protein"
tr|I7LIY3|I7LIY3_METBM,GO:0046914,0.12877,transition metal ion binding
tr|I9ABI9|I9ABI9_9BACE,GO:0140096,0.10243,"catalytic activity, acting on a protein"
tr|I9B541|I9B541_9FIRM,GO:0051536,0.57123,iron-sulfur cluster binding
tr|I9B541|I9B541_9FIRM,GO:0051540,0.57045,metal cluster binding
tr|I9B541|I9B541_9FIRM,GO:0051539,0.53416,"4 iron, 4 sulfur cluster binding"
tr|I9B541|I9B541_9FIRM,GO:0046914,0.33796,transition metal ion binding
tr|I9B541|I9B541_9FIRM,GO:0008270,0.12016,zinc ion binding
tr|I9B541|I9B541_9FIRM,GO:0097367,0.10929,carbohydrate derivative binding
tr|I9KF72|I9KF72_9ACTN,GO:0003677,0.13544,DNA binding
tr|I9KF72|I9KF72_9ACTN,GO:0016788,0.11818,"hydrolase activity, acting on ester bonds"
tr|I9LC57|I9LC57_9FIRM,GO:0140096,0.13031,"catalytic activity, acting on a protein"
tr|I9LC57|I9LC57_9FIRM,GO:0046914,0.11534,transition metal ion binding
tr|I9LC57|I9LC57_9FIRM,GO:0003677,0.10934,DNA binding
tr|I9LEV0|I9LEV0_9FIRM,GO:0003735,0.19571,structural constituent of ribosome
tr|I9LEV0|I9LEV0_9FIRM,GO:0005198,0.16984,structural molecule activity
tr|I9LEV0|I9LEV0_9FIRM,GO:0003723,0.11572,RNA binding
tr|I9LEV0|I9LEV0_9FIRM,GO:0019843,0.11307,rRNA binding
tr|I9NFR2|I9NFR2_RHILT,GO:0032553,0.89701,ribonucleotide binding
tr|I9NFR2|I9NFR2_RHILT,GO:0097367,0.89185,carbohydrate derivative binding
tr|I9NFR2|I9NFR2_RHILT,GO:0032555,0.85928,purine ribonucleotide binding
tr|I9NFR2|I9NFR2_RHILT,GO:0017076,0.85744,purine nucleotide binding
tr|I9NFR2|I9NFR2_RHILT,GO:0035639,0.85591,purine ribonucleoside triphosphate binding
tr|I9NFR2|I9NFR2_RHILT,GO:0032559,0.65597,adenyl ribonucleotide binding
tr|I9NFR2|I9NFR2_RHILT,GO:0030554,0.65214,adenyl nucleotide binding
tr|I9NFR2|I9NFR2_RHILT,GO:0005524,0.64961,ATP binding
tr|I9NFR2|I9NFR2_RHILT,GO:0003677,0.23946,DNA binding
tr|I9VHX8|I9VHX8_BACFG,GO:0046914,0.18241,transition metal ion binding
tr|I9X0J4|I9X0J4_RHILT,GO:0046914,0.14844,transition metal ion binding
tr|I9X9A6|I9X9A6_RHILT,GO:0097367,0.16209,carbohydrate derivative binding
tr|I9X9A6|I9X9A6_RHILT,GO:0032553,0.13473,ribonucleotide binding
tr|I9X9A6|I9X9A6_RHILT,GO:0032555,0.11307,purine ribonucleotide binding
tr|I9X9A6|I9X9A6_RHILT,GO:0032559,0.10942,adenyl ribonucleotide binding
tr|I9X9A6|I9X9A6_RHILT,GO:0017076,0.10786,purine nucleotide binding
tr|I9X9A6|I9X9A6_RHILT,GO:0035639,0.10728,purine ribonucleoside triphosphate binding
tr|I9X9A6|I9X9A6_RHILT,GO:0005524,0.10536,ATP binding
tr|I9X9A6|I9X9A6_RHILT,GO:0030554,0.10492,adenyl nucleotide binding
tr|I9XHX8|I9XHX8_RHILT,GO:0097367,0.18674,carbohydrate derivative binding
tr|I9XHX8|I9XHX8_RHILT,GO:0032553,0.18332,ribonucleotide binding
tr|I9XHX8|I9XHX8_RHILT,GO:0140096,0.13111,"catalytic activity, acting on a protein"
tr|I9XHX8|I9XHX8_RHILT,GO:0016788,0.11441,"hydrolase activity, acting on ester bonds"
tr|I9XHX8|I9XHX8_RHILT,GO:0032555,0.10905,purine ribonucleotide binding
tr|I9XHX8|I9XHX8_RHILT,GO:0032559,0.10572,adenyl ribonucleotide binding
tr|I9XHX8|I9XHX8_RHILT,GO:0035639,0.10540,purine ribonucleoside triphosphate binding
tr|I9XHX8|I9XHX8_RHILT,GO:0005524,0.10434,ATP binding
tr|I9XHX8|I9XHX8_RHILT,GO:0017076,0.10348,purine nucleotide binding
tr|I9XHX8|I9XHX8_RHILT,GO:0030554,0.10028,adenyl nucleotide binding
tr|I9XI41|I9XI41_RHILT,GO:0032559,0.91795,adenyl ribonucleotide binding
tr|I9XI41|I9XI41_RHILT,GO:0005524,0.91711,ATP binding
tr|I9XI41|I9XI41_RHILT,GO:0032555,0.91617,purine ribonucleotide binding
tr|I9XI41|I9XI41_RHILT,GO:0030554,0.91581,adenyl nucleotide binding
tr|I9XI41|I9XI41_RHILT,GO:0035639,0.91516,purine ribonucleoside triphosphate binding
tr|I9XI41|I9XI41_RHILT,GO:0017076,0.91339,purine nucleotide binding
tr|I9XI41|I9XI41_RHILT,GO:0032553,0.91186,ribonucleotide binding
tr|I9XI41|I9XI41_RHILT,GO:0097367,0.90189,carbohydrate derivative binding
tr|I9XI41|I9XI41_RHILT,GO:0016874,0.62377,ligase activity
tr|I9XI41|I9XI41_RHILT,GO:0016879,0.39511,"ligase activity, forming carbon-nitrogen bonds"
tr|I9XI41|I9XI41_RHILT,GO:0016884,0.14558,"carbon-nitrogen ligase activity, with glutamine as amido-N-donor"
tr|I9ZN41|I9ZN41_HELPX,GO:0003677,0.22911,DNA binding
tr|I9ZN41|I9ZN41_HELPX,GO:0046914,0.14485,transition metal ion binding
tr|I9ZN41|I9ZN41_HELPX,GO:0008270,0.10123,zinc ion binding
tr|J0GX79|J0GX79_RHILT,GO:0004553,0.59206,"hydrolase activity, hydrolyzing O-glycosyl compounds"
tr|J0GX79|J0GX79_RHILT,GO:0016798,0.53908,"hydrolase activity, acting on glycosyl bonds"
tr|J0GX79|J0GX79_RHILT,GO:0016757,0.41514,"transferase activity, transferring glycosyl groups"
tr|J0GX79|J0GX79_RHILT,GO:0016758,0.27374,"transferase activity, transferring hexosyl groups"
tr|J0GXF8|J0GXF8_RHILT,GO:0050660,0.10735,flavin adenine dinucleotide binding
tr|J0H608|J0H608_RHILT,GO:0003677,0.13080,DNA binding
tr|J0H608|J0H608_RHILT,GO:0016788,0.12674,"hydrolase activity, acting on ester bonds"
tr|J0H608|J0H608_RHILT,GO:0000287,0.12267,magnesium ion binding
tr|J0H608|J0H608_RHILT,GO:0016829,0.10516,lyase activity
tr|J0H608|J0H608_RHILT,GO:0140098,0.10395,"catalytic activity, acting on RNA"
tr|J0H612|J0H612_RHILT,GO:0097367,0.34518,carbohydrate derivative binding
tr|J0H612|J0H612_RHILT,GO:0032553,0.34064,ribonucleotide binding
tr|J0H612|J0H612_RHILT,GO:0017076,0.27154,purine nucleotide binding
tr|J0H612|J0H612_RHILT,GO:0032555,0.26932,purine ribonucleotide binding
tr|J0H612|J0H612_RHILT,GO:0035639,0.26023,purine ribonucleoside triphosphate binding
tr|J0H612|J0H612_RHILT,GO:0030554,0.12483,adenyl nucleotide binding
tr|J0H612|J0H612_RHILT,GO:0032559,0.12366,adenyl ribonucleotide binding
tr|J0H612|J0H612_RHILT,GO:0005524,0.11973,ATP binding
tr|J0HCT8|J0HCT8_RHILT,GO:0017076,0.20796,purine nucleotide binding
tr|J0HCT8|J0HCT8_RHILT,GO:0032553,0.20493,ribonucleotide binding
tr|J0HCT8|J0HCT8_RHILT,GO:0032555,0.20201,purine ribonucleotide binding
tr|J0HCT8|J0HCT8_RHILT,GO:0097367,0.20077,carbohydrate derivative binding
tr|J0HCT8|J0HCT8_RHILT,GO:0035639,0.19782,purine ribonucleoside triphosphate binding
tr|J0HCT8|J0HCT8_RHILT,GO:0046914,0.19040,transition metal ion binding
tr|J0HCT8|J0HCT8_RHILT,GO:0140096,0.17420,"catalytic activity, acting on a protein"
tr|J0HCT8|J0HCT8_RHILT,GO:0030554,0.13933,adenyl nucleotide binding
tr|J0HCT8|J0HCT8_RHILT,GO:0032559,0.13522,adenyl ribonucleotide binding
tr|J0HCT8|J0HCT8_RHILT,GO:0005524,0.13466,ATP binding
tr|J0RY59|J0RY59_9EURY,GO:0097367,0.11735,carbohydrate derivative binding
tr|J0RY59|J0RY59_9EURY,GO:0046914,0.10807,transition metal ion binding
tr|J0RY59|J0RY59_9EURY,GO:0032553,0.10325,ribonucleotide binding
tr|J1H030|J1H030_CLOS9,GO:0140096,0.10547,"catalytic activity, acting on a protein"
tr|J1H354|J1H354_CLOS9,GO:0097367,0.17137,carbohydrate derivative binding
tr|J1H354|J1H354_CLOS9,GO:0032553,0.15253,ribonucleotide binding
tr|J1H354|J1H354_CLOS9,GO:0032555,0.13692,purine ribonucleotide binding
tr|J1H354|J1H354_CLOS9,GO:0016829,0.13280,lyase activity
tr|J1H354|J1H354_CLOS9,GO:0035639,0.13135,purine ribonucleoside triphosphate binding
tr|J1H354|J1H354_CLOS9,GO:0017076,0.13112,purine nucleotide binding
tr|J1H354|J1H354_CLOS9,GO:0032559,0.11976,adenyl ribonucleotide binding
tr|J1H354|J1H354_CLOS9,GO:0005524,0.11548,ATP binding
tr|J1H354|J1H354_CLOS9,GO:0030554,0.11509,adenyl nucleotide binding
tr|J1HAK4|J1HAK4_CLOS9,GO:0016829,0.99996,lyase activity
tr|J1HAK4|J1HAK4_CLOS9,GO:0016835,0.99984,carbon-oxygen lyase activity
tr|J1HAK4|J1HAK4_CLOS9,GO:0016836,0.99965,hydro-lyase activity
tr|J1HAK4|J1HAK4_CLOS9,GO:0004634,0.99172,phosphopyruvate hydratase activity
tr|J1HAK4|J1HAK4_CLOS9,GO:0000287,0.94491,magnesium ion binding
tr|J1I3M7|J1I3M7_9BACT,GO:0097367,0.15729,carbohydrate derivative binding
tr|J1I3M7|J1I3M7_9BACT,GO:0005524,0.11431,ATP binding
tr|J1I3M7|J1I3M7_9BACT,GO:0032559,0.11404,adenyl ribonucleotide binding
tr|J1I3M7|J1I3M7_9BACT,GO:0030554,0.10454,adenyl nucleotide binding
tr|J1I3M7|J1I3M7_9BACT,GO:0032553,0.10408,ribonucleotide binding
tr|J1L3I8|J1L3I8_9EURY,GO:0097367,0.25423,carbohydrate derivative binding
tr|J1L3I8|J1L3I8_9EURY,GO:0032553,0.21322,ribonucleotide binding
tr|J1L3I8|J1L3I8_9EURY,GO:0032555,0.17117,purine ribonucleotide binding
tr|J1L3I8|J1L3I8_9EURY,GO:0035639,0.16925,purine ribonucleoside triphosphate binding
tr|J1L3I8|J1L3I8_9EURY,GO:0017076,0.15986,purine nucleotide binding
tr|J1L3I8|J1L3I8_9EURY,GO:0016874,0.11507,ligase activity
tr|J2PJM2|J2PJM2_9BACL,GO:0097367,0.16622,carbohydrate derivative binding
tr|J2PJM2|J2PJM2_9BACL,GO:0032553,0.14501,ribonucleotide binding
tr|J2PJM2|J2PJM2_9BACL,GO:0032555,0.13761,purine ribonucleotide binding
tr|J2PJM2|J2PJM2_9BACL,GO:0017076,0.13688,purine nucleotide binding
tr|J2PJM2|J2PJM2_9BACL,GO:0035639,0.13483,purine ribonucleoside triphosphate binding
tr|J2PJM2|J2PJM2_9BACL,GO:0032559,0.11026,adenyl ribonucleotide binding
tr|J2PJM2|J2PJM2_9BACL,GO:0030554,0.10980,adenyl nucleotide binding
tr|J2PJM2|J2PJM2_9BACL,GO:0005524,0.10861,ATP binding
tr|J3C526|J3C526_FLASC,GO:0097367,0.12448,carbohydrate derivative binding
tr|J3JFR1|J3JFR1_9EURY,GO:0097367,0.17329,carbohydrate derivative binding
tr|J3JFR1|J3JFR1_9EURY,GO:0032553,0.15560,ribonucleotide binding
tr|J3JFR1|J3JFR1_9EURY,GO:0032555,0.14073,purine ribonucleotide binding
tr|J3JFR1|J3JFR1_9EURY,GO:0017076,0.13869,purine nucleotide binding
tr|J3JFR1|J3JFR1_9EURY,GO:0140096,0.13825,"catalytic activity, acting on a protein"
tr|J3JFR1|J3JFR1_9EURY,GO:0035639,0.13700,purine ribonucleoside triphosphate binding
tr|J3JFR1|J3JFR1_9EURY,GO:0032559,0.13027,adenyl ribonucleotide binding
tr|J3JFR1|J3JFR1_9EURY,GO:0030554,0.12914,adenyl nucleotide binding
tr|J3JFR1|J3JFR1_9EURY,GO:0005524,0.12788,ATP binding
tr|J3JFR1|J3JFR1_9EURY,GO:0016773,0.11653,"phosphotransferase activity, alcohol group as acceptor"
tr|J3JFR1|J3JFR1_9EURY,GO:0016788,0.10431,"hydrolase activity, acting on ester bonds"
tr|J6UBS2|J6UBS2_9RHOB,GO:0046914,0.22638,transition metal ion binding
tr|J6UBS2|J6UBS2_9RHOB,GO:0097367,0.21189,carbohydrate derivative binding
tr|J6UBS2|J6UBS2_9RHOB,GO:0032553,0.18415,ribonucleotide binding
tr|J6UBS2|J6UBS2_9RHOB,GO:0051536,0.17229,iron-sulfur cluster binding
tr|J6UBS2|J6UBS2_9RHOB,GO:0051540,0.17224,metal cluster binding
tr|J6UBS2|J6UBS2_9RHOB,GO:0032555,0.16257,purine ribonucleotide binding
tr|J6UBS2|J6UBS2_9RHOB,GO:0035639,0.16133,purine ribonucleoside triphosphate binding
tr|J6UBS2|J6UBS2_9RHOB,GO:0017076,0.15500,purine nucleotide binding
tr|J6UBS2|J6UBS2_9RHOB,GO:0051539,0.12843,"4 iron, 4 sulfur cluster binding"
tr|J6UBS2|J6UBS2_9RHOB,GO:0032559,0.10742,adenyl ribonucleotide binding
tr|J6UBS2|J6UBS2_9RHOB,GO:0005524,0.10638,ATP binding
tr|J6UBS2|J6UBS2_9RHOB,GO:0030554,0.10260,adenyl nucleotide binding
tr|J7J1V9|J7J1V9_DESMD,GO:0016616,0.31122,"oxidoreductase activity, acting on the CH-OH group of donors, NAD or NADP as acceptor"
tr|J7J1V9|J7J1V9_DESMD,GO:0016614,0.28343,"oxidoreductase activity, acting on CH-OH group of donors"
tr|J7J1V9|J7J1V9_DESMD,GO:0097367,0.15116,carbohydrate derivative binding
tr|J7J1V9|J7J1V9_DESMD,GO:0032553,0.14503,ribonucleotide binding
tr|J7J1V9|J7J1V9_DESMD,GO:0016772,0.13670,"transferase activity, transferring phosphorus-containing groups"
tr|J7J1V9|J7J1V9_DESMD,GO:0051287,0.12458,NAD binding
tr|J7J1V9|J7J1V9_DESMD,GO:0032555,0.11017,purine ribonucleotide binding
tr|J7J1V9|J7J1V9_DESMD,GO:0017076,0.10935,purine nucleotide binding
tr|J7J1V9|J7J1V9_DESMD,GO:0035639,0.10760,purine ribonucleoside triphosphate binding
tr|J7J1V9|J7J1V9_DESMD,GO:0050661,0.10697,NADP binding
tr|J7LPI6|J7LPI6_SALET,GO:0005215,0.14989,transporter activity
tr|J7LPI6|J7LPI6_SALET,GO:0022857,0.14531,transmembrane transporter activity
tr|J7LQP0|J7LQP0_SALET,GO:0003677,0.11776,DNA binding
tr|J7LQP0|J7LQP0_SALET,GO:0003723,0.10122,RNA binding
tr|J7Q6J5|J7Q6J5_ECOLX,GO:0097367,0.20978,carbohydrate derivative binding
tr|J7Q6J5|J7Q6J5_ECOLX,GO:0032553,0.17010,ribonucleotide binding
tr|J7Q6J5|J7Q6J5_ECOLX,GO:0016829,0.13850,lyase activity
tr|J7Q6J5|J7Q6J5_ECOLX,GO:0017076,0.13605,purine nucleotide binding
tr|J7Q6J5|J7Q6J5_ECOLX,GO:0032555,0.13328,purine ribonucleotide binding
tr|J7Q6J5|J7Q6J5_ECOLX,GO:0035639,0.13008,purine ribonucleoside triphosphate binding
tr|J7Q6J5|J7Q6J5_ECOLX,GO:0046914,0.11786,transition metal ion binding
tr|J7QY30|J7QY30_ECOLX,GO:0046914,0.18480,transition metal ion binding
tr|J7QY30|J7QY30_ECOLX,GO:0003677,0.12156,DNA binding
tr|J7QY30|J7QY30_ECOLX,GO:0140096,0.11564,"catalytic activity, acting on a protein"
tr|J7QY30|J7QY30_ECOLX,GO:0008270,0.11049,zinc ion binding
tr|J7QY30|J7QY30_ECOLX,GO:0016829,0.10662,lyase activity
tr|J9G6Y0|J9G6Y0_9ZZZZ,GO:0032553,0.91545,ribonucleotide binding
tr|J9G6Y0|J9G6Y0_9ZZZZ,GO:0097367,0.91460,carbohydrate derivative binding
tr|J9G6Y0|J9G6Y0_9ZZZZ,GO:0035639,0.90981,purine ribonucleoside triphosphate binding
tr|J9G6Y0|J9G6Y0_9ZZZZ,GO:0032555,0.90951,purine ribonucleotide binding
tr|J9G6Y0|J9G6Y0_9ZZZZ,GO:0017076,0.90777,purine nucleotide binding
tr|J9G6Y0|J9G6Y0_9ZZZZ,GO:0032559,0.89243,adenyl ribonucleotide binding
tr|J9G6Y0|J9G6Y0_9ZZZZ,GO:0005524,0.89235,ATP binding
tr|J9G6Y0|J9G6Y0_9ZZZZ,GO:0030554,0.89117,adenyl nucleotide binding
tr|J9G6Y0|J9G6Y0_9ZZZZ,GO:0051082,0.52526,unfolded protein binding
tr|J9VFD8|J9VFD8_MYCTX,GO:0097367,0.19129,carbohydrate derivative binding
tr|J9VFD8|J9VFD8_MYCTX,GO:0032553,0.16067,ribonucleotide binding
tr|J9VFD8|J9VFD8_MYCTX,GO:0032555,0.15840,purine ribonucleotide binding
tr|J9VFD8|J9VFD8_MYCTX,GO:0017076,0.15706,purine nucleotide binding
tr|J9VFD8|J9VFD8_MYCTX,GO:0035639,0.15698,purine ribonucleoside triphosphate binding
tr|J9VFD8|J9VFD8_MYCTX,GO:0016772,0.10524,"transferase activity, transferring phosphorus-containing groups"
tr|K0YV38|K0YV38_9ACTO,GO:0097367,0.12181,carbohydrate derivative binding
tr|K0YV38|K0YV38_9ACTO,GO:0016829,0.11128,lyase activity
tr|K0YV38|K0YV38_9ACTO,GO:0032553,0.10417,ribonucleotide binding
tr|K0YV38|K0YV38_9ACTO,GO:0032559,0.10396,adenyl ribonucleotide binding
tr|K0YV38|K0YV38_9ACTO,GO:0005524,0.10298,ATP binding
tr|K0YV38|K0YV38_9ACTO,GO:0030554,0.10199,adenyl nucleotide binding
tr|K1MCD4|K1MCD4_9LACT,GO:0097367,0.24027,carbohydrate derivative binding
tr|K1MCD4|K1MCD4_9LACT,GO:0017076,0.23351,purine nucleotide binding
tr|K1MCD4|K1MCD4_9LACT,GO:0032553,0.22309,ribonucleotide binding
tr|K1MCD4|K1MCD4_9LACT,GO:0032555,0.21344,purine ribonucleotide binding
tr|K1MCD4|K1MCD4_9LACT,GO:0035639,0.21038,purine ribonucleoside triphosphate binding
tr|K1MCD4|K1MCD4_9LACT,GO:0030554,0.16653,adenyl nucleotide binding
tr|K1MCD4|K1MCD4_9LACT,GO:0032559,0.15059,adenyl ribonucleotide binding
tr|K1MCD4|K1MCD4_9LACT,GO:0005524,0.14846,ATP binding
tr|K1MCD4|K1MCD4_9LACT,GO:0140096,0.11718,"catalytic activity, acting on a protein"
tr|K1MCD4|K1MCD4_9LACT,GO:0000287,0.11155,magnesium ion binding
tr|K1TSN6|K1TSN6_9ZZZZ,GO:0140096,0.19259,"catalytic activity, acting on a protein"
tr|K1TSN6|K1TSN6_9ZZZZ,GO:0016798,0.18695,"hydrolase activity, acting on glycosyl bonds"
tr|K1TSN6|K1TSN6_9ZZZZ,GO:0008233,0.17528,peptidase activity
tr|K1TSN6|K1TSN6_9ZZZZ,GO:0004553,0.17025,"hydrolase activity, hydrolyzing O-glycosyl compounds"
tr|K1WWL5|K1WWL5_MARBU,GO:0097367,0.21242,carbohydrate derivative binding
tr|K1WWL5|K1WWL5_MARBU,GO:0032553,0.19974,ribonucleotide binding
tr|K1WWL5|K1WWL5_MARBU,GO:0017076,0.17120,purine nucleotide binding
tr|K1WWL5|K1WWL5_MARBU,GO:0032555,0.17088,purine ribonucleotide binding
tr|K1WWL5|K1WWL5_MARBU,GO:0035639,0.16588,purine ribonucleoside triphosphate binding
tr|K1WWL5|K1WWL5_MARBU,GO:0030554,0.13501,adenyl nucleotide binding
tr|K1WWL5|K1WWL5_MARBU,GO:0032559,0.13443,adenyl ribonucleotide binding
tr|K1WWL5|K1WWL5_MARBU,GO:0005524,0.13145,ATP binding
tr|K1Y0P8|K1Y0P8_9BACT,GO:0097367,0.19428,carbohydrate derivative binding
tr|K1Y0P8|K1Y0P8_9BACT,GO:0032553,0.18416,ribonucleotide binding
tr|K1Y0P8|K1Y0P8_9BACT,GO:0017076,0.16258,purine nucleotide binding
tr|K1Y0P8|K1Y0P8_9BACT,GO:0032555,0.16092,purine ribonucleotide binding
tr|K1Y0P8|K1Y0P8_9BACT,GO:0035639,0.15690,purine ribonucleoside triphosphate binding
tr|K1Y0P8|K1Y0P8_9BACT,GO:0030554,0.12352,adenyl nucleotide binding
tr|K1Y0P8|K1Y0P8_9BACT,GO:0032559,0.12176,adenyl ribonucleotide binding
tr|K1Y0P8|K1Y0P8_9BACT,GO:0005524,0.11866,ATP binding
tr|K1Y2X6|K1Y2X6_9BACT,GO:0016798,0.18883,"hydrolase activity, acting on glycosyl bonds"
tr|K1Y2X6|K1Y2X6_9BACT,GO:0004553,0.17288,"hydrolase activity, hydrolyzing O-glycosyl compounds"
tr|K1Y3I3|K1Y3I3_9BACT,GO:0097367,0.11510,carbohydrate derivative binding
tr|K1Y6T9|K1Y6T9_9BACT,GO:0097367,0.11545,carbohydrate derivative binding
tr|K1Y6T9|K1Y6T9_9BACT,GO:0030554,0.10775,adenyl nucleotide binding
tr|K1Y6T9|K1Y6T9_9BACT,GO:0032559,0.10156,adenyl ribonucleotide binding
tr|K1Y8P4|K1Y8P4_9BACT,GO:0003723,0.22776,RNA binding
tr|K1Y8P4|K1Y8P4_9BACT,GO:0019843,0.13448,rRNA binding
tr|K1Y8P4|K1Y8P4_9BACT,GO:0005198,0.13237,structural molecule activity
tr|K1YCX2|K1YCX2_9BACT,GO:0003723,0.10930,RNA binding
tr|K2CR50|K2CR50_9BACT,GO:0016788,0.11065,"hydrolase activity, acting on ester bonds"
tr|K2CR50|K2CR50_9BACT,GO:0140096,0.10820,"catalytic activity, acting on a protein"
tr|K2CT31|K2CT31_9BACT,GO:0032553,0.98725,ribonucleotide binding
tr|K2CT31|K2CT31_9BACT,GO:0035639,0.98643,purine ribonucleoside triphosphate binding
tr|K2CT31|K2CT31_9BACT,GO:0005524,0.98616,ATP binding
tr|K2CT31|K2CT31_9BACT,GO:0032555,0.98566,purine ribonucleotide binding
tr|K2CT31|K2CT31_9BACT,GO:0032559,0.98562,adenyl ribonucleotide binding
tr|K2CT31|K2CT31_9BACT,GO:0097367,0.98456,carbohydrate derivative binding
tr|K2CT31|K2CT31_9BACT,GO:0017076,0.98410,purine nucleotide binding
tr|K2CT31|K2CT31_9BACT,GO:0030554,0.98410,adenyl nucleotide binding
tr|K2CT31|K2CT31_9BACT,GO:0016301,0.94238,kinase activity
tr|K2CT31|K2CT31_9BACT,GO:0016772,0.88316,"transferase activity, transferring phosphorus-containing groups"
tr|K2CT31|K2CT31_9BACT,GO:0016773,0.67669,"phosphotransferase activity, alcohol group as acceptor"
tr|K2CT31|K2CT31_9BACT,GO:0008443,0.44560,phosphofructokinase activity
tr|K2CT31|K2CT31_9BACT,GO:0019200,0.29997,carbohydrate kinase activity
tr|K2D2X6|K2D2X6_9BACT,GO:0032553,0.99949,ribonucleotide binding
tr|K2D2X6|K2D2X6_9BACT,GO:0097367,0.99939,carbohydrate derivative binding
tr|K2D2X6|K2D2X6_9BACT,GO:0017076,0.99909,purine nucleotide binding
tr|K2D2X6|K2D2X6_9BACT,GO:0032555,0.99895,purine ribonucleotide binding
tr|K2D2X6|K2D2X6_9BACT,GO:0035639,0.99893,purine ribonucleoside triphosphate binding
tr|K2D2X6|K2D2X6_9BACT,GO:0001883,0.99071,purine nucleoside binding
tr|K2D2X6|K2D2X6_9BACT,GO:0032550,0.99068,purine ribonucleoside binding
tr|K2D2X6|K2D2X6_9BACT,GO:0005525,0.99032,GTP binding
tr|K2D2X6|K2D2X6_9BACT,GO:0019001,0.99013,guanyl nucleotide binding
tr|K2D2X6|K2D2X6_9BACT,GO:0032549,0.98966,ribonucleoside binding
tr|K2D2X6|K2D2X6_9BACT,GO:0001882,0.98963,nucleoside binding
tr|K2D2X6|K2D2X6_9BACT,GO:0032561,0.98958,guanyl ribonucleotide binding
tr|K2D2X6|K2D2X6_9BACT,GO:0017111,0.97658,nucleoside-triphosphatase activity
tr|K2D2X6|K2D2X6_9BACT,GO:0016462,0.96969,pyrophosphatase activity
tr|K2D2X6|K2D2X6_9BACT,GO:0016817,0.96815,"hydrolase activity, acting on acid anhydrides"
tr|K2D2X6|K2D2X6_9BACT,GO:0016818,0.96810,"hydrolase activity, acting on acid anhydrides, in phosphorus-containing anhydrides"
tr|K2D2X6|K2D2X6_9BACT,GO:0003924,0.96516,GTPase activity
tr|K2D2X6|K2D2X6_9BACT,GO:0003723,0.46657,RNA binding
tr|K2D2X6|K2D2X6_9BACT,GO:0008135,0.39164,"translation factor activity, RNA binding"
tr|K2D2X6|K2D2X6_9BACT,GO:0090079,0.38946,"translation regulator activity, nucleic acid binding"
tr|K2D2X6|K2D2X6_9BACT,GO:0045182,0.38812,translation regulator activity
tr|K2D2X6|K2D2X6_9BACT,GO:0003746,0.13718,translation elongation factor activity
tr|K2D500|K2D500_9BACT,GO:0016616,0.71371,"oxidoreductase activity, acting on the CH-OH group of donors, NAD or NADP as acceptor"
tr|K2D500|K2D500_9BACT,GO:0016614,0.71119,"oxidoreductase activity, acting on CH-OH group of donors"
tr|K2D500|K2D500_9BACT,GO:0051287,0.31785,NAD binding
tr|K2DQ07|K2DQ07_9BACT,GO:0097367,0.13949,carbohydrate derivative binding
tr|K2DQ07|K2DQ07_9BACT,GO:0032553,0.13015,ribonucleotide binding
tr|K2DQ07|K2DQ07_9BACT,GO:0032555,0.10077,purine ribonucleotide binding
tr|K2DQQ0|K2DQQ0_9BACT,GO:0097367,0.13094,carbohydrate derivative binding
tr|K2DQQ0|K2DQQ0_9BACT,GO:0032553,0.10889,ribonucleotide binding
tr|K2E7V3|K2E7V3_9BACT,GO:0140096,0.15582,"catalytic activity, acting on a protein"
tr|K2E7V3|K2E7V3_9BACT,GO:0016788,0.10323,"hydrolase activity, acting on ester bonds"
tr|K2Q9W3|K2Q9W3_METFP,GO:0003723,0.17407,RNA binding
tr|K2Q9W3|K2Q9W3_METFP,GO:0019843,0.14481,rRNA binding
tr|K2Q9W3|K2Q9W3_METFP,GO:0005198,0.11284,structural molecule activity
tr|K2Q9W3|K2Q9W3_METFP,GO:0003735,0.10938,structural constituent of ribosome
tr|K2QE46|K2QE46_METFP,GO:0016763,0.46431,"transferase activity, transferring pentosyl groups"
tr|K2QE46|K2QE46_METFP,GO:0016757,0.41267,"transferase activity, transferring glycosyl groups"
tr|K2QE46|K2QE46_METFP,GO:0000287,0.14723,magnesium ion binding
tr|K2QE46|K2QE46_METFP,GO:0106130,0.10632,purine phosphoribosyltransferase activity
tr|K2QWB3|K2QWB3_METFP,GO:0097367,0.18781,carbohydrate derivative binding
tr|K2QWB3|K2QWB3_METFP,GO:0032553,0.17674,ribonucleotide binding
tr|K2QWB3|K2QWB3_METFP,GO:0032555,0.17440,purine ribonucleotide binding
tr|K2QWB3|K2QWB3_METFP,GO:0035639,0.16983,purine ribonucleoside triphosphate binding
tr|K2QWB3|K2QWB3_METFP,GO:0017076,0.16457,purine nucleotide binding
tr|K2QWB3|K2QWB3_METFP,GO:0032559,0.14923,adenyl ribonucleotide binding
tr|K2QWB3|K2QWB3_METFP,GO:0005524,0.14547,ATP binding
tr|K2QWB3|K2QWB3_METFP,GO:0030554,0.14104,adenyl nucleotide binding
tr|K2QWB3|K2QWB3_METFP,GO:0140096,0.13744,"catalytic activity, acting on a protein"
tr|K2QWB3|K2QWB3_METFP,GO:0003677,0.11231,DNA binding
tr|K2QWB3|K2QWB3_METFP,GO:0016853,0.10750,isomerase activity
tr|K2QWB3|K2QWB3_METFP,GO:0016788,0.10716,"hydrolase activity, acting on ester bonds"
tr|K2QYM4|K2QYM4_METFP,GO:0097367,0.20542,carbohydrate derivative binding
tr|K2QYM4|K2QYM4_METFP,GO:0032553,0.18308,ribonucleotide binding
tr|K2QYM4|K2QYM4_METFP,GO:0017076,0.15944,purine nucleotide binding
tr|K2QYM4|K2QYM4_METFP,GO:0030554,0.15465,adenyl nucleotide binding
tr|K2QYM4|K2QYM4_METFP,GO:0032555,0.14448,purine ribonucleotide binding
tr|K2QYM4|K2QYM4_METFP,GO:0035639,0.14021,purine ribonucleoside triphosphate binding
tr|K2QYM4|K2QYM4_METFP,GO:0032559,0.13999,adenyl ribonucleotide binding
tr|K2QYM4|K2QYM4_METFP,GO:0005524,0.13628,ATP binding
tr|K2R153|K2R153_METFP,GO:0003677,0.22498,DNA binding
tr|K2R2T6|K2R2T6_METFP,GO:0140096,0.54564,"catalytic activity, acting on a protein"
tr|K2R2T6|K2R2T6_METFP,GO:0008233,0.50522,peptidase activity
tr|K2R2T6|K2R2T6_METFP,GO:0004175,0.40051,endopeptidase activity
tr|K2R2T6|K2R2T6_METFP,GO:0004298,0.35354,threonine-type endopeptidase activity
tr|K2R2T6|K2R2T6_METFP,GO:0070003,0.34984,threonine-type peptidase activity
tr|K2R3X9|K2R3X9_METFP,GO:0097367,0.14014,carbohydrate derivative binding
tr|K2R3X9|K2R3X9_METFP,GO:0016829,0.12047,lyase activity
tr|K2R3X9|K2R3X9_METFP,GO:0032553,0.11455,ribonucleotide binding
tr|K2R6I7|K2R6I7_METFP,GO:0051540,0.84048,metal cluster binding
tr|K2R6I7|K2R6I7_METFP,GO:0051536,0.84039,iron-sulfur cluster binding
tr|K2R6I7|K2R6I7_METFP,GO:0051539,0.75009,"4 iron, 4 sulfur cluster binding"
tr|K2R6I7|K2R6I7_METFP,GO:0046914,0.18543,transition metal ion binding
tr|K2R6I7|K2R6I7_METFP,GO:0005506,0.10201,iron ion binding
tr|K2R8M5|K2R8M5_METFP,GO:0097367,0.24258,carbohydrate derivative binding
tr|K2R8M5|K2R8M5_METFP,GO:0032553,0.23445,ribonucleotide binding
tr|K2R8M5|K2R8M5_METFP,GO:0032555,0.21999,purine ribonucleotide binding
tr|K2R8M5|K2R8M5_METFP,GO:0035639,0.21849,purine ribonucleoside triphosphate binding
tr|K2R8M5|K2R8M5_METFP,GO:0017076,0.21271,purine nucleotide binding
tr|K2R8M5|K2R8M5_METFP,GO:0032559,0.14871,adenyl ribonucleotide binding
tr|K2R8M5|K2R8M5_METFP,GO:0005524,0.14791,ATP binding
tr|K2R8M5|K2R8M5_METFP,GO:0003723,0.14597,RNA binding
tr|K2R8M5|K2R8M5_METFP,GO:0030554,0.14371,adenyl nucleotide binding
tr|K2R8M5|K2R8M5_METFP,GO:0003677,0.13104,DNA binding
tr|K2R8M5|K2R8M5_METFP,GO:0000287,0.12055,magnesium ion binding
tr|K2R8M5|K2R8M5_METFP,GO:0016462,0.10488,pyrophosphatase activity
tr|K2R8M5|K2R8M5_METFP,GO:0016818,0.10391,"hydrolase activity, acting on acid anhydrides, in phosphorus-containing anhydrides"
tr|K2R8M5|K2R8M5_METFP,GO:0016817,0.10379,"hydrolase activity, acting on acid anhydrides"
tr|K2R8M5|K2R8M5_METFP,GO:0016874,0.10307,ligase activity
tr|K2RAN9|K2RAN9_METFP,GO:0016829,0.13830,lyase activity
tr|K2RAW4|K2RAW4_METFP,GO:0046914,0.11285,transition metal ion binding
tr|K2RBU1|K2RBU1_METFP,GO:0035639,0.99993,purine ribonucleoside triphosphate binding
tr|K2RBU1|K2RBU1_METFP,GO:0032555,0.99993,purine ribonucleotide binding
tr|K2RBU1|K2RBU1_METFP,GO:0005524,0.99992,ATP binding
tr|K2RBU1|K2RBU1_METFP,GO:0032559,0.99992,adenyl ribonucleotide binding
tr|K2RBU1|K2RBU1_METFP,GO:0032553,0.99992,ribonucleotide binding
tr|K2RBU1|K2RBU1_METFP,GO:0017076,0.99992,purine nucleotide binding
tr|K2RBU1|K2RBU1_METFP,GO:0030554,0.99992,adenyl nucleotide binding
tr|K2RBU1|K2RBU1_METFP,GO:0097367,0.99990,carbohydrate derivative binding
tr|K2RBU1|K2RBU1_METFP,GO:0015078,0.99076,proton transmembrane transporter activity
tr|K2RBU1|K2RBU1_METFP,GO:0015075,0.98937,ion transmembrane transporter activity
tr|K2RBU1|K2RBU1_METFP,GO:0022857,0.98686,transmembrane transporter activity
tr|K2RBU1|K2RBU1_METFP,GO:0005215,0.98360,transporter activity
tr|K2RBU1|K2RBU1_METFP,GO:0008324,0.98349,cation transmembrane transporter activity
tr|K2RBU1|K2RBU1_METFP,GO:0022890,0.98269,inorganic cation transmembrane transporter activity
tr|K2RBU1|K2RBU1_METFP,GO:0015318,0.97792,inorganic molecular entity transmembrane transporter activity
tr|K2RBU1|K2RBU1_METFP,GO:0046933,0.96788,"proton-transporting ATP synthase activity, rotational mechanism"
tr|K2RBU1|K2RBU1_METFP,GO:0015252,0.96727,proton channel activity
tr|K2RBU1|K2RBU1_METFP,GO:0005261,0.94534,cation channel activity
tr|K2RBU1|K2RBU1_METFP,GO:0005216,0.93773,ion channel activity
tr|K2RBU1|K2RBU1_METFP,GO:0022803,0.92990,passive transmembrane transporter activity
tr|K2RBU1|K2RBU1_METFP,GO:0015267,0.92979,channel activity
tr|K2RBU1|K2RBU1_METFP,GO:0016874,0.91308,ligase activity
tr|K2RBU1|K2RBU1_METFP,GO:0042625,0.21404,ATPase-coupled ion transmembrane transporter activity
tr|K2RBU1|K2RBU1_METFP,GO:0042626,0.20657,ATPase-coupled transmembrane transporter activity
tr|K2RBU1|K2RBU1_METFP,GO:0015399,0.20538,primary active transmembrane transporter activity
tr|K2RBU1|K2RBU1_METFP,GO:0022853,0.20518,active ion transmembrane transporter activity
tr|K2RBU1|K2RBU1_METFP,GO:0022804,0.17413,active transmembrane transporter activity
tr|K2RBU1|K2RBU1_METFP,GO:0009678,0.12234,pyrophosphate hydrolysis-driven proton transmembrane transporter activity
tr|K2RBU1|K2RBU1_METFP,GO:0019829,0.11270,ATPase-coupled cation transmembrane transporter activity
tr|K2RBU1|K2RBU1_METFP,GO:0016818,0.10703,"hydrolase activity, acting on acid anhydrides, in phosphorus-containing anhydrides"
tr|K2RBU1|K2RBU1_METFP,GO:0016817,0.10621,"hydrolase activity, acting on acid anhydrides"
tr|K2RBU1|K2RBU1_METFP,GO:0044769,0.10452,"ATPase activity, coupled to transmembrane movement of ions, rotational mechanism"
tr|K2RCN2|K2RCN2_METFP,GO:0051540,0.51110,metal cluster binding
tr|K2RCN2|K2RCN2_METFP,GO:0051536,0.51059,iron-sulfur cluster binding
tr|K2RCN2|K2RCN2_METFP,GO:0046914,0.48390,transition metal ion binding
tr|K2RCN2|K2RCN2_METFP,GO:0051539,0.38158,"4 iron, 4 sulfur cluster binding"
tr|K2RCN2|K2RCN2_METFP,GO:0016829,0.25206,lyase activity
tr|K2RCN2|K2RCN2_METFP,GO:0008270,0.23383,zinc ion binding
tr|K2RCN2|K2RCN2_METFP,GO:0005506,0.18751,iron ion binding
tr|K2RCN2|K2RCN2_METFP,GO:0016830,0.13304,carbon-carbon lyase activity
tr|K2RCN2|K2RCN2_METFP,GO:0000287,0.10053,magnesium ion binding
tr|K2REI5|K2REI5_METFP,GO:0051536,0.87654,iron-sulfur cluster binding
tr|K2REI5|K2REI5_METFP,GO:0051540,0.87641,metal cluster binding
tr|K2REI5|K2REI5_METFP,GO:0051539,0.77489,"4 iron, 4 sulfur cluster binding"
tr|K2REI5|K2REI5_METFP,GO:0046914,0.42541,transition metal ion binding
tr|K2REI5|K2REI5_METFP,GO:0005506,0.14937,iron ion binding
tr|K2REI5|K2REI5_METFP,GO:0140096,0.11586,"catalytic activity, acting on a protein"
tr|K2RRN3|K2RRN3_METFP,GO:0046914,0.23644,transition metal ion binding
tr|K2RRN3|K2RRN3_METFP,GO:0051540,0.17853,metal cluster binding
tr|K2RRN3|K2RRN3_METFP,GO:0051536,0.17806,iron-sulfur cluster binding
tr|K2RRN3|K2RRN3_METFP,GO:0016829,0.17259,lyase activity
tr|K2RRN3|K2RRN3_METFP,GO:0051539,0.14197,"4 iron, 4 sulfur cluster binding"
tr|K2RRZ7|K2RRZ7_METFP,GO:0003677,0.15461,DNA binding
tr|K2RRZ7|K2RRZ7_METFP,GO:0003723,0.10128,RNA binding
tr|K3ZHE6|K3ZHE6_SETIT,GO:0140096,0.13627,"catalytic activity, acting on a protein"
tr|K4KZ81|K4KZ81_SIMAS,GO:0097367,0.29442,carbohydrate derivative binding
tr|K4KZ81|K4KZ81_SIMAS,GO:0032553,0.21841,ribonucleotide binding
tr|K4KZ81|K4KZ81_SIMAS,GO:0032555,0.19087,purine ribonucleotide binding
tr|K4KZ81|K4KZ81_SIMAS,GO:0035639,0.18722,purine ribonucleoside triphosphate binding
tr|K4KZ81|K4KZ81_SIMAS,GO:0017076,0.16940,purine nucleotide binding
tr|K4KZ81|K4KZ81_SIMAS,GO:0032559,0.10159,adenyl ribonucleotide binding
tr|K5CJG4|K5CJG4_9BACE,GO:0097367,0.10027,carbohydrate derivative binding
tr|K6AP91|K6AP91_9BACT,GO:0016874,0.13340,ligase activity
tr|K6AP91|K6AP91_9BACT,GO:0097367,0.12160,carbohydrate derivative binding
tr|K6AP91|K6AP91_9BACT,GO:0032553,0.11302,ribonucleotide binding
tr|K6AP91|K6AP91_9BACT,GO:0017076,0.10870,purine nucleotide binding
tr|K6AP91|K6AP91_9BACT,GO:0032555,0.10841,purine ribonucleotide binding
tr|K6AP91|K6AP91_9BACT,GO:0035639,0.10437,purine ribonucleoside triphosphate binding
tr|K6ATV6|K6ATV6_9BACT,GO:0016798,0.22407,"hydrolase activity, acting on glycosyl bonds"
tr|K6ATV6|K6ATV6_9BACT,GO:0004553,0.19991,"hydrolase activity, hydrolyzing O-glycosyl compounds"
tr|K6ATV6|K6ATV6_9BACT,GO:0008233,0.11475,peptidase activity
tr|K6C025|K6C025_SCHAZ,GO:0016829,0.11351,lyase activity
tr|K6C025|K6C025_SCHAZ,GO:0140096,0.11240,"catalytic activity, acting on a protein"
tr|K6T7B3|K6T7B3_9EURY,GO:0016763,0.52440,"transferase activity, transferring pentosyl groups"
tr|K6T7B3|K6T7B3_9EURY,GO:0016757,0.46483,"transferase activity, transferring glycosyl groups"
tr|K6T7B3|K6T7B3_9EURY,GO:0106130,0.15374,purine phosphoribosyltransferase activity
tr|K6T7B3|K6T7B3_9EURY,GO:0000287,0.12137,magnesium ion binding
tr|K6TIY8|K6TIY8_9EURY,GO:0003723,0.11301,RNA binding
tr|K6TLX4|K6TLX4_9EURY,GO:0051540,0.55685,metal cluster binding
tr|K6TLX4|K6TLX4_9EURY,GO:0051536,0.55649,iron-sulfur cluster binding
tr|K6TLX4|K6TLX4_9EURY,GO:0046914,0.45208,transition metal ion binding
tr|K6TLX4|K6TLX4_9EURY,GO:0051539,0.43969,"4 iron, 4 sulfur cluster binding"
tr|K6TLX4|K6TLX4_9EURY,GO:0016829,0.25641,lyase activity
tr|K6TLX4|K6TLX4_9EURY,GO:0008270,0.22507,zinc ion binding
tr|K6TLX4|K6TLX4_9EURY,GO:0005506,0.19642,iron ion binding
tr|K6TLX4|K6TLX4_9EURY,GO:0016830,0.13946,carbon-carbon lyase activity
tr|K6TLX4|K6TLX4_9EURY,GO:0016667,0.10822,"oxidoreductase activity, acting on a sulfur group of donors"
tr|K6TLX4|K6TLX4_9EURY,GO:0016651,0.10575,"oxidoreductase activity, acting on NAD(P)H"
tr|K6TLX4|K6TLX4_9EURY,GO:0000287,0.10109,magnesium ion binding
tr|K6TPF5|K6TPF5_9EURY,GO:0016829,0.21918,lyase activity
tr|K6TPF5|K6TPF5_9EURY,GO:0046914,0.21741,transition metal ion binding
tr|K6TPF5|K6TPF5_9EURY,GO:0051540,0.16062,metal cluster binding
tr|K6TPF5|K6TPF5_9EURY,GO:0051536,0.16020,iron-sulfur cluster binding
tr|K6TPF5|K6TPF5_9EURY,GO:0051539,0.12053,"4 iron, 4 sulfur cluster binding"
tr|K6TT41|K6TT41_9EURY,GO:0046914,0.32570,transition metal ion binding
tr|K6TT41|K6TT41_9EURY,GO:0051540,0.26071,metal cluster binding
tr|K6TT41|K6TT41_9EURY,GO:0051536,0.25988,iron-sulfur cluster binding
tr|K6TT41|K6TT41_9EURY,GO:0008270,0.15644,zinc ion binding
tr|K6TT41|K6TT41_9EURY,GO:0051539,0.14280,"4 iron, 4 sulfur cluster binding"
tr|K6TT41|K6TT41_9EURY,GO:0140096,0.12330,"catalytic activity, acting on a protein"
tr|K6TT41|K6TT41_9EURY,GO:0097367,0.10139,carbohydrate derivative binding
tr|K6TY70|K6TY70_9EURY,GO:0004553,0.20072,"hydrolase activity, hydrolyzing O-glycosyl compounds"
tr|K6TY70|K6TY70_9EURY,GO:0097367,0.16283,carbohydrate derivative binding
tr|K6TY70|K6TY70_9EURY,GO:0016798,0.13419,"hydrolase activity, acting on glycosyl bonds"
tr|K6TY70|K6TY70_9EURY,GO:0032555,0.10491,purine ribonucleotide binding
tr|K6TY70|K6TY70_9EURY,GO:0035639,0.10198,purine ribonucleoside triphosphate binding
tr|K6U020|K6U020_9EURY,GO:0003735,0.62717,structural constituent of ribosome
tr|K6U020|K6U020_9EURY,GO:0005198,0.58803,structural molecule activity
tr|K6U020|K6U020_9EURY,GO:0003723,0.50916,RNA binding
tr|K6U020|K6U020_9EURY,GO:0019843,0.39108,rRNA binding
tr|K6U0D5|K6U0D5_9EURY,GO:0003677,0.11885,DNA binding
tr|K6U1N4|K6U1N4_9EURY,GO:0003677,0.11784,DNA binding
tr|K6U3N2|K6U3N2_9EURY,GO:0003735,0.22351,structural constituent of ribosome
tr|K6U3N2|K6U3N2_9EURY,GO:0005198,0.18919,structural molecule activity
tr|K6U3N2|K6U3N2_9EURY,GO:0003723,0.15002,RNA binding
tr|K6U3N2|K6U3N2_9EURY,GO:0003677,0.12764,DNA binding
tr|K6U6K0|K6U6K0_9EURY,GO:0003735,0.14455,structural constituent of ribosome
tr|K6U6K0|K6U6K0_9EURY,GO:0005198,0.14062,structural molecule activity
tr|K6U6K0|K6U6K0_9EURY,GO:0003723,0.11949,RNA binding
tr|K6U8X0|K6U8X0_9EURY,GO:0051540,0.34892,metal cluster binding
tr|K6U8X0|K6U8X0_9EURY,GO:0051536,0.34764,iron-sulfur cluster binding
tr|K6U8X0|K6U8X0_9EURY,GO:0051539,0.22034,"4 iron, 4 sulfur cluster binding"
tr|K6U8X0|K6U8X0_9EURY,GO:0046914,0.14125,transition metal ion binding
tr|K6U8X0|K6U8X0_9EURY,GO:0016667,0.11196,"oxidoreductase activity, acting on a sulfur group of donors"
tr|K6U8X0|K6U8X0_9EURY,GO:0016829,0.10046,lyase activity
tr|K6Y347|K6Y347_9ALTE,GO:0046914,0.11807,transition metal ion binding
tr|K6Y347|K6Y347_9ALTE,GO:0003677,0.11415,DNA binding
tr|K6Y347|K6Y347_9ALTE,GO:0097367,0.11115,carbohydrate derivative binding
tr|K7ATD6|K7ATD6_9ALTE,GO:0003677,0.12521,DNA binding
tr|K7ZPQ2|K7ZPQ2_9BACT,GO:0016829,0.15318,lyase activity
tr|K7ZPQ2|K7ZPQ2_9BACT,GO:0003677,0.12012,DNA binding
tr|K7ZPQ2|K7ZPQ2_9BACT,GO:0140096,0.10192,"catalytic activity, acting on a protein"
tr|K8EA32|K8EA32_9FIRM,GO:0097367,0.21786,carbohydrate derivative binding
tr|K8EA32|K8EA32_9FIRM,GO:0032553,0.19445,ribonucleotide binding
tr|K8EA32|K8EA32_9FIRM,GO:0032555,0.18256,purine ribonucleotide binding
tr|K8EA32|K8EA32_9FIRM,GO:0017076,0.17910,purine nucleotide binding
tr|K8EA32|K8EA32_9FIRM,GO:0035639,0.17602,purine ribonucleoside triphosphate binding
tr|K8EA32|K8EA32_9FIRM,GO:0032559,0.15481,adenyl ribonucleotide binding
tr|K8EA32|K8EA32_9FIRM,GO:0030554,0.15251,adenyl nucleotide binding
tr|K8EA32|K8EA32_9FIRM,GO:0005524,0.14952,ATP binding
tr|K8PA47|K8PA47_9BRAD,GO:0032555,0.99999,purine ribonucleotide binding
tr|K8PA47|K8PA47_9BRAD,GO:0035639,0.99999,purine ribonucleoside triphosphate binding
tr|K8PA47|K8PA47_9BRAD,GO:0017076,0.99999,purine nucleotide binding
tr|K8PA47|K8PA47_9BRAD,GO:0032553,0.99999,ribonucleotide binding
tr|K8PA47|K8PA47_9BRAD,GO:0097367,0.99998,carbohydrate derivative binding
tr|K8PA47|K8PA47_9BRAD,GO:0032559,0.99968,adenyl ribonucleotide binding
tr|K8PA47|K8PA47_9BRAD,GO:0005524,0.99968,ATP binding
tr|K8PA47|K8PA47_9BRAD,GO:0030554,0.99966,adenyl nucleotide binding
tr|K8PA47|K8PA47_9BRAD,GO:0016818,0.99924,"hydrolase activity, acting on acid anhydrides, in phosphorus-containing anhydrides"
tr|K8PA47|K8PA47_9BRAD,GO:0016817,0.99924,"hydrolase activity, acting on acid anhydrides"
tr|K8PA47|K8PA47_9BRAD,GO:0016462,0.99918,pyrophosphatase activity
tr|K8PA47|K8PA47_9BRAD,GO:0017111,0.99888,nucleoside-triphosphatase activity
tr|K8PA47|K8PA47_9BRAD,GO:0016887,0.99816,ATPase activity
tr|K8PA47|K8PA47_9BRAD,GO:0015399,0.70757,primary active transmembrane transporter activity
tr|K8PA47|K8PA47_9BRAD,GO:0042626,0.70419,ATPase-coupled transmembrane transporter activity
tr|K8PA47|K8PA47_9BRAD,GO:0022804,0.67673,active transmembrane transporter activity
tr|K8PA47|K8PA47_9BRAD,GO:0005215,0.65084,transporter activity
tr|K8PA47|K8PA47_9BRAD,GO:0022857,0.53926,transmembrane transporter activity
tr|K8PA47|K8PA47_9BRAD,GO:0140359,0.49790,ABC-type transporter activity
tr|K8PA47|K8PA47_9BRAD,GO:0008509,0.46847,anion transmembrane transporter activity
tr|K8PA47|K8PA47_9BRAD,GO:0042625,0.42509,ATPase-coupled ion transmembrane transporter activity
tr|K8PA47|K8PA47_9BRAD,GO:0022853,0.39741,active ion transmembrane transporter activity
tr|K8PA47|K8PA47_9BRAD,GO:0015075,0.24257,ion transmembrane transporter activity
tr|K9IZS4|K9IZS4_DESRO,GO:0097367,0.30085,carbohydrate derivative binding
tr|K9IZS4|K9IZS4_DESRO,GO:0032553,0.28365,ribonucleotide binding
tr|K9IZS4|K9IZS4_DESRO,GO:0032555,0.23423,purine ribonucleotide binding
tr|K9IZS4|K9IZS4_DESRO,GO:0035639,0.22703,purine ribonucleoside triphosphate binding
tr|K9IZS4|K9IZS4_DESRO,GO:0032559,0.22549,adenyl ribonucleotide binding
tr|K9IZS4|K9IZS4_DESRO,GO:0017076,0.22481,purine nucleotide binding
tr|K9IZS4|K9IZS4_DESRO,GO:0005524,0.22362,ATP binding
tr|K9IZS4|K9IZS4_DESRO,GO:0030554,0.21642,adenyl nucleotide binding
tr|K9IZS4|K9IZS4_DESRO,GO:0051536,0.14677,iron-sulfur cluster binding
tr|K9IZS4|K9IZS4_DESRO,GO:0051540,0.14612,metal cluster binding
tr|K9IZS4|K9IZS4_DESRO,GO:0051539,0.11775,"4 iron, 4 sulfur cluster binding"
tr|K9IZS4|K9IZS4_DESRO,GO:0046914,0.11567,transition metal ion binding
tr|K9IZS4|K9IZS4_DESRO,GO:0140096,0.10170,"catalytic activity, acting on a protein"
tr|K9QIK0|K9QIK0_9NOSO,GO:0140096,0.13538,"catalytic activity, acting on a protein"
tr|K9S4F8|K9S4F8_9CYAN,GO:0140096,0.10015,"catalytic activity, acting on a protein"
tr|K9Z2F0|K9Z2F0_CYAAP,GO:0140096,0.11557,"catalytic activity, acting on a protein"
tr|L0DDH1|L0DDH1_SINAD,GO:0030554,0.21662,adenyl nucleotide binding
tr|L0DDH1|L0DDH1_SINAD,GO:0032559,0.20617,adenyl ribonucleotide binding
tr|L0DDH1|L0DDH1_SINAD,GO:0005524,0.19996,ATP binding
tr|L0DDH1|L0DDH1_SINAD,GO:0097367,0.19529,carbohydrate derivative binding
tr|L0DDH1|L0DDH1_SINAD,GO:0017076,0.18050,purine nucleotide binding
tr|L0DDH1|L0DDH1_SINAD,GO:0032553,0.17724,ribonucleotide binding
tr|L0DDH1|L0DDH1_SINAD,GO:0032555,0.17111,purine ribonucleotide binding
tr|L0DDH1|L0DDH1_SINAD,GO:0035639,0.16354,purine ribonucleoside triphosphate binding
tr|L0DDH1|L0DDH1_SINAD,GO:0003677,0.12090,DNA binding
tr|L0DDH1|L0DDH1_SINAD,GO:0140096,0.10346,"catalytic activity, acting on a protein"
tr|L0F326|L0F326_DESDL,GO:0097367,0.17268,carbohydrate derivative binding
tr|L0F326|L0F326_DESDL,GO:0017076,0.16830,purine nucleotide binding
tr|L0F326|L0F326_DESDL,GO:0046914,0.16001,transition metal ion binding
tr|L0F326|L0F326_DESDL,GO:0032553,0.15621,ribonucleotide binding
tr|L0F326|L0F326_DESDL,GO:0140096,0.14397,"catalytic activity, acting on a protein"
tr|L0F326|L0F326_DESDL,GO:0032555,0.13859,purine ribonucleotide binding
tr|L0F326|L0F326_DESDL,GO:0035639,0.13546,purine ribonucleoside triphosphate binding
tr|L0F326|L0F326_DESDL,GO:0030554,0.11751,adenyl nucleotide binding
tr|L0F326|L0F326_DESDL,GO:0008233,0.10661,peptidase activity
tr|L0F5D2|L0F5D2_DESDL,GO:0097367,0.13314,carbohydrate derivative binding
tr|L0F5D2|L0F5D2_DESDL,GO:0140096,0.12217,"catalytic activity, acting on a protein"
tr|L0F5D2|L0F5D2_DESDL,GO:0032553,0.12169,ribonucleotide binding
tr|L0F5D2|L0F5D2_DESDL,GO:0016788,0.12110,"hydrolase activity, acting on ester bonds"
tr|L0F5D2|L0F5D2_DESDL,GO:0032555,0.10050,purine ribonucleotide binding
tr|L0FWI5|L0FWI5_ECHVK,GO:0097367,0.34912,carbohydrate derivative binding
tr|L0FWI5|L0FWI5_ECHVK,GO:0032553,0.25501,ribonucleotide binding
tr|L0FWI5|L0FWI5_ECHVK,GO:0032555,0.18538,purine ribonucleotide binding
tr|L0FWI5|L0FWI5_ECHVK,GO:0035639,0.18203,purine ribonucleoside triphosphate binding
tr|L0FWI5|L0FWI5_ECHVK,GO:0017076,0.17552,purine nucleotide binding
tr|L0FWI5|L0FWI5_ECHVK,GO:0032559,0.17126,adenyl ribonucleotide binding
tr|L0FWI5|L0FWI5_ECHVK,GO:0005524,0.16827,ATP binding
tr|L0FWI5|L0FWI5_ECHVK,GO:0030554,0.16245,adenyl nucleotide binding
tr|L0FWI5|L0FWI5_ECHVK,GO:0004553,0.15995,"hydrolase activity, hydrolyzing O-glycosyl compounds"
tr|L0FWI5|L0FWI5_ECHVK,GO:0016798,0.15766,"hydrolase activity, acting on glycosyl bonds"
tr|L0HAF8|L0HAF8_METFS,GO:0051540,0.46982,metal cluster binding
tr|L0HAF8|L0HAF8_METFS,GO:0051536,0.46930,iron-sulfur cluster binding
tr|L0HAF8|L0HAF8_METFS,GO:0051539,0.42444,"4 iron, 4 sulfur cluster binding"
tr|L0HAF8|L0HAF8_METFS,GO:0046914,0.24108,transition metal ion binding
tr|L0HCB0|L0HCB0_METFS,GO:0017076,0.65458,purine nucleotide binding
tr|L0HCB0|L0HCB0_METFS,GO:0030554,0.64900,adenyl nucleotide binding
tr|L0HCB0|L0HCB0_METFS,GO:0032555,0.62912,purine ribonucleotide binding
tr|L0HCB0|L0HCB0_METFS,GO:0035639,0.62579,purine ribonucleoside triphosphate binding
tr|L0HCB0|L0HCB0_METFS,GO:0032559,0.62477,adenyl ribonucleotide binding
tr|L0HCB0|L0HCB0_METFS,GO:0032553,0.62231,ribonucleotide binding
tr|L0HCB0|L0HCB0_METFS,GO:0005524,0.62010,ATP binding
tr|L0HCB0|L0HCB0_METFS,GO:0097367,0.61011,carbohydrate derivative binding
tr|L0HCB0|L0HCB0_METFS,GO:0000287,0.18267,magnesium ion binding
tr|L0HCB0|L0HCB0_METFS,GO:0016772,0.15652,"transferase activity, transferring phosphorus-containing groups"
tr|L0HCB0|L0HCB0_METFS,GO:0046914,0.13902,transition metal ion binding
tr|L0HDN6|L0HDN6_METFS,GO:0003723,0.13605,RNA binding
tr|L0HDN6|L0HDN6_METFS,GO:0003677,0.12913,DNA binding
tr|L0HDN6|L0HDN6_METFS,GO:0097367,0.10409,carbohydrate derivative binding
tr|L0HDN6|L0HDN6_METFS,GO:0032553,0.10319,ribonucleotide binding
tr|L0HEI3|L0HEI3_METFS,GO:0051540,0.74648,metal cluster binding
tr|L0HEI3|L0HEI3_METFS,GO:0051536,0.74615,iron-sulfur cluster binding
tr|L0HEI3|L0HEI3_METFS,GO:0051539,0.68525,"4 iron, 4 sulfur cluster binding"
tr|L0HEI3|L0HEI3_METFS,GO:0046914,0.35792,transition metal ion binding
tr|L0HEI3|L0HEI3_METFS,GO:0008270,0.14286,zinc ion binding
tr|L0HEI3|L0HEI3_METFS,GO:0140098,0.11494,"catalytic activity, acting on RNA"
tr|L0HEI3|L0HEI3_METFS,GO:0005506,0.10747,iron ion binding
tr|L0HEI3|L0HEI3_METFS,GO:0097367,0.10027,carbohydrate derivative binding
tr|L0HFT2|L0HFT2_METFS,GO:0046914,0.11038,transition metal ion binding
tr|L0HFT2|L0HFT2_METFS,GO:0000287,0.11025,magnesium ion binding
tr|L0HFT2|L0HFT2_METFS,GO:0097367,0.10388,carbohydrate derivative binding
tr|L0HFW2|L0HFW2_METFS,GO:0003735,0.40243,structural constituent of ribosome
tr|L0HFW2|L0HFW2_METFS,GO:0005198,0.40090,structural molecule activity
tr|L0HFW2|L0HFW2_METFS,GO:0003723,0.23522,RNA binding
tr|L0HFW2|L0HFW2_METFS,GO:0019843,0.17200,rRNA binding
tr|L0HG11|L0HG11_METFS,GO:0097367,0.12387,carbohydrate derivative binding
tr|L0HJY3|L0HJY3_METFS,GO:0097367,0.17230,carbohydrate derivative binding
tr|L0HJY3|L0HJY3_METFS,GO:0032553,0.15510,ribonucleotide binding
tr|L0HJY3|L0HJY3_METFS,GO:0032555,0.13732,purine ribonucleotide binding
tr|L0HJY3|L0HJY3_METFS,GO:0035639,0.13347,purine ribonucleoside triphosphate binding
tr|L0HJY3|L0HJY3_METFS,GO:0017076,0.13200,purine nucleotide binding
tr|L0HJY3|L0HJY3_METFS,GO:0032559,0.10300,adenyl ribonucleotide binding
tr|L0HJY3|L0HJY3_METFS,GO:0005524,0.10018,ATP binding
tr|L0ILR7|L0ILR7_THETR,GO:0003735,0.16405,structural constituent of ribosome
tr|L0ILR7|L0ILR7_THETR,GO:0005198,0.15042,structural molecule activity
tr|L0ILR7|L0ILR7_THETR,GO:0003723,0.11540,RNA binding
tr|L0ILR7|L0ILR7_THETR,GO:0019843,0.10052,rRNA binding
tr|L0JZN7|L0JZN7_9EURY,GO:0003677,0.12264,DNA binding
tr|L0K857|L0K857_HALHC,GO:0140096,0.35320,"catalytic activity, acting on a protein"
tr|L0K857|L0K857_HALHC,GO:0008233,0.18342,peptidase activity
tr|L0K857|L0K857_HALHC,GO:0008236,0.15228,serine-type peptidase activity
tr|L0K857|L0K857_HALHC,GO:0017171,0.15211,serine hydrolase activity
tr|L0K857|L0K857_HALHC,GO:0004252,0.11246,serine-type endopeptidase activity
tr|L0KVN3|L0KVN3_METHD,GO:0051539,0.16552,"4 iron, 4 sulfur cluster binding"
tr|L0KVN3|L0KVN3_METHD,GO:0051540,0.16047,metal cluster binding
tr|L0KVN3|L0KVN3_METHD,GO:0051536,0.16021,iron-sulfur cluster binding
tr|L0KVN3|L0KVN3_METHD,GO:0046914,0.14363,transition metal ion binding
tr|L0KVN3|L0KVN3_METHD,GO:0016829,0.10444,lyase activity
tr|L0MCI7|L0MCI7_9GAMM,GO:0140096,0.16584,"catalytic activity, acting on a protein"
tr|L0MCI7|L0MCI7_9GAMM,GO:0097367,0.11662,carbohydrate derivative binding
tr|L0MCI7|L0MCI7_9GAMM,GO:0032553,0.10501,ribonucleotide binding
tr|L1P9P4|L1P9P4_9FLAO,GO:0009055,0.11323,electron transfer activity
tr|L1P9P4|L1P9P4_9FLAO,GO:0008233,0.10261,peptidase activity
tr|L1P9P4|L1P9P4_9FLAO,GO:0140096,0.10132,"catalytic activity, acting on a protein"
tr|L2F9A7|L2F9A7_9GAMM,GO:0032550,1.00000,purine ribonucleoside binding
tr|L2F9A7|L2F9A7_9GAMM,GO:0032549,1.00000,ribonucleoside binding
tr|L2F9A7|L2F9A7_9GAMM,GO:0019001,1.00000,guanyl nucleotide binding
tr|L2F9A7|L2F9A7_9GAMM,GO:0032561,1.00000,guanyl ribonucleotide binding
tr|L2F9A7|L2F9A7_9GAMM,GO:0005525,1.00000,GTP binding
tr|L2F9A7|L2F9A7_9GAMM,GO:0001883,1.00000,purine nucleoside binding
tr|L2F9A7|L2F9A7_9GAMM,GO:0001882,1.00000,nucleoside binding
tr|L2F9A7|L2F9A7_9GAMM,GO:0003924,1.00000,GTPase activity
tr|L2F9A7|L2F9A7_9GAMM,GO:0016818,1.00000,"hydrolase activity, acting on acid anhydrides, in phosphorus-containing anhydrides"
tr|L2F9A7|L2F9A7_9GAMM,GO:0016817,1.00000,"hydrolase activity, acting on acid anhydrides"
tr|L2F9A7|L2F9A7_9GAMM,GO:0016462,1.00000,pyrophosphatase activity
tr|L2F9A7|L2F9A7_9GAMM,GO:0032553,0.99999,ribonucleotide binding
tr|L2F9A7|L2F9A7_9GAMM,GO:0017111,0.99999,nucleoside-triphosphatase activity
tr|L2F9A7|L2F9A7_9GAMM,GO:0097367,0.99999,carbohydrate derivative binding
tr|L2F9A7|L2F9A7_9GAMM,GO:0008135,0.99999,"translation factor activity, RNA binding"
tr|L2F9A7|L2F9A7_9GAMM,GO:0090079,0.99999,"translation regulator activity, nucleic acid binding"
tr|L2F9A7|L2F9A7_9GAMM,GO:0045182,0.99999,translation regulator activity
tr|L2F9A7|L2F9A7_9GAMM,GO:0017076,0.99998,purine nucleotide binding
tr|L2F9A7|L2F9A7_9GAMM,GO:0035639,0.99998,purine ribonucleoside triphosphate binding
tr|L2F9A7|L2F9A7_9GAMM,GO:0032555,0.99998,purine ribonucleotide binding
tr|L2F9A7|L2F9A7_9GAMM,GO:0003723,0.99950,RNA binding
tr|L2F9A7|L2F9A7_9GAMM,GO:0003746,0.99928,translation elongation factor activity
tr|L7VM58|L7VM58_THES1,GO:0030554,0.99909,adenyl nucleotide binding
tr|L7VM58|L7VM58_THES1,GO:0017076,0.99899,purine nucleotide binding
tr|L7VM58|L7VM58_THES1,GO:0005524,0.99873,ATP binding
tr|L7VM58|L7VM58_THES1,GO:0032559,0.99872,adenyl ribonucleotide binding
tr|L7VM58|L7VM58_THES1,GO:0035639,0.99861,purine ribonucleoside triphosphate binding
tr|L7VM58|L7VM58_THES1,GO:0032555,0.99859,purine ribonucleotide binding
tr|L7VM58|L7VM58_THES1,GO:0032553,0.99836,ribonucleotide binding
tr|L7VM58|L7VM58_THES1,GO:0097367,0.99802,carbohydrate derivative binding
tr|L7VM58|L7VM58_THES1,GO:0051082,0.90582,unfolded protein binding
tr|L7VQZ8|L7VQZ8_THES1,GO:0046914,0.18261,transition metal ion binding
tr|L7VQZ8|L7VQZ8_THES1,GO:0140096,0.14844,"catalytic activity, acting on a protein"
tr|L7VQZ8|L7VQZ8_THES1,GO:0009055,0.11043,electron transfer activity
tr|L7VQZ8|L7VQZ8_THES1,GO:0051540,0.10886,metal cluster binding
tr|L7VQZ8|L7VQZ8_THES1,GO:0051536,0.10848,iron-sulfur cluster binding
tr|L8JIG6|L8JIG6_9BACT,GO:0097367,0.35436,carbohydrate derivative binding
tr|L8JIG6|L8JIG6_9BACT,GO:0035639,0.25692,purine ribonucleoside triphosphate binding
tr|L8JIG6|L8JIG6_9BACT,GO:0032553,0.25431,ribonucleotide binding
tr|L8JIG6|L8JIG6_9BACT,GO:0032555,0.25268,purine ribonucleotide binding
tr|L8JIG6|L8JIG6_9BACT,GO:0017076,0.22550,purine nucleotide binding
tr|L8JP53|L8JP53_9BACT,GO:0097367,0.24693,carbohydrate derivative binding
tr|L8JP53|L8JP53_9BACT,GO:0032553,0.16309,ribonucleotide binding
tr|L8JP53|L8JP53_9BACT,GO:0032555,0.14706,purine ribonucleotide binding
tr|L8JP53|L8JP53_9BACT,GO:0035639,0.14052,purine ribonucleoside triphosphate binding
tr|L8JP53|L8JP53_9BACT,GO:0017076,0.12985,purine nucleotide binding
tr|L9WFN2|L9WFN2_9EURY,GO:0016829,0.10052,lyase activity
tr|M1LVL4|M1LVL4_PSEPU,GO:0097367,0.27939,carbohydrate derivative binding
tr|M1LVL4|M1LVL4_PSEPU,GO:0032553,0.26355,ribonucleotide binding
tr|M1LVL4|M1LVL4_PSEPU,GO:0032555,0.26256,purine ribonucleotide binding
tr|M1LVL4|M1LVL4_PSEPU,GO:0035639,0.25671,purine ribonucleoside triphosphate binding
tr|M1LVL4|M1LVL4_PSEPU,GO:0017076,0.25111,purine nucleotide binding
tr|M1LVL4|M1LVL4_PSEPU,GO:0016817,0.24213,"hydrolase activity, acting on acid anhydrides"
tr|M1LVL4|M1LVL4_PSEPU,GO:0016818,0.24101,"hydrolase activity, acting on acid anhydrides, in phosphorus-containing anhydrides"
tr|M1LVL4|M1LVL4_PSEPU,GO:0016462,0.23532,pyrophosphatase activity
tr|M1LVL4|M1LVL4_PSEPU,GO:0032559,0.17097,adenyl ribonucleotide binding
tr|M1LVL4|M1LVL4_PSEPU,GO:0005524,0.16842,ATP binding
tr|M1LVL4|M1LVL4_PSEPU,GO:0030554,0.16325,adenyl nucleotide binding
tr|M1LVL4|M1LVL4_PSEPU,GO:0017111,0.15306,nucleoside-triphosphatase activity
tr|M1LVL4|M1LVL4_PSEPU,GO:0003677,0.13262,DNA binding
tr|M1LVL4|M1LVL4_PSEPU,GO:0003723,0.12727,RNA binding
tr|M1LVL4|M1LVL4_PSEPU,GO:0016887,0.10192,ATPase activity
tr|M1MG29|M1MG29_9CLOT,GO:0097367,0.31921,carbohydrate derivative binding
tr|M1MG29|M1MG29_9CLOT,GO:0032553,0.28771,ribonucleotide binding
tr|M1MG29|M1MG29_9CLOT,GO:0017076,0.26175,purine nucleotide binding
tr|M1MG29|M1MG29_9CLOT,GO:0032555,0.25244,purine ribonucleotide binding
tr|M1MG29|M1MG29_9CLOT,GO:0035639,0.24660,purine ribonucleoside triphosphate binding
tr|M1MG29|M1MG29_9CLOT,GO:0030554,0.14412,adenyl nucleotide binding
tr|M1MG29|M1MG29_9CLOT,GO:0032559,0.13832,adenyl ribonucleotide binding
tr|M1MG29|M1MG29_9CLOT,GO:0005524,0.13515,ATP binding
tr|M1Q1L6|M1Q1L6_9ZZZZ,GO:0016757,0.12213,"transferase activity, transferring glycosyl groups"
tr|M1Q1L6|M1Q1L6_9ZZZZ,GO:0097367,0.10624,carbohydrate derivative binding
tr|M1Q1L6|M1Q1L6_9ZZZZ,GO:0046914,0.10395,transition metal ion binding
tr|M1QKA3|M1QKA3_METMZ,GO:0140096,0.17409,"catalytic activity, acting on a protein"
tr|M1QKA3|M1QKA3_METMZ,GO:0097367,0.12649,carbohydrate derivative binding
tr|M1QKA3|M1QKA3_METMZ,GO:0032553,0.11370,ribonucleotide binding
tr|M1QKA3|M1QKA3_METMZ,GO:0017076,0.11017,purine nucleotide binding
tr|M1QKA3|M1QKA3_METMZ,GO:0032555,0.10608,purine ribonucleotide binding
tr|M1QKA3|M1QKA3_METMZ,GO:0046914,0.10363,transition metal ion binding
tr|M1QKA3|M1QKA3_METMZ,GO:0035639,0.10231,purine ribonucleoside triphosphate binding
tr|M1RXY2|M1RXY2_LYSSH,GO:0097367,0.18423,carbohydrate derivative binding
tr|M1RXY2|M1RXY2_LYSSH,GO:0032553,0.15622,ribonucleotide binding
tr|M1RXY2|M1RXY2_LYSSH,GO:0003723,0.15393,RNA binding
tr|M1RXY2|M1RXY2_LYSSH,GO:0017076,0.14886,purine nucleotide binding
tr|M1RXY2|M1RXY2_LYSSH,GO:0032555,0.14742,purine ribonucleotide binding
tr|M1RXY2|M1RXY2_LYSSH,GO:0035639,0.14395,purine ribonucleoside triphosphate binding
tr|M1RXY2|M1RXY2_LYSSH,GO:0030554,0.11022,adenyl nucleotide binding
tr|M1RXY2|M1RXY2_LYSSH,GO:0032559,0.10849,adenyl ribonucleotide binding
tr|M1RXY2|M1RXY2_LYSSH,GO:0005524,0.10670,ATP binding
tr|M1WQQ7|M1WQQ7_PSEP2,GO:0051536,0.17144,iron-sulfur cluster binding
tr|M1WQQ7|M1WQQ7_PSEP2,GO:0051540,0.17112,metal cluster binding
tr|M1WQQ7|M1WQQ7_PSEP2,GO:0051539,0.14503,"4 iron, 4 sulfur cluster binding"
tr|M1WQQ7|M1WQQ7_PSEP2,GO:0046914,0.13068,transition metal ion binding
tr|M1YSW3|M1YSW3_9FIRM,GO:0003723,0.14599,RNA binding
tr|M1YSW3|M1YSW3_9FIRM,GO:0003677,0.13968,DNA binding
tr|M1YSW3|M1YSW3_9FIRM,GO:0003735,0.10771,structural constituent of ribosome
tr|M1YSW3|M1YSW3_9FIRM,GO:0005198,0.10595,structural molecule activity
tr|M1YW01|M1YW01_9FIRM,GO:0016746,0.94977,"transferase activity, transferring acyl groups"
tr|M1YW01|M1YW01_9FIRM,GO:0016747,0.89150,"transferase activity, transferring acyl groups other than amino-acyl groups"
tr|M1YW01|M1YW01_9FIRM,GO:0032559,0.11515,adenyl ribonucleotide binding
tr|M1YW01|M1YW01_9FIRM,GO:0005524,0.11430,ATP binding
tr|M1YW01|M1YW01_9FIRM,GO:0030554,0.10891,adenyl nucleotide binding
tr|M1YW01|M1YW01_9FIRM,GO:0032553,0.10102,ribonucleotide binding
tr|M1Z9Q4|M1Z9Q4_9FIRM,GO:0003677,0.27635,DNA binding
tr|M1Z9Q4|M1Z9Q4_9FIRM,GO:0032559,0.23971,adenyl ribonucleotide binding
tr|M1Z9Q4|M1Z9Q4_9FIRM,GO:0032555,0.23970,purine ribonucleotide binding
tr|M1Z9Q4|M1Z9Q4_9FIRM,GO:0097367,0.23955,carbohydrate derivative binding
tr|M1Z9Q4|M1Z9Q4_9FIRM,GO:0032553,0.23747,ribonucleotide binding
tr|M1Z9Q4|M1Z9Q4_9FIRM,GO:0005524,0.23544,ATP binding
tr|M1Z9Q4|M1Z9Q4_9FIRM,GO:0035639,0.23334,purine ribonucleoside triphosphate binding
tr|M1Z9Q4|M1Z9Q4_9FIRM,GO:0030554,0.23152,adenyl nucleotide binding
tr|M1Z9Q4|M1Z9Q4_9FIRM,GO:0017076,0.23074,purine nucleotide binding
tr|M1Z9Q4|M1Z9Q4_9FIRM,GO:0016788,0.18385,"hydrolase activity, acting on ester bonds"
tr|M1Z9Q4|M1Z9Q4_9FIRM,GO:0004518,0.15244,nuclease activity
tr|M1Z9Q4|M1Z9Q4_9FIRM,GO:0140097,0.14763,"catalytic activity, acting on DNA"
tr|M1Z9Q4|M1Z9Q4_9FIRM,GO:0000287,0.12930,magnesium ion binding
tr|M1Z9Q4|M1Z9Q4_9FIRM,GO:0004519,0.12374,endonuclease activity
tr|M1Z9Q4|M1Z9Q4_9FIRM,GO:0016829,0.10017,lyase activity
tr|M1ZA28|M1ZA28_9FIRM,GO:0097367,0.19730,carbohydrate derivative binding
tr|M1ZA28|M1ZA28_9FIRM,GO:0017076,0.18822,purine nucleotide binding
tr|M1ZA28|M1ZA28_9FIRM,GO:0032553,0.18724,ribonucleotide binding
tr|M1ZA28|M1ZA28_9FIRM,GO:0032555,0.18609,purine ribonucleotide binding
tr|M1ZA28|M1ZA28_9FIRM,GO:0035639,0.18279,purine ribonucleoside triphosphate binding
tr|M1ZA28|M1ZA28_9FIRM,GO:0030554,0.16590,adenyl nucleotide binding
tr|M1ZA28|M1ZA28_9FIRM,GO:0032559,0.16316,adenyl ribonucleotide binding
tr|M1ZA28|M1ZA28_9FIRM,GO:0005524,0.16086,ATP binding
tr|M1ZBV0|M1ZBV0_9FIRM,GO:0097367,0.55804,carbohydrate derivative binding
tr|M1ZBV0|M1ZBV0_9FIRM,GO:0017076,0.54523,purine nucleotide binding
tr|M1ZBV0|M1ZBV0_9FIRM,GO:0032553,0.54025,ribonucleotide binding
tr|M1ZBV0|M1ZBV0_9FIRM,GO:0032555,0.53926,purine ribonucleotide binding
tr|M1ZBV0|M1ZBV0_9FIRM,GO:0035639,0.53122,purine ribonucleoside triphosphate binding
tr|M1ZBV0|M1ZBV0_9FIRM,GO:0030554,0.25008,adenyl nucleotide binding
tr|M1ZBV0|M1ZBV0_9FIRM,GO:0032559,0.24550,adenyl ribonucleotide binding
tr|M1ZBV0|M1ZBV0_9FIRM,GO:0005524,0.23822,ATP binding
tr|M1ZBV0|M1ZBV0_9FIRM,GO:0140096,0.10288,"catalytic activity, acting on a protein"
tr|M1ZGP3|M1ZGP3_9FIRM,GO:0016614,0.29296,"oxidoreductase activity, acting on CH-OH group of donors"
tr|M1ZGP3|M1ZGP3_9FIRM,GO:0051287,0.26645,NAD binding
tr|M1ZGP3|M1ZGP3_9FIRM,GO:0016616,0.26142,"oxidoreductase activity, acting on the CH-OH group of donors, NAD or NADP as acceptor"
tr|M1ZGP3|M1ZGP3_9FIRM,GO:0050661,0.20580,NADP binding
tr|M2YDL9|M2YDL9_9MICC,GO:0097367,0.11676,carbohydrate derivative binding
tr|M2YDL9|M2YDL9_9MICC,GO:0046914,0.11091,transition metal ion binding
tr|M2YDL9|M2YDL9_9MICC,GO:0140096,0.10769,"catalytic activity, acting on a protein"
tr|M2YDL9|M2YDL9_9MICC,GO:0032553,0.10221,ribonucleotide binding
tr|M3A349|M3A349_STRMB,GO:0035639,0.98449,purine ribonucleoside triphosphate binding
tr|M3A349|M3A349_STRMB,GO:0032555,0.98409,purine ribonucleotide binding
tr|M3A349|M3A349_STRMB,GO:0032553,0.98347,ribonucleotide binding
tr|M3A349|M3A349_STRMB,GO:0017076,0.98280,purine nucleotide binding
tr|M3A349|M3A349_STRMB,GO:0097367,0.98241,carbohydrate derivative binding
tr|M3A349|M3A349_STRMB,GO:0016772,0.98047,"transferase activity, transferring phosphorus-containing groups"
tr|M3A349|M3A349_STRMB,GO:0016301,0.98030,kinase activity
tr|M3A349|M3A349_STRMB,GO:0005524,0.97951,ATP binding
tr|M3A349|M3A349_STRMB,GO:0032559,0.97921,adenyl ribonucleotide binding
tr|M3A349|M3A349_STRMB,GO:0030554,0.97759,adenyl nucleotide binding
tr|M3A349|M3A349_STRMB,GO:0016773,0.93585,"phosphotransferase activity, alcohol group as acceptor"
tr|M4XGM6|M4XGM6_9PSED,GO:0097367,0.51483,carbohydrate derivative binding
tr|M4XGM6|M4XGM6_9PSED,GO:0032553,0.42790,ribonucleotide binding
tr|M4XGM6|M4XGM6_9PSED,GO:0017076,0.38006,purine nucleotide binding
tr|M4XGM6|M4XGM6_9PSED,GO:0035639,0.36315,purine ribonucleoside triphosphate binding
tr|M4XGM6|M4XGM6_9PSED,GO:0032555,0.35878,purine ribonucleotide binding
tr|M5TBI2|M5TBI2_9BACT,GO:0097367,0.18038,carbohydrate derivative binding
tr|M5TBI2|M5TBI2_9BACT,GO:0032553,0.16774,ribonucleotide binding
tr|M5TBI2|M5TBI2_9BACT,GO:0032559,0.15209,adenyl ribonucleotide binding
tr|M5TBI2|M5TBI2_9BACT,GO:0032555,0.15170,purine ribonucleotide binding
tr|M5TBI2|M5TBI2_9BACT,GO:0005524,0.14738,ATP binding
tr|M5TBI2|M5TBI2_9BACT,GO:0030554,0.14583,adenyl nucleotide binding
tr|M5TBI2|M5TBI2_9BACT,GO:0035639,0.14575,purine ribonucleoside triphosphate binding
tr|M5TBI2|M5TBI2_9BACT,GO:0017076,0.14497,purine nucleotide binding
tr|M5TBI2|M5TBI2_9BACT,GO:0003677,0.11647,DNA binding
tr|M5TBI2|M5TBI2_9BACT,GO:0140096,0.10541,"catalytic activity, acting on a protein"
tr|M5WYY7|M5WYY7_PRUPE,GO:0140096,0.22954,"catalytic activity, acting on a protein"
tr|M6RNF5|M6RNF5_LEPIR,GO:0097367,0.23002,carbohydrate derivative binding
tr|M6RNF5|M6RNF5_LEPIR,GO:0032553,0.20727,ribonucleotide binding
tr|M6RNF5|M6RNF5_LEPIR,GO:0032555,0.18138,purine ribonucleotide binding
tr|M6RNF5|M6RNF5_LEPIR,GO:0035639,0.17546,purine ribonucleoside triphosphate binding
tr|M6RNF5|M6RNF5_LEPIR,GO:0017076,0.16947,purine nucleotide binding
tr|M6RNF5|M6RNF5_LEPIR,GO:0032559,0.13127,adenyl ribonucleotide binding
tr|M6RNF5|M6RNF5_LEPIR,GO:0005524,0.12861,ATP binding
tr|M6RNF5|M6RNF5_LEPIR,GO:0030554,0.12201,adenyl nucleotide binding
tr|M6RNF5|M6RNF5_LEPIR,GO:0140096,0.10118,"catalytic activity, acting on a protein"
tr|M7MJM9|M7MJM9_9FLAO,GO:0097367,0.24598,carbohydrate derivative binding
tr|M7MJM9|M7MJM9_9FLAO,GO:0032555,0.17294,purine ribonucleotide binding
tr|M7MJM9|M7MJM9_9FLAO,GO:0035639,0.17140,purine ribonucleoside triphosphate binding
tr|M7MJM9|M7MJM9_9FLAO,GO:0017076,0.16012,purine nucleotide binding
tr|M7MJM9|M7MJM9_9FLAO,GO:0032553,0.15033,ribonucleotide binding
tr|M7MRY9|M7MRY9_9MICC,GO:0016829,0.11575,lyase activity
tr|M7N7V5|M7N7V5_9BACT,GO:0097367,0.17192,carbohydrate derivative binding
tr|M8BDN1|M8BDN1_AEGTA,GO:0140096,0.11797,"catalytic activity, acting on a protein"
tr|M8BDN1|M8BDN1_AEGTA,GO:0003677,0.11168,DNA binding
tr|M8DAL6|M8DAL6_9BACL,GO:0003735,0.18674,structural constituent of ribosome
tr|M8DAL6|M8DAL6_9BACL,GO:0005198,0.18581,structural molecule activity
tr|M8DAL6|M8DAL6_9BACL,GO:0003723,0.14803,RNA binding
tr|M8DAL6|M8DAL6_9BACL,GO:0019843,0.14574,rRNA binding
tr|M8DHA8|M8DHA8_THETY,GO:0097367,0.15736,carbohydrate derivative binding
tr|M8DHA8|M8DHA8_THETY,GO:0032553,0.14502,ribonucleotide binding
tr|M8DHA8|M8DHA8_THETY,GO:0017076,0.13229,purine nucleotide binding
tr|M8DHA8|M8DHA8_THETY,GO:0032555,0.12548,purine ribonucleotide binding
tr|M8DHA8|M8DHA8_THETY,GO:0035639,0.12334,purine ribonucleoside triphosphate binding
tr|M8DX24|M8DX24_9BACL,GO:0140096,0.12706,"catalytic activity, acting on a protein"
tr|M8DX24|M8DX24_9BACL,GO:0097367,0.12649,carbohydrate derivative binding
tr|M8DX24|M8DX24_9BACL,GO:0032553,0.10746,ribonucleotide binding
tr|M9LNZ2|M9LNZ2_PAEPP,GO:0097367,0.37658,carbohydrate derivative binding
tr|M9LNZ2|M9LNZ2_PAEPP,GO:0032555,0.32640,purine ribonucleotide binding
tr|M9LNZ2|M9LNZ2_PAEPP,GO:0035639,0.32083,purine ribonucleoside triphosphate binding
tr|M9LNZ2|M9LNZ2_PAEPP,GO:0032553,0.31775,ribonucleotide binding
tr|M9LNZ2|M9LNZ2_PAEPP,GO:0017076,0.30517,purine nucleotide binding
tr|M9LNZ2|M9LNZ2_PAEPP,GO:0032559,0.13282,adenyl ribonucleotide binding
tr|M9LNZ2|M9LNZ2_PAEPP,GO:0005524,0.12982,ATP binding
tr|M9LNZ2|M9LNZ2_PAEPP,GO:0030554,0.12259,adenyl nucleotide binding
tr|N0AUX5|N0AUX5_9BACI,GO:0097367,0.32049,carbohydrate derivative binding
tr|N0AUX5|N0AUX5_9BACI,GO:0032553,0.30246,ribonucleotide binding
tr|N0AUX5|N0AUX5_9BACI,GO:0017076,0.28372,purine nucleotide binding
tr|N0AUX5|N0AUX5_9BACI,GO:0035639,0.27764,purine ribonucleoside triphosphate binding
tr|N0AUX5|N0AUX5_9BACI,GO:0032555,0.27572,purine ribonucleotide binding
tr|N0AUX5|N0AUX5_9BACI,GO:0030554,0.23684,adenyl nucleotide binding
tr|N0AUX5|N0AUX5_9BACI,GO:0005524,0.23079,ATP binding
tr|N0AUX5|N0AUX5_9BACI,GO:0032559,0.22899,adenyl ribonucleotide binding
tr|N0AUX5|N0AUX5_9BACI,GO:0016772,0.17462,"transferase activity, transferring phosphorus-containing groups"
tr|N0AUX5|N0AUX5_9BACI,GO:0016301,0.10907,kinase activity
tr|N0B8V7|N0B8V7_9HYPH,GO:0097367,0.24140,carbohydrate derivative binding
tr|N0B8V7|N0B8V7_9HYPH,GO:0032553,0.15619,ribonucleotide binding
tr|N0B8V7|N0B8V7_9HYPH,GO:0032555,0.12107,purine ribonucleotide binding
tr|N0B8V7|N0B8V7_9HYPH,GO:0035639,0.11981,purine ribonucleoside triphosphate binding
tr|N0B8V7|N0B8V7_9HYPH,GO:0017076,0.11902,purine nucleotide binding
tr|N0B8V7|N0B8V7_9HYPH,GO:0016798,0.11713,"hydrolase activity, acting on glycosyl bonds"
tr|N1R2D4|N1R2D4_AEGTA,GO:0140096,0.19145,"catalytic activity, acting on a protein"
tr|N1R2D4|N1R2D4_AEGTA,GO:0097367,0.11012,carbohydrate derivative binding
tr|N8QX94|N8QX94_9GAMM,GO:0003723,0.15437,RNA binding
tr|N8QX94|N8QX94_9GAMM,GO:0003677,0.10482,DNA binding
tr|N8QYX3|N8QYX3_9GAMM,GO:0032550,1.00000,purine ribonucleoside binding
tr|N8QYX3|N8QYX3_9GAMM,GO:0001883,1.00000,purine nucleoside binding
tr|N8QYX3|N8QYX3_9GAMM,GO:0032549,1.00000,ribonucleoside binding
tr|N8QYX3|N8QYX3_9GAMM,GO:0019001,1.00000,guanyl nucleotide binding
tr|N8QYX3|N8QYX3_9GAMM,GO:0032561,1.00000,guanyl ribonucleotide binding
tr|N8QYX3|N8QYX3_9GAMM,GO:0005525,1.00000,GTP binding
tr|N8QYX3|N8QYX3_9GAMM,GO:0001882,1.00000,nucleoside binding
tr|N8QYX3|N8QYX3_9GAMM,GO:0003924,1.00000,GTPase activity
tr|N8QYX3|N8QYX3_9GAMM,GO:0016818,1.00000,"hydrolase activity, acting on acid anhydrides, in phosphorus-containing anhydrides"
tr|N8QYX3|N8QYX3_9GAMM,GO:0016817,1.00000,"hydrolase activity, acting on acid anhydrides"
tr|N8QYX3|N8QYX3_9GAMM,GO:0016462,1.00000,pyrophosphatase activity
tr|N8QYX3|N8QYX3_9GAMM,GO:0017111,0.99999,nucleoside-triphosphatase activity
tr|N8QYX3|N8QYX3_9GAMM,GO:0032553,0.99999,ribonucleotide binding
tr|N8QYX3|N8QYX3_9GAMM,GO:0008135,0.99999,"translation factor activity, RNA binding"
tr|N8QYX3|N8QYX3_9GAMM,GO:0090079,0.99999,"translation regulator activity, nucleic acid binding"
tr|N8QYX3|N8QYX3_9GAMM,GO:0045182,0.99999,translation regulator activity
tr|N8QYX3|N8QYX3_9GAMM,GO:0097367,0.99999,carbohydrate derivative binding
tr|N8QYX3|N8QYX3_9GAMM,GO:0035639,0.99998,purine ribonucleoside triphosphate binding
tr|N8QYX3|N8QYX3_9GAMM,GO:0017076,0.99998,purine nucleotide binding
tr|N8QYX3|N8QYX3_9GAMM,GO:0032555,0.99998,purine ribonucleotide binding
tr|N8QYX3|N8QYX3_9GAMM,GO:0003723,0.99959,RNA binding
tr|N8QYX3|N8QYX3_9GAMM,GO:0003746,0.99928,translation elongation factor activity
tr|N8WIR9|N8WIR9_9GAMM,GO:0003677,0.77625,DNA binding
tr|N8WIR9|N8WIR9_9GAMM,GO:0003700,0.34129,DNA-binding transcription factor activity
tr|N8WIR9|N8WIR9_9GAMM,GO:0140110,0.33670,transcription regulator activity
tr|N8WIR9|N8WIR9_9GAMM,GO:0043565,0.16251,sequence-specific DNA binding
tr|N9VLD9|N9VLD9_9GAMM,GO:0097367,0.11194,carbohydrate derivative binding
tr|N9VLD9|N9VLD9_9GAMM,GO:0016788,0.10148,"hydrolase activity, acting on ester bonds"
tr|O03386|O03386_VICFA,GO:0009055,0.12046,electron transfer activity
tr|O03386|O03386_VICFA,GO:0005215,0.11525,transporter activity
tr|O03386|O03386_VICFA,GO:0022857,0.11516,transmembrane transporter activity
tr|O03386|O03386_VICFA,GO:0140096,0.11163,"catalytic activity, acting on a protein"
sp|O27236|MCRB_METTH,GO:0097367,0.16763,carbohydrate derivative binding
sp|O27236|MCRB_METTH,GO:0032553,0.14778,ribonucleotide binding
sp|O27236|MCRB_METTH,GO:0032555,0.11986,purine ribonucleotide binding
sp|O27236|MCRB_METTH,GO:0017076,0.11626,purine nucleotide binding
sp|O27236|MCRB_METTH,GO:0035639,0.11496,purine ribonucleoside triphosphate binding
sp|O27236|MCRB_METTH,GO:0016829,0.11272,lyase activity
sp|O27236|MCRB_METTH,GO:0000287,0.10838,magnesium ion binding
sp|O27236|MCRB_METTH,GO:0046914,0.10555,transition metal ion binding
sp|O27731|HMT2_METTH,GO:0003677,0.12537,DNA binding
sp|O27731|HMT2_METTH,GO:0003723,0.11078,RNA binding
sp|O27731|HMT2_METTH,GO:0003735,0.10768,structural constituent of ribosome
sp|O27731|HMT2_METTH,GO:0005198,0.10566,structural molecule activity
tr|O33459|O33459_PSEPU,GO:0032553,0.86348,ribonucleotide binding
tr|O33459|O33459_PSEPU,GO:0097367,0.85820,carbohydrate derivative binding
tr|O33459|O33459_PSEPU,GO:0032555,0.84431,purine ribonucleotide binding
tr|O33459|O33459_PSEPU,GO:0035639,0.83551,purine ribonucleoside triphosphate binding
tr|O33459|O33459_PSEPU,GO:0017076,0.83480,purine nucleotide binding
tr|O33459|O33459_PSEPU,GO:0032559,0.81789,adenyl ribonucleotide binding
tr|O33459|O33459_PSEPU,GO:0005524,0.80900,ATP binding
tr|O33459|O33459_PSEPU,GO:0030554,0.80734,adenyl nucleotide binding
tr|O33459|O33459_PSEPU,GO:0016874,0.69135,ligase activity
tr|O33459|O33459_PSEPU,GO:0016878,0.14770,acid-thiol ligase activity
tr|O33459|O33459_PSEPU,GO:0016877,0.12581,"ligase activity, forming carbon-sulfur bonds"
tr|O33459|O33459_PSEPU,GO:0016405,0.11494,CoA-ligase activity
tr|O54044|O54044_PSEAI,GO:0051536,0.97017,iron-sulfur cluster binding
tr|O54044|O54044_PSEAI,GO:0051540,0.97012,metal cluster binding
tr|O54044|O54044_PSEAI,GO:0051539,0.95813,"4 iron, 4 sulfur cluster binding"
tr|O54044|O54044_PSEAI,GO:0046914,0.31421,transition metal ion binding
tr|O54044|O54044_PSEAI,GO:0005506,0.11659,iron ion binding
tr|O54666|O54666_AMYMD,GO:0097367,0.87851,carbohydrate derivative binding
tr|O54666|O54666_AMYMD,GO:0017076,0.87741,purine nucleotide binding
tr|O54666|O54666_AMYMD,GO:0032553,0.86646,ribonucleotide binding
tr|O54666|O54666_AMYMD,GO:0035639,0.86361,purine ribonucleoside triphosphate binding
tr|O54666|O54666_AMYMD,GO:0032555,0.86315,purine ribonucleotide binding
tr|O54666|O54666_AMYMD,GO:0030554,0.80160,adenyl nucleotide binding
tr|O54666|O54666_AMYMD,GO:0032559,0.77999,adenyl ribonucleotide binding
tr|O54666|O54666_AMYMD,GO:0005524,0.77880,ATP binding
tr|O54666|O54666_AMYMD,GO:0016874,0.50405,ligase activity
sp|P06131|FDHA_METFO,GO:0051540,0.86331,metal cluster binding
sp|P06131|FDHA_METFO,GO:0051536,0.86320,iron-sulfur cluster binding
sp|P06131|FDHA_METFO,GO:0051539,0.84177,"4 iron, 4 sulfur cluster binding"
sp|P06131|FDHA_METFO,GO:0046914,0.21924,transition metal ion binding
sp|P11560|MCRB_METTM,GO:0097367,0.17213,carbohydrate derivative binding
sp|P11560|MCRB_METTM,GO:0032553,0.15178,ribonucleotide binding
sp|P11560|MCRB_METTM,GO:0032555,0.12208,purine ribonucleotide binding
sp|P11560|MCRB_METTM,GO:0017076,0.11852,purine nucleotide binding
sp|P11560|MCRB_METTM,GO:0035639,0.11709,purine ribonucleoside triphosphate binding
sp|P11560|MCRB_METTM,GO:0016829,0.11120,lyase activity
sp|P11560|MCRB_METTM,GO:0046914,0.10527,transition metal ion binding
sp|P19649|TMPB_TREPA,GO:0016874,0.11554,ligase activity
sp|P19649|TMPB_TREPA,GO:0022857,0.10079,transmembrane transporter activity
sp|P26692|ACDA_METSH,GO:0051536,0.80023,iron-sulfur cluster binding
sp|P26692|ACDA_METSH,GO:0051540,0.80011,metal cluster binding
sp|P26692|ACDA_METSH,GO:0051539,0.78050,"4 iron, 4 sulfur cluster binding"
sp|P26692|ACDA_METSH,GO:0046914,0.45223,transition metal ion binding
sp|P26692|ACDA_METSH,GO:0008270,0.19259,zinc ion binding
sp|P50483|HMT1_METTH,GO:0005198,0.12481,structural molecule activity
sp|P50483|HMT1_METTH,GO:0003735,0.11806,structural constituent of ribosome
sp|P50483|HMT1_METTH,GO:0003677,0.11463,DNA binding
tr|Q01Q37|Q01Q37_SOLUE,GO:0016798,0.16078,"hydrolase activity, acting on glycosyl bonds"
tr|Q01Q37|Q01Q37_SOLUE,GO:0008233,0.13812,peptidase activity
sp|Q01SX2|EFTU_SOLUE,GO:0032550,1.00000,purine ribonucleoside binding
sp|Q01SX2|EFTU_SOLUE,GO:0001883,1.00000,purine nucleoside binding
sp|Q01SX2|EFTU_SOLUE,GO:0032549,1.00000,ribonucleoside binding
sp|Q01SX2|EFTU_SOLUE,GO:0019001,1.00000,guanyl nucleotide binding
sp|Q01SX2|EFTU_SOLUE,GO:0032561,1.00000,guanyl ribonucleotide binding
sp|Q01SX2|EFTU_SOLUE,GO:0005525,1.00000,GTP binding
sp|Q01SX2|EFTU_SOLUE,GO:0001882,1.00000,nucleoside binding
sp|Q01SX2|EFTU_SOLUE,GO:0003924,1.00000,GTPase activity
sp|Q01SX2|EFTU_SOLUE,GO:0016818,1.00000,"hydrolase activity, acting on acid anhydrides, in phosphorus-containing anhydrides"
sp|Q01SX2|EFTU_SOLUE,GO:0016817,1.00000,"hydrolase activity, acting on acid anhydrides"
sp|Q01SX2|EFTU_SOLUE,GO:0016462,0.99999,pyrophosphatase activity
sp|Q01SX2|EFTU_SOLUE,GO:0017111,0.99998,nucleoside-triphosphatase activity
sp|Q01SX2|EFTU_SOLUE,GO:0032553,0.99997,ribonucleotide binding
sp|Q01SX2|EFTU_SOLUE,GO:0097367,0.99996,carbohydrate derivative binding
sp|Q01SX2|EFTU_SOLUE,GO:0035639,0.99992,purine ribonucleoside triphosphate binding
sp|Q01SX2|EFTU_SOLUE,GO:0017076,0.99992,purine nucleotide binding
sp|Q01SX2|EFTU_SOLUE,GO:0032555,0.99992,purine ribonucleotide binding
sp|Q01SX2|EFTU_SOLUE,GO:0008135,0.99989,"translation factor activity, RNA binding"
sp|Q01SX2|EFTU_SOLUE,GO:0090079,0.99988,"translation regulator activity, nucleic acid binding"
sp|Q01SX2|EFTU_SOLUE,GO:0045182,0.99987,translation regulator activity
sp|Q01SX2|EFTU_SOLUE,GO:0003723,0.99770,RNA binding
sp|Q01SX2|EFTU_SOLUE,GO:0003746,0.99542,translation elongation factor activity
tr|Q01YW5|Q01YW5_SOLUE,GO:0097367,0.15036,carbohydrate derivative binding
tr|Q01YW5|Q01YW5_SOLUE,GO:0032553,0.11039,ribonucleotide binding
tr|Q01YW5|Q01YW5_SOLUE,GO:0016798,0.10186,"hydrolase activity, acting on glycosyl bonds"
tr|Q020T4|Q020T4_SOLUE,GO:0016798,0.11604,"hydrolase activity, acting on glycosyl bonds"
tr|Q020T4|Q020T4_SOLUE,GO:0004553,0.11141,"hydrolase activity, hydrolyzing O-glycosyl compounds"
tr|Q020T4|Q020T4_SOLUE,GO:0008233,0.10397,peptidase activity
tr|Q026I6|Q026I6_SOLUE,GO:0016798,0.11200,"hydrolase activity, acting on glycosyl bonds"
tr|Q029C2|Q029C2_SOLUE,GO:0097367,0.15661,carbohydrate derivative binding
tr|Q029C2|Q029C2_SOLUE,GO:0032553,0.11015,ribonucleotide binding
tr|Q029P2|Q029P2_SOLUE,GO:0097367,0.11335,carbohydrate derivative binding
tr|Q02BD5|Q02BD5_SOLUE,GO:0097367,0.59265,carbohydrate derivative binding
tr|Q02BD5|Q02BD5_SOLUE,GO:0032553,0.43709,ribonucleotide binding
tr|Q02BD5|Q02BD5_SOLUE,GO:0032555,0.43039,purine ribonucleotide binding
tr|Q02BD5|Q02BD5_SOLUE,GO:0035639,0.42654,purine ribonucleoside triphosphate binding
tr|Q02BD5|Q02BD5_SOLUE,GO:0017076,0.38373,purine nucleotide binding
tr|Q02BD5|Q02BD5_SOLUE,GO:0032559,0.13541,adenyl ribonucleotide binding
tr|Q02BD5|Q02BD5_SOLUE,GO:0005524,0.13253,ATP binding
tr|Q02BD5|Q02BD5_SOLUE,GO:0030554,0.11497,adenyl nucleotide binding
sp|Q0AUD1|ATPA_SYNWW,GO:0015078,0.99990,proton transmembrane transporter activity
sp|Q0AUD1|ATPA_SYNWW,GO:0046933,0.99986,"proton-transporting ATP synthase activity, rotational mechanism"
sp|Q0AUD1|ATPA_SYNWW,GO:0015252,0.99986,proton channel activity
sp|Q0AUD1|ATPA_SYNWW,GO:0022890,0.99975,inorganic cation transmembrane transporter activity
sp|Q0AUD1|ATPA_SYNWW,GO:0008324,0.99970,cation transmembrane transporter activity
sp|Q0AUD1|ATPA_SYNWW,GO:0015318,0.99965,inorganic molecular entity transmembrane transporter activity
sp|Q0AUD1|ATPA_SYNWW,GO:0022857,0.99963,transmembrane transporter activity
sp|Q0AUD1|ATPA_SYNWW,GO:0015075,0.99963,ion transmembrane transporter activity
sp|Q0AUD1|ATPA_SYNWW,GO:0005261,0.99961,cation channel activity
sp|Q0AUD1|ATPA_SYNWW,GO:0015267,0.99960,channel activity
sp|Q0AUD1|ATPA_SYNWW,GO:0022803,0.99960,passive transmembrane transporter activity
sp|Q0AUD1|ATPA_SYNWW,GO:0005216,0.99958,ion channel activity
sp|Q0AUD1|ATPA_SYNWW,GO:0005215,0.99957,transporter activity
sp|Q0AUD1|ATPA_SYNWW,GO:0035639,0.99928,purine ribonucleoside triphosphate binding
sp|Q0AUD1|ATPA_SYNWW,GO:0032555,0.99926,purine ribonucleotide binding
sp|Q0AUD1|ATPA_SYNWW,GO:0032553,0.99920,ribonucleotide binding
sp|Q0AUD1|ATPA_SYNWW,GO:0017076,0.99916,purine nucleotide binding
sp|Q0AUD1|ATPA_SYNWW,GO:0097367,0.99904,carbohydrate derivative binding
sp|Q0AUD1|ATPA_SYNWW,GO:0016874,0.99902,ligase activity
sp|Q0AUD1|ATPA_SYNWW,GO:0005524,0.99902,ATP binding
sp|Q0AUD1|ATPA_SYNWW,GO:0032559,0.99900,adenyl ribonucleotide binding
sp|Q0AUD1|ATPA_SYNWW,GO:0030554,0.99887,adenyl nucleotide binding
sp|Q0AUD3|ATPB_SYNWW,GO:0035639,0.99999,purine ribonucleoside triphosphate binding
sp|Q0AUD3|ATPB_SYNWW,GO:0032555,0.99999,purine ribonucleotide binding
sp|Q0AUD3|ATPB_SYNWW,GO:0017076,0.99998,purine nucleotide binding
sp|Q0AUD3|ATPB_SYNWW,GO:0032553,0.99998,ribonucleotide binding
sp|Q0AUD3|ATPB_SYNWW,GO:0097367,0.99998,carbohydrate derivative binding
sp|Q0AUD3|ATPB_SYNWW,GO:0005524,0.99995,ATP binding
sp|Q0AUD3|ATPB_SYNWW,GO:0032559,0.99995,adenyl ribonucleotide binding
sp|Q0AUD3|ATPB_SYNWW,GO:0030554,0.99995,adenyl nucleotide binding
sp|Q0AUD3|ATPB_SYNWW,GO:0015078,0.99993,proton transmembrane transporter activity
sp|Q0AUD3|ATPB_SYNWW,GO:0046933,0.99990,"proton-transporting ATP synthase activity, rotational mechanism"
sp|Q0AUD3|ATPB_SYNWW,GO:0015252,0.99990,proton channel activity
sp|Q0AUD3|ATPB_SYNWW,GO:0015075,0.99976,ion transmembrane transporter activity
sp|Q0AUD3|ATPB_SYNWW,GO:0022890,0.99976,inorganic cation transmembrane transporter activity
sp|Q0AUD3|ATPB_SYNWW,GO:0015318,0.99974,inorganic molecular entity transmembrane transporter activity
sp|Q0AUD3|ATPB_SYNWW,GO:0008324,0.99974,cation transmembrane transporter activity
sp|Q0AUD3|ATPB_SYNWW,GO:0022857,0.99972,transmembrane transporter activity
sp|Q0AUD3|ATPB_SYNWW,GO:0005261,0.99970,cation channel activity
sp|Q0AUD3|ATPB_SYNWW,GO:0005215,0.99965,transporter activity
sp|Q0AUD3|ATPB_SYNWW,GO:0005216,0.99955,ion channel activity
sp|Q0AUD3|ATPB_SYNWW,GO:0022803,0.99944,passive transmembrane transporter activity
sp|Q0AUD3|ATPB_SYNWW,GO:0015267,0.99944,channel activity
sp|Q0AUD3|ATPB_SYNWW,GO:0016874,0.99778,ligase activity
sp|Q0AVM3|THLA_SYNWW,GO:0016746,0.91381,"transferase activity, transferring acyl groups"
sp|Q0AVM3|THLA_SYNWW,GO:0016747,0.86162,"transferase activity, transferring acyl groups other than amino-acyl groups"
sp|Q0AVM3|THLA_SYNWW,GO:0016407,0.13996,acetyltransferase activity
sp|Q0AVV1|CH60_SYNWW,GO:0030554,0.99973,adenyl nucleotide binding
sp|Q0AVV1|CH60_SYNWW,GO:0005524,0.99968,ATP binding
sp|Q0AVV1|CH60_SYNWW,GO:0032559,0.99968,adenyl ribonucleotide binding
sp|Q0AVV1|CH60_SYNWW,GO:0017076,0.99963,purine nucleotide binding
sp|Q0AVV1|CH60_SYNWW,GO:0035639,0.99957,purine ribonucleoside triphosphate binding
sp|Q0AVV1|CH60_SYNWW,GO:0032555,0.99956,purine ribonucleotide binding
sp|Q0AVV1|CH60_SYNWW,GO:0032553,0.99954,ribonucleotide binding
sp|Q0AVV1|CH60_SYNWW,GO:0097367,0.99946,carbohydrate derivative binding
sp|Q0AVV1|CH60_SYNWW,GO:0051082,0.91789,unfolded protein binding
tr|Q0AYW6|Q0AYW6_SYNWW,GO:0016747,0.21676,"transferase activity, transferring acyl groups other than amino-acyl groups"
tr|Q0AYW6|Q0AYW6_SYNWW,GO:0016746,0.20821,"transferase activity, transferring acyl groups"
sp|Q0AZ34|ETFB_SYNWW,GO:0097367,0.18938,carbohydrate derivative binding
sp|Q0AZ34|ETFB_SYNWW,GO:0032553,0.18122,ribonucleotide binding
sp|Q0AZ34|ETFB_SYNWW,GO:0030554,0.17449,adenyl nucleotide binding
sp|Q0AZ34|ETFB_SYNWW,GO:0032559,0.17418,adenyl ribonucleotide binding
sp|Q0AZ34|ETFB_SYNWW,GO:0005524,0.16617,ATP binding
sp|Q0AZ34|ETFB_SYNWW,GO:0032555,0.16338,purine ribonucleotide binding
sp|Q0AZ34|ETFB_SYNWW,GO:0017076,0.16299,purine nucleotide binding
sp|Q0AZ34|ETFB_SYNWW,GO:0035639,0.15576,purine ribonucleoside triphosphate binding
sp|Q0AZ34|ETFB_SYNWW,GO:0016829,0.13672,lyase activity
sp|Q0AZ34|ETFB_SYNWW,GO:0003723,0.11692,RNA binding
tr|Q0B0L0|Q0B0L0_SYNWW,GO:0140096,0.11803,"catalytic activity, acting on a protein"
tr|Q0D4D9|Q0D4D9_ORYSJ,GO:0005198,0.24933,structural molecule activity
tr|Q0D4D9|Q0D4D9_ORYSJ,GO:0003723,0.22095,RNA binding
tr|Q0D4D9|Q0D4D9_ORYSJ,GO:0003735,0.15172,structural constituent of ribosome
tr|Q0D4D9|Q0D4D9_ORYSJ,GO:0003677,0.14342,DNA binding
tr|Q0D551|Q0D551_ORYSJ,GO:0097367,0.12391,carbohydrate derivative binding
tr|Q0D551|Q0D551_ORYSJ,GO:0032553,0.12186,ribonucleotide binding
tr|Q0D551|Q0D551_ORYSJ,GO:0032555,0.10117,purine ribonucleotide binding
sp|Q2QM62|KN14R_ORYSJ,GO:0097367,0.94456,carbohydrate derivative binding
sp|Q2QM62|KN14R_ORYSJ,GO:0017076,0.94369,purine nucleotide binding
sp|Q2QM62|KN14R_ORYSJ,GO:0032553,0.94087,ribonucleotide binding
sp|Q2QM62|KN14R_ORYSJ,GO:0032555,0.93849,purine ribonucleotide binding
sp|Q2QM62|KN14R_ORYSJ,GO:0035639,0.93818,purine ribonucleoside triphosphate binding
sp|Q2QM62|KN14R_ORYSJ,GO:0016462,0.84209,pyrophosphatase activity
sp|Q2QM62|KN14R_ORYSJ,GO:0016818,0.82896,"hydrolase activity, acting on acid anhydrides, in phosphorus-containing anhydrides"
sp|Q2QM62|KN14R_ORYSJ,GO:0016817,0.82870,"hydrolase activity, acting on acid anhydrides"
sp|Q2QM62|KN14R_ORYSJ,GO:0030554,0.74445,adenyl nucleotide binding
sp|Q2QM62|KN14R_ORYSJ,GO:0032559,0.72708,adenyl ribonucleotide binding
sp|Q2QM62|KN14R_ORYSJ,GO:0017111,0.72693,nucleoside-triphosphatase activity
sp|Q2QM62|KN14R_ORYSJ,GO:0005524,0.72691,ATP binding
sp|Q2QM62|KN14R_ORYSJ,GO:0016887,0.16634,ATPase activity
sp|Q2QM62|KN14R_ORYSJ,GO:0008092,0.12731,cytoskeletal protein binding
tr|Q0IZ33|Q0IZ33_ORYSJ,GO:0097367,0.26325,carbohydrate derivative binding
tr|Q0IZ33|Q0IZ33_ORYSJ,GO:0032553,0.24188,ribonucleotide binding
tr|Q0IZ33|Q0IZ33_ORYSJ,GO:0140096,0.19849,"catalytic activity, acting on a protein"
tr|Q0IZ33|Q0IZ33_ORYSJ,GO:0032555,0.19398,purine ribonucleotide binding
tr|Q0IZ33|Q0IZ33_ORYSJ,GO:0035639,0.18871,purine ribonucleoside triphosphate binding
tr|Q0IZ33|Q0IZ33_ORYSJ,GO:0017076,0.18591,purine nucleotide binding
tr|Q0IZ33|Q0IZ33_ORYSJ,GO:0032559,0.16413,adenyl ribonucleotide binding
tr|Q0IZ33|Q0IZ33_ORYSJ,GO:0005524,0.16087,ATP binding
tr|Q0IZ33|Q0IZ33_ORYSJ,GO:0030554,0.15741,adenyl nucleotide binding
tr|Q0IZ33|Q0IZ33_ORYSJ,GO:0016772,0.11129,"transferase activity, transferring phosphorus-containing groups"
tr|Q0IZ33|Q0IZ33_ORYSJ,GO:0003677,0.10262,DNA binding
tr|Q0IZ45|Q0IZ45_ORYSJ,GO:0032555,0.93863,purine ribonucleotide binding
tr|Q0IZ45|Q0IZ45_ORYSJ,GO:0035639,0.93842,purine ribonucleoside triphosphate binding
tr|Q0IZ45|Q0IZ45_ORYSJ,GO:0017076,0.93726,purine nucleotide binding
tr|Q0IZ45|Q0IZ45_ORYSJ,GO:0097367,0.93261,carbohydrate derivative binding
tr|Q0IZ45|Q0IZ45_ORYSJ,GO:0032553,0.93032,ribonucleotide binding
tr|Q0IZ45|Q0IZ45_ORYSJ,GO:0005524,0.88019,ATP binding
tr|Q0IZ45|Q0IZ45_ORYSJ,GO:0032559,0.87991,adenyl ribonucleotide binding
tr|Q0IZ45|Q0IZ45_ORYSJ,GO:0030554,0.87613,adenyl nucleotide binding
tr|Q0IZ45|Q0IZ45_ORYSJ,GO:0017111,0.17183,nucleoside-triphosphatase activity
tr|Q0IZ45|Q0IZ45_ORYSJ,GO:0016887,0.14820,ATPase activity
tr|Q0IZ45|Q0IZ45_ORYSJ,GO:0016462,0.14404,pyrophosphatase activity
tr|Q0IZ45|Q0IZ45_ORYSJ,GO:0016818,0.13405,"hydrolase activity, acting on acid anhydrides, in phosphorus-containing anhydrides"
tr|Q0IZ45|Q0IZ45_ORYSJ,GO:0016817,0.13392,"hydrolase activity, acting on acid anhydrides"
tr|Q0IZ45|Q0IZ45_ORYSJ,GO:0051540,0.11260,metal cluster binding
tr|Q0IZ45|Q0IZ45_ORYSJ,GO:0051536,0.11252,iron-sulfur cluster binding
tr|Q0IZ45|Q0IZ45_ORYSJ,GO:0051539,0.10923,"4 iron, 4 sulfur cluster binding"
tr|Q0J365|Q0J365_ORYSJ,GO:0097367,0.15657,carbohydrate derivative binding
tr|Q0J365|Q0J365_ORYSJ,GO:0140096,0.14100,"catalytic activity, acting on a protein"
tr|Q0J365|Q0J365_ORYSJ,GO:0032553,0.13892,ribonucleotide binding
tr|Q0J365|Q0J365_ORYSJ,GO:0032555,0.13197,purine ribonucleotide binding
tr|Q0J365|Q0J365_ORYSJ,GO:0035639,0.12902,purine ribonucleoside triphosphate binding
tr|Q0J365|Q0J365_ORYSJ,GO:0017076,0.12707,purine nucleotide binding
tr|Q0J365|Q0J365_ORYSJ,GO:0032559,0.11449,adenyl ribonucleotide binding
tr|Q0J365|Q0J365_ORYSJ,GO:0005524,0.11429,ATP binding
tr|Q0J365|Q0J365_ORYSJ,GO:0030554,0.11046,adenyl nucleotide binding
tr|Q0J4L3|Q0J4L3_ORYSJ,GO:0097367,0.12520,carbohydrate derivative binding
tr|Q0J4L3|Q0J4L3_ORYSJ,GO:0032553,0.11944,ribonucleotide binding
tr|Q0J4L3|Q0J4L3_ORYSJ,GO:0003723,0.10843,RNA binding
tr|Q0P7J8|Q0P7J8_ECOLX,GO:0032553,0.67260,ribonucleotide binding
tr|Q0P7J8|Q0P7J8_ECOLX,GO:0017076,0.66822,purine nucleotide binding
tr|Q0P7J8|Q0P7J8_ECOLX,GO:0032555,0.66638,purine ribonucleotide binding
tr|Q0P7J8|Q0P7J8_ECOLX,GO:0035639,0.66346,purine ribonucleoside triphosphate binding
tr|Q0P7J8|Q0P7J8_ECOLX,GO:0097367,0.65953,carbohydrate derivative binding
tr|Q0P7J8|Q0P7J8_ECOLX,GO:0030554,0.62856,adenyl nucleotide binding
tr|Q0P7J8|Q0P7J8_ECOLX,GO:0005524,0.62693,ATP binding
tr|Q0P7J8|Q0P7J8_ECOLX,GO:0032559,0.62622,adenyl ribonucleotide binding
tr|Q0P7J8|Q0P7J8_ECOLX,GO:0016874,0.21731,ligase activity
tr|Q103D3|Q103D3_SALET,GO:0003723,0.12884,RNA binding
tr|Q12HS5|Q12HS5_SHEDO,GO:0097367,0.53117,carbohydrate derivative binding
tr|Q12HS5|Q12HS5_SHEDO,GO:0032555,0.44877,purine ribonucleotide binding
tr|Q12HS5|Q12HS5_SHEDO,GO:0035639,0.44577,purine ribonucleoside triphosphate binding
tr|Q12HS5|Q12HS5_SHEDO,GO:0032553,0.44298,ribonucleotide binding
tr|Q12HS5|Q12HS5_SHEDO,GO:0017076,0.41903,purine nucleotide binding
tr|Q12HS5|Q12HS5_SHEDO,GO:0032559,0.18292,adenyl ribonucleotide binding
tr|Q12HS5|Q12HS5_SHEDO,GO:0005524,0.18062,ATP binding
tr|Q12HS5|Q12HS5_SHEDO,GO:0030554,0.16581,adenyl nucleotide binding
tr|Q1IJQ5|Q1IJQ5_KORVE,GO:0004553,0.16726,"hydrolase activity, hydrolyzing O-glycosyl compounds"
tr|Q1IJQ5|Q1IJQ5_KORVE,GO:0016798,0.12202,"hydrolase activity, acting on glycosyl bonds"
tr|Q1IJQ5|Q1IJQ5_KORVE,GO:0097367,0.11273,carbohydrate derivative binding
tr|Q1IKU3|Q1IKU3_KORVE,GO:0097367,0.17066,carbohydrate derivative binding
tr|Q1IKU3|Q1IKU3_KORVE,GO:0032553,0.11070,ribonucleotide binding
tr|Q1ILS6|Q1ILS6_KORVE,GO:0097367,0.22991,carbohydrate derivative binding
tr|Q1ILS6|Q1ILS6_KORVE,GO:0032553,0.19583,ribonucleotide binding
tr|Q1ILS6|Q1ILS6_KORVE,GO:0017076,0.16668,purine nucleotide binding
tr|Q1ILS6|Q1ILS6_KORVE,GO:0032555,0.15466,purine ribonucleotide binding
tr|Q1ILS6|Q1ILS6_KORVE,GO:0035639,0.14918,purine ribonucleoside triphosphate binding
tr|Q1ILS6|Q1ILS6_KORVE,GO:0030554,0.12116,adenyl nucleotide binding
tr|Q1ILS6|Q1ILS6_KORVE,GO:0032559,0.11157,adenyl ribonucleotide binding
tr|Q1ILS6|Q1ILS6_KORVE,GO:0005524,0.10747,ATP binding
tr|Q1IRJ7|Q1IRJ7_KORVE,GO:0097367,0.25856,carbohydrate derivative binding
tr|Q1IRJ7|Q1IRJ7_KORVE,GO:0032553,0.20274,ribonucleotide binding
tr|Q1IRJ7|Q1IRJ7_KORVE,GO:0032555,0.14089,purine ribonucleotide binding
tr|Q1IRJ7|Q1IRJ7_KORVE,GO:0035639,0.13785,purine ribonucleoside triphosphate binding
tr|Q1IRJ7|Q1IRJ7_KORVE,GO:0017076,0.12960,purine nucleotide binding
tr|Q1IST1|Q1IST1_KORVE,GO:0097367,0.25554,carbohydrate derivative binding
tr|Q1IST1|Q1IST1_KORVE,GO:0032553,0.14459,ribonucleotide binding
tr|Q1IST1|Q1IST1_KORVE,GO:0032555,0.12962,purine ribonucleotide binding
tr|Q1IST1|Q1IST1_KORVE,GO:0035639,0.12549,purine ribonucleoside triphosphate binding
tr|Q1IST1|Q1IST1_KORVE,GO:0017076,0.12050,purine nucleotide binding
tr|Q1IST1|Q1IST1_KORVE,GO:0008233,0.11091,peptidase activity
tr|Q1JZL4|Q1JZL4_DESA6,GO:0097367,0.10686,carbohydrate derivative binding
tr|Q1K036|Q1K036_DESA6,GO:0046914,0.28852,transition metal ion binding
tr|Q1K036|Q1K036_DESA6,GO:0008270,0.15331,zinc ion binding
tr|Q1K036|Q1K036_DESA6,GO:0016829,0.12112,lyase activity
tr|Q1K036|Q1K036_DESA6,GO:0003723,0.11887,RNA binding
tr|Q1K0I0|Q1K0I0_DESA6,GO:0140096,0.13212,"catalytic activity, acting on a protein"
tr|Q1K0I0|Q1K0I0_DESA6,GO:0097367,0.11961,carbohydrate derivative binding
tr|Q1K0I0|Q1K0I0_DESA6,GO:0032559,0.11182,adenyl ribonucleotide binding
tr|Q1K0I0|Q1K0I0_DESA6,GO:0030554,0.10997,adenyl nucleotide binding
tr|Q1K0I0|Q1K0I0_DESA6,GO:0005524,0.10878,ATP binding
tr|Q1KZ15|Q1KZ15_9MAGN,GO:0016829,0.99421,lyase activity
tr|Q1KZ15|Q1KZ15_9MAGN,GO:0016830,0.97926,carbon-carbon lyase activity
tr|Q1KZ15|Q1KZ15_9MAGN,GO:0016831,0.96961,carboxy-lyase activity
tr|Q1KZ15|Q1KZ15_9MAGN,GO:0016984,0.72535,ribulose-bisphosphate carboxylase activity
tr|Q1KZ15|Q1KZ15_9MAGN,GO:0000287,0.63773,magnesium ion binding
tr|Q1KZ15|Q1KZ15_9MAGN,GO:0004497,0.46201,monooxygenase activity
tr|Q1KZ15|Q1KZ15_9MAGN,GO:0016835,0.14158,carbon-oxygen lyase activity
tr|Q202A2|Q202A2_STRPY,GO:0097367,0.39782,carbohydrate derivative binding
tr|Q202A2|Q202A2_STRPY,GO:0032553,0.32498,ribonucleotide binding
tr|Q202A2|Q202A2_STRPY,GO:0032555,0.30941,purine ribonucleotide binding
tr|Q202A2|Q202A2_STRPY,GO:0035639,0.30367,purine ribonucleoside triphosphate binding
tr|Q202A2|Q202A2_STRPY,GO:0017076,0.28859,purine nucleotide binding
tr|Q202A2|Q202A2_STRPY,GO:0032559,0.16114,adenyl ribonucleotide binding
tr|Q202A2|Q202A2_STRPY,GO:0005524,0.15855,ATP binding
tr|Q202A2|Q202A2_STRPY,GO:0030554,0.14700,adenyl nucleotide binding
tr|Q2BFV1|Q2BFV1_9BACI,GO:0097367,0.23216,carbohydrate derivative binding
tr|Q2BFV1|Q2BFV1_9BACI,GO:0032553,0.20598,ribonucleotide binding
tr|Q2BFV1|Q2BFV1_9BACI,GO:0017076,0.19754,purine nucleotide binding
tr|Q2BFV1|Q2BFV1_9BACI,GO:0035639,0.19067,purine ribonucleoside triphosphate binding
tr|Q2BFV1|Q2BFV1_9BACI,GO:0032555,0.18745,purine ribonucleotide binding
tr|Q2BFV1|Q2BFV1_9BACI,GO:0030554,0.15062,adenyl nucleotide binding
tr|Q2BFV1|Q2BFV1_9BACI,GO:0005524,0.14553,ATP binding
tr|Q2BFV1|Q2BFV1_9BACI,GO:0032559,0.14309,adenyl ribonucleotide binding
tr|Q2CGU7|Q2CGU7_OCEGH,GO:0140096,0.12541,"catalytic activity, acting on a protein"
tr|Q2CGU7|Q2CGU7_OCEGH,GO:0046914,0.11101,transition metal ion binding
tr|Q2FQP2|Q2FQP2_METHJ,GO:0032553,0.99967,ribonucleotide binding
tr|Q2FQP2|Q2FQP2_METHJ,GO:0017076,0.99964,purine nucleotide binding
tr|Q2FQP2|Q2FQP2_METHJ,GO:0035639,0.99958,purine ribonucleoside triphosphate binding
tr|Q2FQP2|Q2FQP2_METHJ,GO:0097367,0.99957,carbohydrate derivative binding
tr|Q2FQP2|Q2FQP2_METHJ,GO:0032555,0.99956,purine ribonucleotide binding
tr|Q2FQP2|Q2FQP2_METHJ,GO:0030554,0.99944,adenyl nucleotide binding
tr|Q2FQP2|Q2FQP2_METHJ,GO:0005524,0.99932,ATP binding
tr|Q2FQP2|Q2FQP2_METHJ,GO:0032559,0.99929,adenyl ribonucleotide binding
tr|Q2FQP2|Q2FQP2_METHJ,GO:0051082,0.96554,unfolded protein binding
sp|Q2FRI3|EF1A_METHJ,GO:0032550,0.99999,purine ribonucleoside binding
sp|Q2FRI3|EF1A_METHJ,GO:0001883,0.99999,purine nucleoside binding
sp|Q2FRI3|EF1A_METHJ,GO:0005525,0.99999,GTP binding
sp|Q2FRI3|EF1A_METHJ,GO:0032549,0.99999,ribonucleoside binding
sp|Q2FRI3|EF1A_METHJ,GO:0019001,0.99999,guanyl nucleotide binding
sp|Q2FRI3|EF1A_METHJ,GO:0001882,0.99999,nucleoside binding
sp|Q2FRI3|EF1A_METHJ,GO:0032561,0.99999,guanyl ribonucleotide binding
sp|Q2FRI3|EF1A_METHJ,GO:0003924,0.99996,GTPase activity
sp|Q2FRI3|EF1A_METHJ,GO:0032553,0.99970,ribonucleotide binding
sp|Q2FRI3|EF1A_METHJ,GO:0016818,0.99970,"hydrolase activity, acting on acid anhydrides, in phosphorus-containing anhydrides"
sp|Q2FRI3|EF1A_METHJ,GO:0016817,0.99970,"hydrolase activity, acting on acid anhydrides"
sp|Q2FRI3|EF1A_METHJ,GO:0016462,0.99962,pyrophosphatase activity
sp|Q2FRI3|EF1A_METHJ,GO:0097367,0.99962,carbohydrate derivative binding
sp|Q2FRI3|EF1A_METHJ,GO:0035639,0.99934,purine ribonucleoside triphosphate binding
sp|Q2FRI3|EF1A_METHJ,GO:0032555,0.99932,purine ribonucleotide binding
sp|Q2FRI3|EF1A_METHJ,GO:0017111,0.99931,nucleoside-triphosphatase activity
sp|Q2FRI3|EF1A_METHJ,GO:0017076,0.99931,purine nucleotide binding
sp|Q2FRI3|EF1A_METHJ,GO:0008135,0.99793,"translation factor activity, RNA binding"
sp|Q2FRI3|EF1A_METHJ,GO:0090079,0.99788,"translation regulator activity, nucleic acid binding"
sp|Q2FRI3|EF1A_METHJ,GO:0045182,0.99784,translation regulator activity
sp|Q2FRI3|EF1A_METHJ,GO:0003723,0.99331,RNA binding
sp|Q2FRI3|EF1A_METHJ,GO:0003746,0.97726,translation elongation factor activity
tr|Q2FRN0|Q2FRN0_METHJ,GO:0097367,0.23360,carbohydrate derivative binding
tr|Q2FRN0|Q2FRN0_METHJ,GO:0032553,0.21612,ribonucleotide binding
tr|Q2FRN0|Q2FRN0_METHJ,GO:0032555,0.13693,purine ribonucleotide binding
tr|Q2FRN0|Q2FRN0_METHJ,GO:0035639,0.13553,purine ribonucleoside triphosphate binding
tr|Q2FRN0|Q2FRN0_METHJ,GO:0017076,0.13390,purine nucleotide binding
tr|Q2FRN0|Q2FRN0_METHJ,GO:0032559,0.13190,adenyl ribonucleotide binding
tr|Q2FRN0|Q2FRN0_METHJ,GO:0005524,0.13049,ATP binding
tr|Q2FRN0|Q2FRN0_METHJ,GO:0030554,0.12945,adenyl nucleotide binding
tr|Q2FRN0|Q2FRN0_METHJ,GO:0140096,0.10111,"catalytic activity, acting on a protein"
tr|Q2FS26|Q2FS26_METHJ,GO:0097367,0.21621,carbohydrate derivative binding
tr|Q2FS26|Q2FS26_METHJ,GO:0032553,0.17724,ribonucleotide binding
tr|Q2FS26|Q2FS26_METHJ,GO:0032555,0.17589,purine ribonucleotide binding
tr|Q2FS26|Q2FS26_METHJ,GO:0017076,0.17407,purine nucleotide binding
tr|Q2FS26|Q2FS26_METHJ,GO:0035639,0.17108,purine ribonucleoside triphosphate binding
tr|Q2FS26|Q2FS26_METHJ,GO:0032559,0.15313,adenyl ribonucleotide binding
tr|Q2FS26|Q2FS26_METHJ,GO:0005524,0.15186,ATP binding
tr|Q2FS26|Q2FS26_METHJ,GO:0030554,0.15135,adenyl nucleotide binding
tr|Q2FSD8|Q2FSD8_METHJ,GO:0140096,0.13312,"catalytic activity, acting on a protein"
tr|Q2FSD8|Q2FSD8_METHJ,GO:0008233,0.12108,peptidase activity
tr|Q2FSN5|Q2FSN5_METHJ,GO:0008233,0.30182,peptidase activity
tr|Q2FSN5|Q2FSN5_METHJ,GO:0140096,0.23852,"catalytic activity, acting on a protein"
tr|Q2FSN5|Q2FSN5_METHJ,GO:0004553,0.16777,"hydrolase activity, hydrolyzing O-glycosyl compounds"
tr|Q2FSN5|Q2FSN5_METHJ,GO:0016798,0.15538,"hydrolase activity, acting on glycosyl bonds"
tr|Q2FTS3|Q2FTS3_METHJ,GO:0097367,0.16764,carbohydrate derivative binding
tr|Q2FTS3|Q2FTS3_METHJ,GO:0017076,0.12706,purine nucleotide binding
tr|Q2FTS3|Q2FTS3_METHJ,GO:0032555,0.12429,purine ribonucleotide binding
tr|Q2FTS3|Q2FTS3_METHJ,GO:0032553,0.12331,ribonucleotide binding
tr|Q2FTS3|Q2FTS3_METHJ,GO:0035639,0.11972,purine ribonucleoside triphosphate binding
sp|Q2FU89|MTD_METHJ,GO:0097367,0.10239,carbohydrate derivative binding
sp|Q2II78|EFTU_ANADE,GO:0032550,1.00000,purine ribonucleoside binding
sp|Q2II78|EFTU_ANADE,GO:0032549,1.00000,ribonucleoside binding
sp|Q2II78|EFTU_ANADE,GO:0019001,1.00000,guanyl nucleotide binding
sp|Q2II78|EFTU_ANADE,GO:0032561,1.00000,guanyl ribonucleotide binding
sp|Q2II78|EFTU_ANADE,GO:0005525,1.00000,GTP binding
sp|Q2II78|EFTU_ANADE,GO:0001883,1.00000,purine nucleoside binding
sp|Q2II78|EFTU_ANADE,GO:0001882,1.00000,nucleoside binding
sp|Q2II78|EFTU_ANADE,GO:0003924,1.00000,GTPase activity
sp|Q2II78|EFTU_ANADE,GO:0016818,1.00000,"hydrolase activity, acting on acid anhydrides, in phosphorus-containing anhydrides"
sp|Q2II78|EFTU_ANADE,GO:0016817,1.00000,"hydrolase activity, acting on acid anhydrides"
sp|Q2II78|EFTU_ANADE,GO:0016462,1.00000,pyrophosphatase activity
sp|Q2II78|EFTU_ANADE,GO:0008135,1.00000,"translation factor activity, RNA binding"
sp|Q2II78|EFTU_ANADE,GO:0090079,1.00000,"translation regulator activity, nucleic acid binding"
sp|Q2II78|EFTU_ANADE,GO:0045182,0.99999,translation regulator activity
sp|Q2II78|EFTU_ANADE,GO:0032553,0.99999,ribonucleotide binding
sp|Q2II78|EFTU_ANADE,GO:0097367,0.99999,carbohydrate derivative binding
sp|Q2II78|EFTU_ANADE,GO:0017111,0.99999,nucleoside-triphosphatase activity
sp|Q2II78|EFTU_ANADE,GO:0017076,0.99999,purine nucleotide binding
sp|Q2II78|EFTU_ANADE,GO:0035639,0.99999,purine ribonucleoside triphosphate binding
sp|Q2II78|EFTU_ANADE,GO:0032555,0.99999,purine ribonucleotide binding
sp|Q2II78|EFTU_ANADE,GO:0003746,0.99966,translation elongation factor activity
sp|Q2II78|EFTU_ANADE,GO:0003723,0.99959,RNA binding
sp|Q2II78|EFTU_ANADE,GO:0003743,0.12089,translation initiation factor activity
sp|Q2LTG7|CH602_SYNAS,GO:0017076,0.99983,purine nucleotide binding
sp|Q2LTG7|CH602_SYNAS,GO:0035639,0.99982,purine ribonucleoside triphosphate binding
sp|Q2LTG7|CH602_SYNAS,GO:0032555,0.99981,purine ribonucleotide binding
sp|Q2LTG7|CH602_SYNAS,GO:0032553,0.99979,ribonucleotide binding
sp|Q2LTG7|CH602_SYNAS,GO:0030554,0.99975,adenyl nucleotide binding
sp|Q2LTG7|CH602_SYNAS,GO:0097367,0.99975,carbohydrate derivative binding
sp|Q2LTG7|CH602_SYNAS,GO:0005524,0.99972,ATP binding
sp|Q2LTG7|CH602_SYNAS,GO:0032559,0.99972,adenyl ribonucleotide binding
sp|Q2LTG7|CH602_SYNAS,GO:0051082,0.94073,unfolded protein binding
tr|Q2LTH8|Q2LTH8_SYNAS,GO:0005215,0.12818,transporter activity
tr|Q2LTH8|Q2LTH8_SYNAS,GO:0022857,0.12631,transmembrane transporter activity
sp|Q2LUH6|DNAK_SYNAS,GO:0017076,0.99988,purine nucleotide binding
sp|Q2LUH6|DNAK_SYNAS,GO:0032553,0.99987,ribonucleotide binding
sp|Q2LUH6|DNAK_SYNAS,GO:0030554,0.99985,adenyl nucleotide binding
sp|Q2LUH6|DNAK_SYNAS,GO:0097367,0.99984,carbohydrate derivative binding
sp|Q2LUH6|DNAK_SYNAS,GO:0035639,0.99984,purine ribonucleoside triphosphate binding
sp|Q2LUH6|DNAK_SYNAS,GO:0032555,0.99983,purine ribonucleotide binding
sp|Q2LUH6|DNAK_SYNAS,GO:0005524,0.99978,ATP binding
sp|Q2LUH6|DNAK_SYNAS,GO:0032559,0.99977,adenyl ribonucleotide binding
sp|Q2LUH6|DNAK_SYNAS,GO:0051082,0.97182,unfolded protein binding
tr|Q2LUP5|Q2LUP5_SYNAS,GO:0005215,0.14446,transporter activity
tr|Q2LUP5|Q2LUP5_SYNAS,GO:0022857,0.14246,transmembrane transporter activity
tr|Q2LUP5|Q2LUP5_SYNAS,GO:0015075,0.14007,ion transmembrane transporter activity
tr|Q2LUP5|Q2LUP5_SYNAS,GO:0015318,0.11441,inorganic molecular entity transmembrane transporter activity
tr|Q2LUP5|Q2LUP5_SYNAS,GO:0015078,0.10833,proton transmembrane transporter activity
tr|Q2LUP5|Q2LUP5_SYNAS,GO:0015252,0.10267,proton channel activity
tr|Q2LUP5|Q2LUP5_SYNAS,GO:0046933,0.10258,"proton-transporting ATP synthase activity, rotational mechanism"
tr|Q2LW75|Q2LW75_SYNAS,GO:0097367,0.33401,carbohydrate derivative binding
tr|Q2LW75|Q2LW75_SYNAS,GO:0032553,0.31179,ribonucleotide binding
tr|Q2LW75|Q2LW75_SYNAS,GO:0032555,0.28675,purine ribonucleotide binding
tr|Q2LW75|Q2LW75_SYNAS,GO:0035639,0.28285,purine ribonucleoside triphosphate binding
tr|Q2LW75|Q2LW75_SYNAS,GO:0017076,0.27548,purine nucleotide binding
tr|Q2LW75|Q2LW75_SYNAS,GO:0051540,0.16806,metal cluster binding
tr|Q2LW75|Q2LW75_SYNAS,GO:0051536,0.16783,iron-sulfur cluster binding
tr|Q2LW75|Q2LW75_SYNAS,GO:0032559,0.14633,adenyl ribonucleotide binding
tr|Q2LW75|Q2LW75_SYNAS,GO:0005524,0.14463,ATP binding
tr|Q2LW75|Q2LW75_SYNAS,GO:0030554,0.13946,adenyl nucleotide binding
tr|Q2LW75|Q2LW75_SYNAS,GO:0051539,0.12313,"4 iron, 4 sulfur cluster binding"
tr|Q2LWR0|Q2LWR0_SYNAS,GO:0097367,0.40780,carbohydrate derivative binding
tr|Q2LWR0|Q2LWR0_SYNAS,GO:0032553,0.39171,ribonucleotide binding
tr|Q2LWR0|Q2LWR0_SYNAS,GO:0032555,0.36152,purine ribonucleotide binding
tr|Q2LWR0|Q2LWR0_SYNAS,GO:0035639,0.35740,purine ribonucleoside triphosphate binding
tr|Q2LWR0|Q2LWR0_SYNAS,GO:0017076,0.35400,purine nucleotide binding
tr|Q2LWR0|Q2LWR0_SYNAS,GO:0032559,0.32200,adenyl ribonucleotide binding
tr|Q2LWR0|Q2LWR0_SYNAS,GO:0005524,0.31888,ATP binding
tr|Q2LWR0|Q2LWR0_SYNAS,GO:0030554,0.31536,adenyl nucleotide binding
tr|Q2LWR1|Q2LWR1_SYNAS,GO:0051540,0.82809,metal cluster binding
tr|Q2LWR1|Q2LWR1_SYNAS,GO:0051536,0.82809,iron-sulfur cluster binding
tr|Q2LWR1|Q2LWR1_SYNAS,GO:0051539,0.75607,"4 iron, 4 sulfur cluster binding"
tr|Q2LWR1|Q2LWR1_SYNAS,GO:0046914,0.27252,transition metal ion binding
tr|Q2LWR1|Q2LWR1_SYNAS,GO:0009055,0.13077,electron transfer activity
tr|Q2LWR1|Q2LWR1_SYNAS,GO:0005506,0.11865,iron ion binding
tr|Q2LWR5|Q2LWR5_SYNAS,GO:0016798,0.17094,"hydrolase activity, acting on glycosyl bonds"
tr|Q2LWR5|Q2LWR5_SYNAS,GO:0004553,0.16475,"hydrolase activity, hydrolyzing O-glycosyl compounds"
tr|Q2MCV5|Q2MCV5_STEMA,GO:0046914,0.55273,transition metal ion binding
tr|Q2MCV5|Q2MCV5_STEMA,GO:0008270,0.33181,zinc ion binding
tr|Q2MCV5|Q2MCV5_STEMA,GO:0051540,0.25488,metal cluster binding
tr|Q2MCV5|Q2MCV5_STEMA,GO:0051536,0.25445,iron-sulfur cluster binding
tr|Q2MCV5|Q2MCV5_STEMA,GO:0051539,0.20954,"4 iron, 4 sulfur cluster binding"
tr|Q2MCV5|Q2MCV5_STEMA,GO:0003677,0.13899,DNA binding
tr|Q2MCV5|Q2MCV5_STEMA,GO:0005506,0.12315,iron ion binding
tr|Q2QRG5|Q2QRG5_ORYSJ,GO:0046914,0.12280,transition metal ion binding
tr|Q2QX83|Q2QX83_ORYSJ,GO:0004553,0.18776,"hydrolase activity, hydrolyzing O-glycosyl compounds"
tr|Q2QX83|Q2QX83_ORYSJ,GO:0016798,0.17762,"hydrolase activity, acting on glycosyl bonds"
tr|Q2QX83|Q2QX83_ORYSJ,GO:0008233,0.15572,peptidase activity
tr|Q2R3U4|Q2R3U4_ORYSJ,GO:0003723,0.19651,RNA binding
tr|Q2R3U4|Q2R3U4_ORYSJ,GO:0140096,0.17502,"catalytic activity, acting on a protein"
tr|Q2RG10|Q2RG10_MOOTA,GO:0097367,0.13929,carbohydrate derivative binding
tr|Q2RG10|Q2RG10_MOOTA,GO:0032553,0.11295,ribonucleotide binding
tr|Q2RG10|Q2RG10_MOOTA,GO:0032555,0.10298,purine ribonucleotide binding
tr|Q2RG10|Q2RG10_MOOTA,GO:0017076,0.10243,purine nucleotide binding
sp|Q2RI41|OORA_MOOTA,GO:0097367,0.13596,carbohydrate derivative binding
sp|Q2RI41|OORA_MOOTA,GO:0032553,0.12496,ribonucleotide binding
sp|Q2RI41|OORA_MOOTA,GO:0032555,0.11051,purine ribonucleotide binding
sp|Q2RI41|OORA_MOOTA,GO:0035639,0.10433,purine ribonucleoside triphosphate binding
sp|Q2RI41|OORA_MOOTA,GO:0017076,0.10314,purine nucleotide binding
tr|Q30VU1|Q30VU1_OLEA2,GO:0003677,0.15783,DNA binding
tr|Q30VU1|Q30VU1_OLEA2,GO:0003723,0.13886,RNA binding
tr|Q31UK4|Q31UK4_SHIBS,GO:0046914,0.27163,transition metal ion binding
tr|Q31UK4|Q31UK4_SHIBS,GO:0016667,0.26363,"oxidoreductase activity, acting on a sulfur group of donors"
tr|Q31UK4|Q31UK4_SHIBS,GO:0015036,0.25692,disulfide oxidoreductase activity
tr|Q31UK4|Q31UK4_SHIBS,GO:0051540,0.25387,metal cluster binding
tr|Q31UK4|Q31UK4_SHIBS,GO:0051536,0.25286,iron-sulfur cluster binding
tr|Q31UK4|Q31UK4_SHIBS,GO:0009055,0.24055,electron transfer activity
tr|Q31UK4|Q31UK4_SHIBS,GO:0015035,0.23586,protein disulfide oxidoreductase activity
tr|Q31UK4|Q31UK4_SHIBS,GO:0005506,0.19324,iron ion binding
tr|Q31UK4|Q31UK4_SHIBS,GO:0051539,0.15249,"4 iron, 4 sulfur cluster binding"
tr|Q31UK4|Q31UK4_SHIBS,GO:0003677,0.12712,DNA binding
tr|Q31UK4|Q31UK4_SHIBS,GO:0008270,0.11289,zinc ion binding
tr|Q31UK4|Q31UK4_SHIBS,GO:0046906,0.10654,tetrapyrrole binding
tr|Q31UK4|Q31UK4_SHIBS,GO:0020037,0.10123,heme binding
sp|Q326J2|DAPB_SHIBS,GO:0008839,0.99114,4-hydroxy-tetrahydrodipicolinate reductase
sp|Q326J2|DAPB_SHIBS,GO:0016628,0.99041,"oxidoreductase activity, acting on the CH-CH group of donors, NAD or NADP as acceptor"
sp|Q326J2|DAPB_SHIBS,GO:0016726,0.98918,"oxidoreductase activity, acting on CH or CH2 groups, NAD or NADP as acceptor"
sp|Q326J2|DAPB_SHIBS,GO:0016627,0.98233,"oxidoreductase activity, acting on the CH-CH group of donors"
sp|Q326J2|DAPB_SHIBS,GO:0051287,0.97393,NAD binding
sp|Q326J2|DAPB_SHIBS,GO:0016725,0.97099,"oxidoreductase activity, acting on CH or CH2 groups"
sp|Q326J2|DAPB_SHIBS,GO:0050661,0.94278,NADP binding
tr|Q336M9|Q336M9_ORYSJ,GO:0005215,0.17721,transporter activity
tr|Q336M9|Q336M9_ORYSJ,GO:0022857,0.16856,transmembrane transporter activity
tr|Q336M9|Q336M9_ORYSJ,GO:0009055,0.13660,electron transfer activity
tr|Q336M9|Q336M9_ORYSJ,GO:0015075,0.12397,ion transmembrane transporter activity
tr|Q336M9|Q336M9_ORYSJ,GO:0015318,0.11680,inorganic molecular entity transmembrane transporter activity
tr|Q338A3|Q338A3_ORYSJ,GO:0016773,0.91601,"phosphotransferase activity, alcohol group as acceptor"
tr|Q338A3|Q338A3_ORYSJ,GO:0016301,0.89128,kinase activity
tr|Q338A3|Q338A3_ORYSJ,GO:0016772,0.82034,"transferase activity, transferring phosphorus-containing groups"
tr|Q338A3|Q338A3_ORYSJ,GO:0035639,0.74793,purine ribonucleoside triphosphate binding
tr|Q338A3|Q338A3_ORYSJ,GO:0032555,0.74742,purine ribonucleotide binding
tr|Q338A3|Q338A3_ORYSJ,GO:0017076,0.74195,purine nucleotide binding
tr|Q338A3|Q338A3_ORYSJ,GO:0032553,0.73675,ribonucleotide binding
tr|Q338A3|Q338A3_ORYSJ,GO:0097367,0.72943,carbohydrate derivative binding
tr|Q338A3|Q338A3_ORYSJ,GO:0005524,0.70631,ATP binding
tr|Q338A3|Q338A3_ORYSJ,GO:0032559,0.70451,adenyl ribonucleotide binding
tr|Q338A3|Q338A3_ORYSJ,GO:0030554,0.69894,adenyl nucleotide binding
tr|Q338A3|Q338A3_ORYSJ,GO:0004672,0.68805,protein kinase activity
tr|Q338A3|Q338A3_ORYSJ,GO:0140096,0.63721,"catalytic activity, acting on a protein"
tr|Q338A3|Q338A3_ORYSJ,GO:0004674,0.15245,protein serine/threonine kinase activity
tr|Q33BJ5|Q33BJ5_ORYSJ,GO:0003723,0.16108,RNA binding
tr|Q33BJ5|Q33BJ5_ORYSJ,GO:0003677,0.13753,DNA binding
tr|Q33BJ5|Q33BJ5_ORYSJ,GO:0005198,0.11363,structural molecule activity
tr|Q33BJ5|Q33BJ5_ORYSJ,GO:0097367,0.10859,carbohydrate derivative binding
sp|Q39Q56|ATPB_GEOMG,GO:0015078,0.99999,proton transmembrane transporter activity
sp|Q39Q56|ATPB_GEOMG,GO:0046933,0.99999,"proton-transporting ATP synthase activity, rotational mechanism"
sp|Q39Q56|ATPB_GEOMG,GO:0015252,0.99999,proton channel activity
sp|Q39Q56|ATPB_GEOMG,GO:0035639,0.99999,purine ribonucleoside triphosphate binding
sp|Q39Q56|ATPB_GEOMG,GO:0032555,0.99999,purine ribonucleotide binding
sp|Q39Q56|ATPB_GEOMG,GO:0017076,0.99999,purine nucleotide binding
sp|Q39Q56|ATPB_GEOMG,GO:0032553,0.99999,ribonucleotide binding
sp|Q39Q56|ATPB_GEOMG,GO:0097367,0.99998,carbohydrate derivative binding
sp|Q39Q56|ATPB_GEOMG,GO:0022890,0.99997,inorganic cation transmembrane transporter activity
sp|Q39Q56|ATPB_GEOMG,GO:0008324,0.99997,cation transmembrane transporter activity
sp|Q39Q56|ATPB_GEOMG,GO:0015075,0.99996,ion transmembrane transporter activity
sp|Q39Q56|ATPB_GEOMG,GO:0015318,0.99996,inorganic molecular entity transmembrane transporter activity
sp|Q39Q56|ATPB_GEOMG,GO:0022857,0.99996,transmembrane transporter activity
sp|Q39Q56|ATPB_GEOMG,GO:0005261,0.99996,cation channel activity
sp|Q39Q56|ATPB_GEOMG,GO:0005215,0.99995,transporter activity
sp|Q39Q56|ATPB_GEOMG,GO:0032559,0.99994,adenyl ribonucleotide binding
sp|Q39Q56|ATPB_GEOMG,GO:0005524,0.99994,ATP binding
sp|Q39Q56|ATPB_GEOMG,GO:0030554,0.99993,adenyl nucleotide binding
sp|Q39Q56|ATPB_GEOMG,GO:0005216,0.99993,ion channel activity
sp|Q39Q56|ATPB_GEOMG,GO:0022803,0.99991,passive transmembrane transporter activity
sp|Q39Q56|ATPB_GEOMG,GO:0015267,0.99991,channel activity
sp|Q39Q56|ATPB_GEOMG,GO:0016874,0.99956,ligase activity
tr|Q39QF1|Q39QF1_GEOMG,GO:0003677,0.11149,DNA binding
tr|Q39QF1|Q39QF1_GEOMG,GO:0016788,0.10255,"hydrolase activity, acting on ester bonds"
tr|Q39TZ4|Q39TZ4_GEOMG,GO:0003723,0.27750,RNA binding
tr|Q39TZ4|Q39TZ4_GEOMG,GO:0003677,0.15548,DNA binding
tr|Q39TZ4|Q39TZ4_GEOMG,GO:0003735,0.12687,structural constituent of ribosome
tr|Q39TZ4|Q39TZ4_GEOMG,GO:0005198,0.12626,structural molecule activity
tr|Q39U79|Q39U79_GEOMG,GO:0097367,0.12194,carbohydrate derivative binding
tr|Q39U79|Q39U79_GEOMG,GO:0032553,0.11552,ribonucleotide binding
tr|Q39U79|Q39U79_GEOMG,GO:0032555,0.11501,purine ribonucleotide binding
tr|Q39U79|Q39U79_GEOMG,GO:0017076,0.11397,purine nucleotide binding
tr|Q39U79|Q39U79_GEOMG,GO:0035639,0.11114,purine ribonucleoside triphosphate binding
tr|Q39VY9|Q39VY9_GEOMG,GO:0003723,0.26508,RNA binding
tr|Q39VY9|Q39VY9_GEOMG,GO:0097367,0.18803,carbohydrate derivative binding
tr|Q39VY9|Q39VY9_GEOMG,GO:0032553,0.18494,ribonucleotide binding
tr|Q39VY9|Q39VY9_GEOMG,GO:0017076,0.16903,purine nucleotide binding
tr|Q39VY9|Q39VY9_GEOMG,GO:0032555,0.16573,purine ribonucleotide binding
tr|Q39VY9|Q39VY9_GEOMG,GO:0035639,0.16222,purine ribonucleoside triphosphate binding
tr|Q39VY9|Q39VY9_GEOMG,GO:0030554,0.12737,adenyl nucleotide binding
tr|Q39VY9|Q39VY9_GEOMG,GO:0032559,0.12394,adenyl ribonucleotide binding
tr|Q39VY9|Q39VY9_GEOMG,GO:0005524,0.12096,ATP binding
tr|Q39VY9|Q39VY9_GEOMG,GO:0003735,0.10919,structural constituent of ribosome
sp|Q39W76|ILVC_GEOMG,GO:0016616,0.99666,"oxidoreductase activity, acting on the CH-OH group of donors, NAD or NADP as acceptor"
sp|Q39W76|ILVC_GEOMG,GO:0016614,0.99639,"oxidoreductase activity, acting on CH-OH group of donors"
sp|Q39W76|ILVC_GEOMG,GO:0050661,0.97229,NADP binding
sp|Q39W76|ILVC_GEOMG,GO:0000287,0.89582,magnesium ion binding
tr|Q39W77|Q39W77_GEOMG,GO:0003723,0.13650,RNA binding
sp|Q39W87|EFTS_GEOMG,GO:0008135,0.99716,"translation factor activity, RNA binding"
sp|Q39W87|EFTS_GEOMG,GO:0090079,0.99694,"translation regulator activity, nucleic acid binding"
sp|Q39W87|EFTS_GEOMG,GO:0045182,0.99671,translation regulator activity
sp|Q39W87|EFTS_GEOMG,GO:0003746,0.99320,translation elongation factor activity
sp|Q39W87|EFTS_GEOMG,GO:0003723,0.98997,RNA binding
tr|Q39WK8|Q39WK8_GEOMG,GO:0097367,0.37363,carbohydrate derivative binding
tr|Q39WK8|Q39WK8_GEOMG,GO:0032553,0.34732,ribonucleotide binding
tr|Q39WK8|Q39WK8_GEOMG,GO:0032555,0.31263,purine ribonucleotide binding
tr|Q39WK8|Q39WK8_GEOMG,GO:0035639,0.31081,purine ribonucleoside triphosphate binding
tr|Q39WK8|Q39WK8_GEOMG,GO:0017076,0.29770,purine nucleotide binding
tr|Q39WK8|Q39WK8_GEOMG,GO:0032559,0.12988,adenyl ribonucleotide binding
tr|Q39WK8|Q39WK8_GEOMG,GO:0005524,0.12933,ATP binding
tr|Q39WK8|Q39WK8_GEOMG,GO:0030554,0.12226,adenyl nucleotide binding
tr|Q39WT8|Q39WT8_GEOMG,GO:0097367,0.22491,carbohydrate derivative binding
tr|Q39WT8|Q39WT8_GEOMG,GO:0032553,0.19805,ribonucleotide binding
tr|Q39WT8|Q39WT8_GEOMG,GO:0032555,0.19447,purine ribonucleotide binding
tr|Q39WT8|Q39WT8_GEOMG,GO:0032559,0.19254,adenyl ribonucleotide binding
tr|Q39WT8|Q39WT8_GEOMG,GO:0035639,0.19087,purine ribonucleoside triphosphate binding
tr|Q39WT8|Q39WT8_GEOMG,GO:0017076,0.19013,purine nucleotide binding
tr|Q39WT8|Q39WT8_GEOMG,GO:0030554,0.18902,adenyl nucleotide binding
tr|Q39WT8|Q39WT8_GEOMG,GO:0005524,0.18867,ATP binding
tr|Q39WU2|Q39WU2_GEOMG,GO:0097367,0.10582,carbohydrate derivative binding
tr|Q3A063|Q3A063_SYNC1,GO:0140096,0.13303,"catalytic activity, acting on a protein"
tr|Q3A0M4|Q3A0M4_SYNC1,GO:0097367,0.19569,carbohydrate derivative binding
tr|Q3A0M4|Q3A0M4_SYNC1,GO:0032555,0.17353,purine ribonucleotide binding
tr|Q3A0M4|Q3A0M4_SYNC1,GO:0032553,0.16975,ribonucleotide binding
tr|Q3A0M4|Q3A0M4_SYNC1,GO:0035639,0.16975,purine ribonucleoside triphosphate binding
tr|Q3A0M4|Q3A0M4_SYNC1,GO:0017076,0.16592,purine nucleotide binding
tr|Q3A0M4|Q3A0M4_SYNC1,GO:0032559,0.13015,adenyl ribonucleotide binding
tr|Q3A0M4|Q3A0M4_SYNC1,GO:0005524,0.12774,ATP binding
tr|Q3A0M4|Q3A0M4_SYNC1,GO:0030554,0.12489,adenyl nucleotide binding
tr|Q3A0M4|Q3A0M4_SYNC1,GO:0016829,0.10252,lyase activity
tr|Q3A0M5|Q3A0M5_SYNC1,GO:0046914,0.12081,transition metal ion binding
tr|Q3A0M5|Q3A0M5_SYNC1,GO:0016829,0.11655,lyase activity
tr|Q3A1K9|Q3A1K9_SYNC1,GO:0046914,0.13884,transition metal ion binding
tr|Q3A1K9|Q3A1K9_SYNC1,GO:0097367,0.12413,carbohydrate derivative binding
tr|Q3A1K9|Q3A1K9_SYNC1,GO:0032553,0.11773,ribonucleotide binding
tr|Q3A1K9|Q3A1K9_SYNC1,GO:0032555,0.10389,purine ribonucleotide binding
tr|Q3A1K9|Q3A1K9_SYNC1,GO:0035639,0.10304,purine ribonucleoside triphosphate binding
tr|Q3A1K9|Q3A1K9_SYNC1,GO:0016874,0.10022,ligase activity
tr|Q3A1P2|Q3A1P2_SYNC1,GO:0016788,0.11443,"hydrolase activity, acting on ester bonds"
tr|Q3A1P3|Q3A1P3_SYNC1,GO:0016853,0.11094,isomerase activity
tr|Q3A1P3|Q3A1P3_SYNC1,GO:0046914,0.11009,transition metal ion binding
tr|Q3A3H2|Q3A3H2_SYNC1,GO:0051536,0.84796,iron-sulfur cluster binding
tr|Q3A3H2|Q3A3H2_SYNC1,GO:0051540,0.84768,metal cluster binding
tr|Q3A3H2|Q3A3H2_SYNC1,GO:0051539,0.74403,"4 iron, 4 sulfur cluster binding"
tr|Q3A3H2|Q3A3H2_SYNC1,GO:0046914,0.23513,transition metal ion binding
tr|Q3A430|Q3A430_SYNC1,GO:0051536,0.49311,iron-sulfur cluster binding
tr|Q3A430|Q3A430_SYNC1,GO:0051540,0.49301,metal cluster binding
tr|Q3A430|Q3A430_SYNC1,GO:0051539,0.41673,"4 iron, 4 sulfur cluster binding"
tr|Q3A430|Q3A430_SYNC1,GO:0046914,0.37648,transition metal ion binding
tr|Q3A430|Q3A430_SYNC1,GO:0008270,0.15540,zinc ion binding
tr|Q3A430|Q3A430_SYNC1,GO:0097367,0.10592,carbohydrate derivative binding
tr|Q3A458|Q3A458_SYNC1,GO:0051536,0.62642,iron-sulfur cluster binding
tr|Q3A458|Q3A458_SYNC1,GO:0051540,0.62586,metal cluster binding
tr|Q3A458|Q3A458_SYNC1,GO:0051539,0.51520,"4 iron, 4 sulfur cluster binding"
tr|Q3A458|Q3A458_SYNC1,GO:0046914,0.45440,transition metal ion binding
tr|Q3A458|Q3A458_SYNC1,GO:0008270,0.21069,zinc ion binding
tr|Q3A458|Q3A458_SYNC1,GO:0097367,0.11525,carbohydrate derivative binding
tr|Q3A458|Q3A458_SYNC1,GO:0032555,0.11010,purine ribonucleotide binding
tr|Q3A458|Q3A458_SYNC1,GO:0032553,0.10909,ribonucleotide binding
tr|Q3A458|Q3A458_SYNC1,GO:0035639,0.10791,purine ribonucleoside triphosphate binding
tr|Q3A458|Q3A458_SYNC1,GO:0017076,0.10034,purine nucleotide binding
tr|Q3A461|Q3A461_SYNC1,GO:0051540,0.17927,metal cluster binding
tr|Q3A461|Q3A461_SYNC1,GO:0051536,0.17835,iron-sulfur cluster binding
tr|Q3A461|Q3A461_SYNC1,GO:0046914,0.12961,transition metal ion binding
tr|Q3A461|Q3A461_SYNC1,GO:0051539,0.11358,"4 iron, 4 sulfur cluster binding"
tr|Q3A4R6|Q3A4R6_SYNC1,GO:0016798,0.11143,"hydrolase activity, acting on glycosyl bonds"
tr|Q3A5T4|Q3A5T4_SYNC1,GO:0005215,0.11472,transporter activity
tr|Q3A5T4|Q3A5T4_SYNC1,GO:0022857,0.11209,transmembrane transporter activity
tr|Q3A5T4|Q3A5T4_SYNC1,GO:0009055,0.10018,electron transfer activity
tr|Q3A6B7|Q3A6B7_SYNC1,GO:0046914,0.15841,transition metal ion binding
tr|Q3A6B7|Q3A6B7_SYNC1,GO:0140096,0.12386,"catalytic activity, acting on a protein"
tr|Q3A731|Q3A731_SYNC1,GO:0003677,0.11995,DNA binding
tr|Q3A7B5|Q3A7B5_SYNC1,GO:0005215,0.12873,transporter activity
tr|Q3A7B5|Q3A7B5_SYNC1,GO:0022857,0.12349,transmembrane transporter activity
tr|Q3A7D0|Q3A7D0_SYNC1,GO:0097367,0.20365,carbohydrate derivative binding
tr|Q3A7D0|Q3A7D0_SYNC1,GO:0032553,0.16526,ribonucleotide binding
tr|Q3A7D0|Q3A7D0_SYNC1,GO:0032555,0.13648,purine ribonucleotide binding
tr|Q3A7D0|Q3A7D0_SYNC1,GO:0035639,0.13291,purine ribonucleoside triphosphate binding
tr|Q3A7D0|Q3A7D0_SYNC1,GO:0017076,0.12385,purine nucleotide binding
tr|Q3A7D0|Q3A7D0_SYNC1,GO:0032559,0.11647,adenyl ribonucleotide binding
tr|Q3A7D0|Q3A7D0_SYNC1,GO:0005524,0.11479,ATP binding
tr|Q3A7D0|Q3A7D0_SYNC1,GO:0030554,0.10567,adenyl nucleotide binding
tr|Q3A7X6|Q3A7X6_SYNC1,GO:0016829,0.15539,lyase activity
tr|Q3A7X6|Q3A7X6_SYNC1,GO:0046914,0.13721,transition metal ion binding
tr|Q3A7X7|Q3A7X7_SYNC1,GO:0097367,0.16612,carbohydrate derivative binding
tr|Q3A7X7|Q3A7X7_SYNC1,GO:0051536,0.15785,iron-sulfur cluster binding
tr|Q3A7X7|Q3A7X7_SYNC1,GO:0051540,0.15776,metal cluster binding
tr|Q3A7X7|Q3A7X7_SYNC1,GO:0032553,0.14332,ribonucleotide binding
tr|Q3A7X7|Q3A7X7_SYNC1,GO:0051539,0.10701,"4 iron, 4 sulfur cluster binding"
sp|Q3A9J4|GRDB_CARHZ,GO:0046914,0.15218,transition metal ion binding
sp|Q3A9J4|GRDB_CARHZ,GO:0000287,0.11376,magnesium ion binding
sp|Q3A9J4|GRDB_CARHZ,GO:0097367,0.11141,carbohydrate derivative binding
tr|Q3J7Z2|Q3J7Z2_NITOC,GO:0097367,0.12678,carbohydrate derivative binding
tr|Q3JA35|Q3JA35_NITOC,GO:0097367,0.15244,carbohydrate derivative binding
tr|Q3JA35|Q3JA35_NITOC,GO:0032553,0.13497,ribonucleotide binding
tr|Q43131|Q43131_VICFA,GO:0005524,0.99214,ATP binding
tr|Q43131|Q43131_VICFA,GO:0032559,0.99208,adenyl ribonucleotide binding
tr|Q43131|Q43131_VICFA,GO:0035639,0.99179,purine ribonucleoside triphosphate binding
tr|Q43131|Q43131_VICFA,GO:0032555,0.99172,purine ribonucleotide binding
tr|Q43131|Q43131_VICFA,GO:0030554,0.99169,adenyl nucleotide binding
tr|Q43131|Q43131_VICFA,GO:0017076,0.99129,purine nucleotide binding
tr|Q43131|Q43131_VICFA,GO:0032553,0.98965,ribonucleotide binding
tr|Q43131|Q43131_VICFA,GO:0097367,0.98788,carbohydrate derivative binding
tr|Q43131|Q43131_VICFA,GO:0015075,0.88171,ion transmembrane transporter activity
tr|Q43131|Q43131_VICFA,GO:0022857,0.86786,transmembrane transporter activity
tr|Q43131|Q43131_VICFA,GO:0015318,0.84928,inorganic molecular entity transmembrane transporter activity
tr|Q43131|Q43131_VICFA,GO:0005215,0.84793,transporter activity
tr|Q43131|Q43131_VICFA,GO:0022890,0.84522,inorganic cation transmembrane transporter activity
tr|Q43131|Q43131_VICFA,GO:0008324,0.84068,cation transmembrane transporter activity
tr|Q43131|Q43131_VICFA,GO:0042625,0.82773,ATPase-coupled ion transmembrane transporter activity
tr|Q43131|Q43131_VICFA,GO:0042626,0.81638,ATPase-coupled transmembrane transporter activity
tr|Q43131|Q43131_VICFA,GO:0015399,0.80379,primary active transmembrane transporter activity
tr|Q43131|Q43131_VICFA,GO:0022804,0.80151,active transmembrane transporter activity
tr|Q43131|Q43131_VICFA,GO:0022853,0.80122,active ion transmembrane transporter activity
tr|Q43131|Q43131_VICFA,GO:0019829,0.77405,ATPase-coupled cation transmembrane transporter activity
tr|Q43131|Q43131_VICFA,GO:0046873,0.23322,metal ion transmembrane transporter activity
tr|Q43131|Q43131_VICFA,GO:0016874,0.11333,ligase activity
sp|Q46505|HNDA_SOLFR,GO:0051540,0.18924,metal cluster binding
sp|Q46505|HNDA_SOLFR,GO:0051536,0.18834,iron-sulfur cluster binding
sp|Q46505|HNDA_SOLFR,GO:0016829,0.14962,lyase activity
sp|Q46505|HNDA_SOLFR,GO:0046914,0.13272,transition metal ion binding
sp|Q46505|HNDA_SOLFR,GO:0051539,0.12474,"4 iron, 4 sulfur cluster binding"
sp|Q46505|HNDA_SOLFR,GO:0009055,0.10318,electron transfer activity
sp|Q46506|HNDB_SOLFR,GO:0003677,0.29500,DNA binding
sp|Q46506|HNDB_SOLFR,GO:0016829,0.11390,lyase activity
tr|Q467V6|Q467V6_METBF,GO:0140096,0.11297,"catalytic activity, acting on a protein"
tr|Q469S0|Q469S0_METBF,GO:0140096,0.37178,"catalytic activity, acting on a protein"
tr|Q469S0|Q469S0_METBF,GO:0008233,0.20343,peptidase activity
tr|Q469S0|Q469S0_METBF,GO:0008237,0.12667,metallopeptidase activity
tr|Q469S0|Q469S0_METBF,GO:0046914,0.12087,transition metal ion binding
tr|Q46CZ5|Q46CZ5_METBF,GO:0097367,0.11095,carbohydrate derivative binding
tr|Q46ER8|Q46ER8_METBF,GO:0097367,0.27358,carbohydrate derivative binding
tr|Q46ER8|Q46ER8_METBF,GO:0032553,0.25454,ribonucleotide binding
tr|Q46ER8|Q46ER8_METBF,GO:0032555,0.22993,purine ribonucleotide binding
tr|Q46ER8|Q46ER8_METBF,GO:0035639,0.22463,purine ribonucleoside triphosphate binding
tr|Q46ER8|Q46ER8_METBF,GO:0017076,0.22191,purine nucleotide binding
tr|Q46ER8|Q46ER8_METBF,GO:0032559,0.16152,adenyl ribonucleotide binding
tr|Q46ER8|Q46ER8_METBF,GO:0005524,0.15822,ATP binding
tr|Q46ER8|Q46ER8_METBF,GO:0030554,0.15563,adenyl nucleotide binding
tr|Q49C06|Q49C06_9EURY,GO:0046914,0.11575,transition metal ion binding
sp|Q50774|MTRG_METTM,GO:0003677,0.14251,DNA binding
sp|Q58441|MTD_METJA,GO:0050661,0.17540,NADP binding
sp|Q58441|MTD_METJA,GO:0051287,0.14472,NAD binding
tr|Q5J6D1|Q5J6D1_PINTO,GO:0003677,0.26627,DNA binding
tr|Q5J6D1|Q5J6D1_PINTO,GO:0140110,0.11626,transcription regulator activity
tr|Q5J6D1|Q5J6D1_PINTO,GO:0140096,0.11162,"catalytic activity, acting on a protein"
tr|Q5J6D1|Q5J6D1_PINTO,GO:0016788,0.10360,"hydrolase activity, acting on ester bonds"
tr|Q5J6D1|Q5J6D1_PINTO,GO:0043565,0.10113,sequence-specific DNA binding
tr|Q5J6D1|Q5J6D1_PINTO,GO:0003700,0.10106,DNA-binding transcription factor activity
tr|Q5N9Q5|Q5N9Q5_ORYSJ,GO:0005198,0.41761,structural molecule activity
tr|Q5N9Q5|Q5N9Q5_ORYSJ,GO:0003735,0.29791,structural constituent of ribosome
tr|Q5N9Q5|Q5N9Q5_ORYSJ,GO:0003677,0.17205,DNA binding
tr|Q5N9Q5|Q5N9Q5_ORYSJ,GO:0003723,0.17119,RNA binding
tr|Q5UB16|Q5UB16_PHYCI,GO:0003677,0.22551,DNA binding
tr|Q5ZAW5|Q5ZAW5_ORYSJ,GO:0140096,0.17973,"catalytic activity, acting on a protein"
tr|Q5ZAW5|Q5ZAW5_ORYSJ,GO:0008233,0.15058,peptidase activity
tr|Q64C79|Q64C79_9EURY,GO:0016798,0.16582,"hydrolase activity, acting on glycosyl bonds"
tr|Q64C79|Q64C79_9EURY,GO:0004553,0.16152,"hydrolase activity, hydrolyzing O-glycosyl compounds"
tr|Q64C79|Q64C79_9EURY,GO:0097367,0.10691,carbohydrate derivative binding
tr|Q6A2C5|Q6A2C5_9MARC,GO:0022857,0.14898,transmembrane transporter activity
tr|Q6A2C5|Q6A2C5_9MARC,GO:0005215,0.14831,transporter activity
tr|Q6A2C5|Q6A2C5_9MARC,GO:0009055,0.12869,electron transfer activity
tr|Q6JAZ9|Q6JAZ9_ECOLX,GO:0003723,0.11171,RNA binding
tr|Q6L881|Q6L881_9EUGL,GO:0097367,0.56814,carbohydrate derivative binding
tr|Q6L881|Q6L881_9EUGL,GO:0032553,0.54555,ribonucleotide binding
tr|Q6L881|Q6L881_9EUGL,GO:0032555,0.50106,purine ribonucleotide binding
tr|Q6L881|Q6L881_9EUGL,GO:0035639,0.48873,purine ribonucleoside triphosphate binding
tr|Q6L881|Q6L881_9EUGL,GO:0017076,0.47343,purine nucleotide binding
tr|Q6L881|Q6L881_9EUGL,GO:0032559,0.43802,adenyl ribonucleotide binding
tr|Q6L881|Q6L881_9EUGL,GO:0005524,0.42854,ATP binding
tr|Q6L881|Q6L881_9EUGL,GO:0030554,0.41198,adenyl nucleotide binding
tr|Q6SZ09|Q6SZ09_STRPY,GO:0097367,0.10721,carbohydrate derivative binding
tr|Q6SZ09|Q6SZ09_STRPY,GO:0140096,0.10587,"catalytic activity, acting on a protein"
tr|Q6TL21|Q6TL21_ANETH,GO:0097367,0.47862,carbohydrate derivative binding
tr|Q6TL21|Q6TL21_ANETH,GO:0032553,0.44097,ribonucleotide binding
tr|Q6TL21|Q6TL21_ANETH,GO:0032555,0.39913,purine ribonucleotide binding
tr|Q6TL21|Q6TL21_ANETH,GO:0017076,0.39691,purine nucleotide binding
tr|Q6TL21|Q6TL21_ANETH,GO:0035639,0.38667,purine ribonucleoside triphosphate binding
tr|Q6TL21|Q6TL21_ANETH,GO:0032559,0.37859,adenyl ribonucleotide binding
tr|Q6TL21|Q6TL21_ANETH,GO:0030554,0.37685,adenyl nucleotide binding
tr|Q6TL21|Q6TL21_ANETH,GO:0005524,0.36716,ATP binding
tr|Q6ZGD9|Q6ZGD9_ORYSJ,GO:0032555,0.96052,purine ribonucleotide binding
tr|Q6ZGD9|Q6ZGD9_ORYSJ,GO:0017076,0.95988,purine nucleotide binding
tr|Q6ZGD9|Q6ZGD9_ORYSJ,GO:0035639,0.95936,purine ribonucleoside triphosphate binding
tr|Q6ZGD9|Q6ZGD9_ORYSJ,GO:0097367,0.95830,carbohydrate derivative binding
tr|Q6ZGD9|Q6ZGD9_ORYSJ,GO:0032553,0.95699,ribonucleotide binding
tr|Q6ZGD9|Q6ZGD9_ORYSJ,GO:0032559,0.64630,adenyl ribonucleotide binding
tr|Q6ZGD9|Q6ZGD9_ORYSJ,GO:0005524,0.64321,ATP binding
tr|Q6ZGD9|Q6ZGD9_ORYSJ,GO:0030554,0.63902,adenyl nucleotide binding
tr|Q6ZGD9|Q6ZGD9_ORYSJ,GO:0017111,0.53734,nucleoside-triphosphatase activity
tr|Q6ZGD9|Q6ZGD9_ORYSJ,GO:0016817,0.50569,"hydrolase activity, acting on acid anhydrides"
tr|Q6ZGD9|Q6ZGD9_ORYSJ,GO:0016818,0.50516,"hydrolase activity, acting on acid anhydrides, in phosphorus-containing anhydrides"
tr|Q6ZGD9|Q6ZGD9_ORYSJ,GO:0016462,0.46327,pyrophosphatase activity
tr|Q6ZGD9|Q6ZGD9_ORYSJ,GO:0016887,0.28451,ATPase activity
tr|Q6ZGD9|Q6ZGD9_ORYSJ,GO:0003677,0.21111,DNA binding
tr|Q6ZGD9|Q6ZGD9_ORYSJ,GO:0140097,0.11195,"catalytic activity, acting on DNA"
tr|Q6ZGD9|Q6ZGD9_ORYSJ,GO:0019001,0.10893,guanyl nucleotide binding
tr|Q6ZGD9|Q6ZGD9_ORYSJ,GO:0032561,0.10870,guanyl ribonucleotide binding
tr|Q6ZGD9|Q6ZGD9_ORYSJ,GO:0001882,0.10638,nucleoside binding
tr|Q6ZGD9|Q6ZGD9_ORYSJ,GO:0032549,0.10477,ribonucleoside binding
tr|Q6ZGD9|Q6ZGD9_ORYSJ,GO:0005525,0.10243,GTP binding
tr|Q6ZGD9|Q6ZGD9_ORYSJ,GO:0032550,0.10236,purine ribonucleoside binding
tr|Q6ZGD9|Q6ZGD9_ORYSJ,GO:0001883,0.10232,purine nucleoside binding
tr|Q6ZLH9|Q6ZLH9_ORYSJ,GO:0005198,0.63433,structural molecule activity
tr|Q6ZLH9|Q6ZLH9_ORYSJ,GO:0003735,0.59364,structural constituent of ribosome
tr|Q6ZLH9|Q6ZLH9_ORYSJ,GO:0003723,0.10830,RNA binding
tr|Q711B3|Q711B3_STRPY,GO:0140096,0.13671,"catalytic activity, acting on a protein"
tr|Q71EW6|Q71EW6_SYNAC,GO:0005215,0.12144,transporter activity
tr|Q71EW6|Q71EW6_SYNAC,GO:0022857,0.11966,transmembrane transporter activity
sp|Q747C7|CH60_GEOSL,GO:0017076,0.99990,purine nucleotide binding
sp|Q747C7|CH60_GEOSL,GO:0032553,0.99990,ribonucleotide binding
sp|Q747C7|CH60_GEOSL,GO:0035639,0.99988,purine ribonucleoside triphosphate binding
sp|Q747C7|CH60_GEOSL,GO:0032555,0.99988,purine ribonucleotide binding
sp|Q747C7|CH60_GEOSL,GO:0030554,0.99987,adenyl nucleotide binding
sp|Q747C7|CH60_GEOSL,GO:0097367,0.99987,carbohydrate derivative binding
sp|Q747C7|CH60_GEOSL,GO:0032559,0.99983,adenyl ribonucleotide binding
sp|Q747C7|CH60_GEOSL,GO:0005524,0.99983,ATP binding
sp|Q747C7|CH60_GEOSL,GO:0051082,0.95404,unfolded protein binding
sp|Q748X8|EFTU_GEOSL,GO:0032550,1.00000,purine ribonucleoside binding
sp|Q748X8|EFTU_GEOSL,GO:0032549,1.00000,ribonucleoside binding
sp|Q748X8|EFTU_GEOSL,GO:0019001,1.00000,guanyl nucleotide binding
sp|Q748X8|EFTU_GEOSL,GO:0032561,1.00000,guanyl ribonucleotide binding
sp|Q748X8|EFTU_GEOSL,GO:0005525,1.00000,GTP binding
sp|Q748X8|EFTU_GEOSL,GO:0001883,1.00000,purine nucleoside binding
sp|Q748X8|EFTU_GEOSL,GO:0001882,1.00000,nucleoside binding
sp|Q748X8|EFTU_GEOSL,GO:0003924,1.00000,GTPase activity
sp|Q748X8|EFTU_GEOSL,GO:0016818,1.00000,"hydrolase activity, acting on acid anhydrides, in phosphorus-containing anhydrides"
sp|Q748X8|EFTU_GEOSL,GO:0016817,1.00000,"hydrolase activity, acting on acid anhydrides"
sp|Q748X8|EFTU_GEOSL,GO:0032553,1.00000,ribonucleotide binding
sp|Q748X8|EFTU_GEOSL,GO:0016462,0.99999,pyrophosphatase activity
sp|Q748X8|EFTU_GEOSL,GO:0097367,0.99999,carbohydrate derivative binding
sp|Q748X8|EFTU_GEOSL,GO:0017076,0.99999,purine nucleotide binding
sp|Q748X8|EFTU_GEOSL,GO:0035639,0.99999,purine ribonucleoside triphosphate binding
sp|Q748X8|EFTU_GEOSL,GO:0032555,0.99999,purine ribonucleotide binding
sp|Q748X8|EFTU_GEOSL,GO:0017111,0.99998,nucleoside-triphosphatase activity
sp|Q748X8|EFTU_GEOSL,GO:0008135,0.99998,"translation factor activity, RNA binding"
sp|Q748X8|EFTU_GEOSL,GO:0090079,0.99998,"translation regulator activity, nucleic acid binding"
sp|Q748X8|EFTU_GEOSL,GO:0045182,0.99998,translation regulator activity
sp|Q748X8|EFTU_GEOSL,GO:0003746,0.99915,translation elongation factor activity
sp|Q748X8|EFTU_GEOSL,GO:0003723,0.99885,RNA binding
sp|Q74AR6|ENO_GEOSL,GO:0016829,1.00000,lyase activity
sp|Q74AR6|ENO_GEOSL,GO:0016835,0.99999,carbon-oxygen lyase activity
sp|Q74AR6|ENO_GEOSL,GO:0016836,0.99995,hydro-lyase activity
sp|Q74AR6|ENO_GEOSL,GO:0004634,0.99855,phosphopyruvate hydratase activity
sp|Q74AR6|ENO_GEOSL,GO:0000287,0.98970,magnesium ion binding
tr|Q74BK3|Q74BK3_GEOSL,GO:0097367,0.27554,carbohydrate derivative binding
tr|Q74BK3|Q74BK3_GEOSL,GO:0032553,0.20808,ribonucleotide binding
tr|Q74BK3|Q74BK3_GEOSL,GO:0035639,0.20341,purine ribonucleoside triphosphate binding
tr|Q74BK3|Q74BK3_GEOSL,GO:0032555,0.20326,purine ribonucleotide binding
tr|Q74BK3|Q74BK3_GEOSL,GO:0017076,0.19389,purine nucleotide binding
tr|Q74BK3|Q74BK3_GEOSL,GO:0005524,0.10430,ATP binding
tr|Q74BK3|Q74BK3_GEOSL,GO:0032559,0.10380,adenyl ribonucleotide binding
sp|Q74BW9|ILVC_GEOSL,GO:0016616,0.99607,"oxidoreductase activity, acting on the CH-OH group of donors, NAD or NADP as acceptor"
sp|Q74BW9|ILVC_GEOSL,GO:0016614,0.99579,"oxidoreductase activity, acting on CH-OH group of donors"
sp|Q74BW9|ILVC_GEOSL,GO:0050661,0.97776,NADP binding
sp|Q74BW9|ILVC_GEOSL,GO:0000287,0.93469,magnesium ion binding
tr|Q74EZ9|Q74EZ9_GEOSL,GO:0097367,0.24270,carbohydrate derivative binding
tr|Q74EZ9|Q74EZ9_GEOSL,GO:0032553,0.20732,ribonucleotide binding
tr|Q74EZ9|Q74EZ9_GEOSL,GO:0017076,0.19598,purine nucleotide binding
tr|Q74EZ9|Q74EZ9_GEOSL,GO:0032555,0.19320,purine ribonucleotide binding
tr|Q74EZ9|Q74EZ9_GEOSL,GO:0035639,0.18694,purine ribonucleoside triphosphate binding
tr|Q74EZ9|Q74EZ9_GEOSL,GO:0030554,0.12944,adenyl nucleotide binding
tr|Q74EZ9|Q74EZ9_GEOSL,GO:0032559,0.12708,adenyl ribonucleotide binding
tr|Q74EZ9|Q74EZ9_GEOSL,GO:0005524,0.12480,ATP binding
tr|Q74EZ9|Q74EZ9_GEOSL,GO:0016874,0.10034,ligase activity
sp|Q74GY2|ATPA_GEOSL,GO:0046933,1.00000,"proton-transporting ATP synthase activity, rotational mechanism"
sp|Q74GY2|ATPA_GEOSL,GO:0015252,1.00000,proton channel activity
sp|Q74GY2|ATPA_GEOSL,GO:0015078,0.99999,proton transmembrane transporter activity
sp|Q74GY2|ATPA_GEOSL,GO:0022890,0.99998,inorganic cation transmembrane transporter activity
sp|Q74GY2|ATPA_GEOSL,GO:0005261,0.99998,cation channel activity
sp|Q74GY2|ATPA_GEOSL,GO:0008324,0.99998,cation transmembrane transporter activity
sp|Q74GY2|ATPA_GEOSL,GO:0005216,0.99997,ion channel activity
sp|Q74GY2|ATPA_GEOSL,GO:0015318,0.99997,inorganic molecular entity transmembrane transporter activity
sp|Q74GY2|ATPA_GEOSL,GO:0022803,0.99996,passive transmembrane transporter activity
sp|Q74GY2|ATPA_GEOSL,GO:0015267,0.99996,channel activity
sp|Q74GY2|ATPA_GEOSL,GO:0015075,0.99996,ion transmembrane transporter activity
sp|Q74GY2|ATPA_GEOSL,GO:0022857,0.99995,transmembrane transporter activity
sp|Q74GY2|ATPA_GEOSL,GO:0005215,0.99993,transporter activity
sp|Q74GY2|ATPA_GEOSL,GO:0035639,0.99992,purine ribonucleoside triphosphate binding
sp|Q74GY2|ATPA_GEOSL,GO:0032555,0.99992,purine ribonucleotide binding
sp|Q74GY2|ATPA_GEOSL,GO:0017076,0.99991,purine nucleotide binding
sp|Q74GY2|ATPA_GEOSL,GO:0032553,0.99991,ribonucleotide binding
sp|Q74GY2|ATPA_GEOSL,GO:0016874,0.99989,ligase activity
sp|Q74GY2|ATPA_GEOSL,GO:0005524,0.99989,ATP binding
sp|Q74GY2|ATPA_GEOSL,GO:0032559,0.99989,adenyl ribonucleotide binding
sp|Q74GY2|ATPA_GEOSL,GO:0030554,0.99988,adenyl nucleotide binding
sp|Q74GY2|ATPA_GEOSL,GO:0097367,0.99988,carbohydrate derivative binding
sp|Q74H59|DNAK_GEOSL,GO:0017076,0.99987,purine nucleotide binding
sp|Q74H59|DNAK_GEOSL,GO:0030554,0.99984,adenyl nucleotide binding
sp|Q74H59|DNAK_GEOSL,GO:0035639,0.99983,purine ribonucleoside triphosphate binding
sp|Q74H59|DNAK_GEOSL,GO:0032555,0.99982,purine ribonucleotide binding
sp|Q74H59|DNAK_GEOSL,GO:0032553,0.99981,ribonucleotide binding
sp|Q74H59|DNAK_GEOSL,GO:0005524,0.99978,ATP binding
sp|Q74H59|DNAK_GEOSL,GO:0032559,0.99977,adenyl ribonucleotide binding
sp|Q74H59|DNAK_GEOSL,GO:0097367,0.99974,carbohydrate derivative binding
sp|Q74H59|DNAK_GEOSL,GO:0051082,0.98178,unfolded protein binding
tr|Q75LG0|Q75LG0_ORYSJ,GO:0140096,0.17940,"catalytic activity, acting on a protein"
tr|Q75LG0|Q75LG0_ORYSJ,GO:0046914,0.15449,transition metal ion binding
tr|Q7BMI5|Q7BMI5_STRPY,GO:0003677,0.38017,DNA binding
tr|Q7BMI5|Q7BMI5_STRPY,GO:0003723,0.20116,RNA binding
tr|Q7BMI5|Q7BMI5_STRPY,GO:0097367,0.10729,carbohydrate derivative binding
tr|Q7NCI3|Q7NCI3_GLOVI,GO:0097367,0.12548,carbohydrate derivative binding
tr|Q7NDN5|Q7NDN5_GLOVI,GO:0097367,0.14149,carbohydrate derivative binding
tr|Q7X0X9|Q7X0X9_STRPY,GO:0097367,0.16722,carbohydrate derivative binding
tr|Q7X0X9|Q7X0X9_STRPY,GO:0032553,0.15642,ribonucleotide binding
tr|Q7X0X9|Q7X0X9_STRPY,GO:0032555,0.12354,purine ribonucleotide binding
tr|Q7X0X9|Q7X0X9_STRPY,GO:0035639,0.11784,purine ribonucleoside triphosphate binding
tr|Q7X0X9|Q7X0X9_STRPY,GO:0017076,0.11743,purine nucleotide binding
tr|Q7X0X9|Q7X0X9_STRPY,GO:0140096,0.10814,"catalytic activity, acting on a protein"
tr|Q8EN17|Q8EN17_OCEIH,GO:0016616,0.59465,"oxidoreductase activity, acting on the CH-OH group of donors, NAD or NADP as acceptor"
tr|Q8EN17|Q8EN17_OCEIH,GO:0016614,0.56936,"oxidoreductase activity, acting on CH-OH group of donors"
tr|Q8EN17|Q8EN17_OCEIH,GO:0051287,0.26908,NAD binding
tr|Q8EN17|Q8EN17_OCEIH,GO:0050661,0.25084,NADP binding
tr|Q8EN17|Q8EN17_OCEIH,GO:0016628,0.12498,"oxidoreductase activity, acting on the CH-CH group of donors, NAD or NADP as acceptor"
tr|Q8EN17|Q8EN17_OCEIH,GO:0016627,0.11770,"oxidoreductase activity, acting on the CH-CH group of donors"
tr|Q8KRL0|Q8KRL0_ECOLX,GO:0097367,0.19734,carbohydrate derivative binding
tr|Q8KRL0|Q8KRL0_ECOLX,GO:0016798,0.14361,"hydrolase activity, acting on glycosyl bonds"
tr|Q8KRL0|Q8KRL0_ECOLX,GO:0032553,0.13808,ribonucleotide binding
tr|Q8KRL0|Q8KRL0_ECOLX,GO:0032555,0.12331,purine ribonucleotide binding
tr|Q8KRL0|Q8KRL0_ECOLX,GO:0035639,0.12194,purine ribonucleoside triphosphate binding
tr|Q8KRL0|Q8KRL0_ECOLX,GO:0017076,0.11804,purine nucleotide binding
tr|Q8PVI1|Q8PVI1_METMA,GO:0097367,0.13873,carbohydrate derivative binding
tr|Q8PVI1|Q8PVI1_METMA,GO:0140096,0.13145,"catalytic activity, acting on a protein"
tr|Q8PVI1|Q8PVI1_METMA,GO:0032553,0.12072,ribonucleotide binding
tr|Q8PVI1|Q8PVI1_METMA,GO:0032555,0.11017,purine ribonucleotide binding
tr|Q8PVI1|Q8PVI1_METMA,GO:0017076,0.10982,purine nucleotide binding
tr|Q8PVI1|Q8PVI1_METMA,GO:0035639,0.10687,purine ribonucleoside triphosphate binding
tr|Q8PVI1|Q8PVI1_METMA,GO:0046914,0.10680,transition metal ion binding
tr|Q8RJ10|Q8RJ10_STRPY,GO:0097367,0.12667,carbohydrate derivative binding
tr|Q8TJS7|Q8TJS7_METAC,GO:0008233,0.17020,peptidase activity
tr|Q8TJS7|Q8TJS7_METAC,GO:0140096,0.16966,"catalytic activity, acting on a protein"
tr|Q8TJS7|Q8TJS7_METAC,GO:0004553,0.15292,"hydrolase activity, hydrolyzing O-glycosyl compounds"
tr|Q8TJS7|Q8TJS7_METAC,GO:0016798,0.11227,"hydrolase activity, acting on glycosyl bonds"
tr|Q8TNP2|Q8TNP2_METAC,GO:0097367,0.21049,carbohydrate derivative binding
tr|Q8TNP2|Q8TNP2_METAC,GO:0032553,0.16100,ribonucleotide binding
tr|Q8TNP2|Q8TNP2_METAC,GO:0032559,0.14418,adenyl ribonucleotide binding
tr|Q8TNP2|Q8TNP2_METAC,GO:0005524,0.14169,ATP binding
tr|Q8TNP2|Q8TNP2_METAC,GO:0032555,0.13546,purine ribonucleotide binding
tr|Q8TNP2|Q8TNP2_METAC,GO:0030554,0.13269,adenyl nucleotide binding
tr|Q8TNP2|Q8TNP2_METAC,GO:0035639,0.13099,purine ribonucleoside triphosphate binding
tr|Q8TNP2|Q8TNP2_METAC,GO:0017076,0.12403,purine nucleotide binding
tr|Q8TPY7|Q8TPY7_METAC,GO:0004553,0.12855,"hydrolase activity, hydrolyzing O-glycosyl compounds"
tr|Q8TPY7|Q8TPY7_METAC,GO:0008233,0.12202,peptidase activity
tr|Q8TPY7|Q8TPY7_METAC,GO:0016798,0.11922,"hydrolase activity, acting on glycosyl bonds"
tr|Q8TPY7|Q8TPY7_METAC,GO:0140096,0.10693,"catalytic activity, acting on a protein"
tr|Q8VRR0|Q8VRR0_SYNFM,GO:0051540,0.59587,metal cluster binding
tr|Q8VRR0|Q8VRR0_SYNFM,GO:0051536,0.59565,iron-sulfur cluster binding
tr|Q8VRR0|Q8VRR0_SYNFM,GO:0051539,0.52624,"4 iron, 4 sulfur cluster binding"
tr|Q8VRR0|Q8VRR0_SYNFM,GO:0046914,0.38291,transition metal ion binding
tr|Q8VRR0|Q8VRR0_SYNFM,GO:0016651,0.17919,"oxidoreductase activity, acting on NAD(P)H"
tr|Q8VRR0|Q8VRR0_SYNFM,GO:0008270,0.14858,zinc ion binding
tr|Q8VRR0|Q8VRR0_SYNFM,GO:0005506,0.10382,iron ion binding
tr|Q8VRT1|Q8VRT1_9BACT,GO:0016829,0.11857,lyase activity
tr|Q8W2Z0|Q8W2Z0_ORYSJ,GO:0016773,0.99417,"phosphotransferase activity, alcohol group as acceptor"
tr|Q8W2Z0|Q8W2Z0_ORYSJ,GO:0016301,0.99355,kinase activity
tr|Q8W2Z0|Q8W2Z0_ORYSJ,GO:0016772,0.99297,"transferase activity, transferring phosphorus-containing groups"
tr|Q8W2Z0|Q8W2Z0_ORYSJ,GO:0004672,0.98999,protein kinase activity
tr|Q8W2Z0|Q8W2Z0_ORYSJ,GO:0017076,0.98215,purine nucleotide binding
tr|Q8W2Z0|Q8W2Z0_ORYSJ,GO:0035639,0.97983,purine ribonucleoside triphosphate binding
tr|Q8W2Z0|Q8W2Z0_ORYSJ,GO:0032555,0.97957,purine ribonucleotide binding
tr|Q8W2Z0|Q8W2Z0_ORYSJ,GO:0032553,0.97598,ribonucleotide binding
tr|Q8W2Z0|Q8W2Z0_ORYSJ,GO:0097367,0.97157,carbohydrate derivative binding
tr|Q8W2Z0|Q8W2Z0_ORYSJ,GO:0030554,0.96176,adenyl nucleotide binding
tr|Q8W2Z0|Q8W2Z0_ORYSJ,GO:0005524,0.95726,ATP binding
tr|Q8W2Z0|Q8W2Z0_ORYSJ,GO:0032559,0.95648,adenyl ribonucleotide binding
tr|Q8W2Z0|Q8W2Z0_ORYSJ,GO:0140096,0.94109,"catalytic activity, acting on a protein"
tr|Q8W2Z0|Q8W2Z0_ORYSJ,GO:0004674,0.59104,protein serine/threonine kinase activity
tr|Q8YZI6|Q8YZI6_NOSS1,GO:0140096,0.24841,"catalytic activity, acting on a protein"
tr|Q8YZI6|Q8YZI6_NOSS1,GO:0008233,0.19882,peptidase activity
tr|Q8YZI6|Q8YZI6_NOSS1,GO:0046914,0.11744,transition metal ion binding
tr|Q93EU4|Q93EU4_9BACT,GO:0140096,0.16752,"catalytic activity, acting on a protein"
tr|Q93EU4|Q93EU4_9BACT,GO:0051540,0.14622,metal cluster binding
tr|Q93EU4|Q93EU4_9BACT,GO:0051536,0.14576,iron-sulfur cluster binding
tr|Q93EU4|Q93EU4_9BACT,GO:0046914,0.13760,transition metal ion binding
tr|Q93EU5|Q93EU5_9BACT,GO:0051536,0.34467,iron-sulfur cluster binding
tr|Q93EU5|Q93EU5_9BACT,GO:0051540,0.34451,metal cluster binding
tr|Q93EU5|Q93EU5_9BACT,GO:0051539,0.26940,"4 iron, 4 sulfur cluster binding"
tr|Q93EU5|Q93EU5_9BACT,GO:0046914,0.24364,transition metal ion binding
tr|Q93EU5|Q93EU5_9BACT,GO:0097367,0.15013,carbohydrate derivative binding
tr|Q93EU5|Q93EU5_9BACT,GO:0032553,0.13471,ribonucleotide binding
tr|Q93EU5|Q93EU5_9BACT,GO:0017076,0.10476,purine nucleotide binding
tr|Q93EU5|Q93EU5_9BACT,GO:0035639,0.10202,purine ribonucleoside triphosphate binding
tr|Q93EU5|Q93EU5_9BACT,GO:0032555,0.10074,purine ribonucleotide binding
tr|Q9AE02|Q9AE02_AMYMD,GO:0050660,0.47720,flavin adenine dinucleotide binding
tr|Q9AE02|Q9AE02_AMYMD,GO:0051287,0.32851,NAD binding
tr|Q9AE02|Q9AE02_AMYMD,GO:0050661,0.21281,NADP binding
tr|Q9AE02|Q9AE02_AMYMD,GO:0016614,0.20574,"oxidoreductase activity, acting on CH-OH group of donors"
tr|Q9AE02|Q9AE02_AMYMD,GO:0016616,0.14646,"oxidoreductase activity, acting on the CH-OH group of donors, NAD or NADP as acceptor"
tr|Q9AEM3|Q9AEM3_CLODI,GO:0097367,0.23294,carbohydrate derivative binding
tr|Q9AEM3|Q9AEM3_CLODI,GO:0017076,0.20226,purine nucleotide binding
tr|Q9AEM3|Q9AEM3_CLODI,GO:0032555,0.20090,purine ribonucleotide binding
tr|Q9AEM3|Q9AEM3_CLODI,GO:0035639,0.19987,purine ribonucleoside triphosphate binding
tr|Q9AEM3|Q9AEM3_CLODI,GO:0032553,0.19866,ribonucleotide binding
tr|Q9AEM3|Q9AEM3_CLODI,GO:0030554,0.14849,adenyl nucleotide binding
tr|Q9AEM3|Q9AEM3_CLODI,GO:0032559,0.14735,adenyl ribonucleotide binding
tr|Q9AEM3|Q9AEM3_CLODI,GO:0005524,0.14570,ATP binding
tr|Q9AVP6|Q9AVP6_VICFA,GO:0032555,0.97208,purine ribonucleotide binding
tr|Q9AVP6|Q9AVP6_VICFA,GO:0035639,0.97202,purine ribonucleoside triphosphate binding
tr|Q9AVP6|Q9AVP6_VICFA,GO:0005524,0.97101,ATP binding
tr|Q9AVP6|Q9AVP6_VICFA,GO:0032553,0.97087,ribonucleotide binding
tr|Q9AVP6|Q9AVP6_VICFA,GO:0032559,0.97077,adenyl ribonucleotide binding
tr|Q9AVP6|Q9AVP6_VICFA,GO:0017076,0.97026,purine nucleotide binding
tr|Q9AVP6|Q9AVP6_VICFA,GO:0030554,0.96903,adenyl nucleotide binding
tr|Q9AVP6|Q9AVP6_VICFA,GO:0097367,0.96670,carbohydrate derivative binding
tr|Q9AVP6|Q9AVP6_VICFA,GO:0022890,0.77921,inorganic cation transmembrane transporter activity
tr|Q9AVP6|Q9AVP6_VICFA,GO:0015075,0.77163,ion transmembrane transporter activity
tr|Q9AVP6|Q9AVP6_VICFA,GO:0008324,0.76041,cation transmembrane transporter activity
tr|Q9AVP6|Q9AVP6_VICFA,GO:0022857,0.75303,transmembrane transporter activity
tr|Q9AVP6|Q9AVP6_VICFA,GO:0042626,0.73521,ATPase-coupled transmembrane transporter activity
tr|Q9AVP6|Q9AVP6_VICFA,GO:0005215,0.72593,transporter activity
tr|Q9AVP6|Q9AVP6_VICFA,GO:0015399,0.72346,primary active transmembrane transporter activity
tr|Q9AVP6|Q9AVP6_VICFA,GO:0015318,0.71760,inorganic molecular entity transmembrane transporter activity
tr|Q9AVP6|Q9AVP6_VICFA,GO:0022804,0.70637,active transmembrane transporter activity
tr|Q9AVP6|Q9AVP6_VICFA,GO:0042625,0.70275,ATPase-coupled ion transmembrane transporter activity
tr|Q9AVP6|Q9AVP6_VICFA,GO:0019829,0.69630,ATPase-coupled cation transmembrane transporter activity
tr|Q9AVP6|Q9AVP6_VICFA,GO:0022853,0.66948,active ion transmembrane transporter activity
tr|Q9AVP6|Q9AVP6_VICFA,GO:0046873,0.21367,metal ion transmembrane transporter activity
sp|Q9EV94|GRDE_ACESD,GO:0097367,0.56991,carbohydrate derivative binding
sp|Q9EV94|GRDE_ACESD,GO:0017076,0.53797,purine nucleotide binding
sp|Q9EV94|GRDE_ACESD,GO:0032555,0.53720,purine ribonucleotide binding
sp|Q9EV94|GRDE_ACESD,GO:0032553,0.52902,ribonucleotide binding
sp|Q9EV94|GRDE_ACESD,GO:0035639,0.52700,purine ribonucleoside triphosphate binding
sp|Q9EV94|GRDE_ACESD,GO:0030554,0.41082,adenyl nucleotide binding
sp|Q9EV94|GRDE_ACESD,GO:0032559,0.40943,adenyl ribonucleotide binding
sp|Q9EV94|GRDE_ACESD,GO:0005524,0.39915,ATP binding
tr|Q9R9Z6|Q9R9Z6_PSEPU,GO:0046914,0.16738,transition metal ion binding
tr|Q9RLP3|Q9RLP3_MYCTX,GO:0022857,0.11225,transmembrane transporter activity
tr|Q9RLP3|Q9RLP3_MYCTX,GO:0005215,0.10371,transporter activity
tr|Q9WXS6|Q9WXS6_THEMA,GO:0016798,0.11355,"hydrolase activity, acting on glycosyl bonds"
tr|Q9WXS6|Q9WXS6_THEMA,GO:0004553,0.10452,"hydrolase activity, hydrolyzing O-glycosyl compounds"
tr|Q9XDA2|Q9XDA2_THECU,GO:0097367,0.18237,carbohydrate derivative binding
tr|Q9XDA2|Q9XDA2_THECU,GO:0030554,0.17190,adenyl nucleotide binding
tr|Q9XDA2|Q9XDA2_THECU,GO:0032553,0.16825,ribonucleotide binding
tr|Q9XDA2|Q9XDA2_THECU,GO:0017076,0.16406,purine nucleotide binding
tr|Q9XDA2|Q9XDA2_THECU,GO:0032559,0.15984,adenyl ribonucleotide binding
tr|Q9XDA2|Q9XDA2_THECU,GO:0005524,0.15797,ATP binding
tr|Q9XDA2|Q9XDA2_THECU,GO:0032555,0.15262,purine ribonucleotide binding
tr|Q9XDA2|Q9XDA2_THECU,GO:0035639,0.14869,purine ribonucleoside triphosphate binding
tr|Q9Z428|Q9Z428_PSEPU,GO:0016788,0.12232,"hydrolase activity, acting on ester bonds"
tr|Q9Z428|Q9Z428_PSEPU,GO:0140096,0.11290,"catalytic activity, acting on a protein"
tr|Q9Z428|Q9Z428_PSEPU,GO:0046914,0.11080,transition metal ion binding
tr|R1ASI4|R1ASI4_9FIRM,GO:0097367,0.32851,carbohydrate derivative binding
tr|R1ASI4|R1ASI4_9FIRM,GO:0032553,0.30902,ribonucleotide binding
tr|R1ASI4|R1ASI4_9FIRM,GO:0032555,0.29517,purine ribonucleotide binding
tr|R1ASI4|R1ASI4_9FIRM,GO:0017076,0.29485,purine nucleotide binding
tr|R1ASI4|R1ASI4_9FIRM,GO:0035639,0.29309,purine ribonucleoside triphosphate binding
tr|R1ASI4|R1ASI4_9FIRM,GO:0032559,0.17779,adenyl ribonucleotide binding
tr|R1ASI4|R1ASI4_9FIRM,GO:0030554,0.17775,adenyl nucleotide binding
tr|R1ASI4|R1ASI4_9FIRM,GO:0005524,0.17574,ATP binding
tr|R1ASI4|R1ASI4_9FIRM,GO:0003723,0.12315,RNA binding
tr|R1ASS6|R1ASS6_9FIRM,GO:0003735,0.14538,structural constituent of ribosome
tr|R1ASS6|R1ASS6_9FIRM,GO:0005198,0.12413,structural molecule activity
tr|R1CBC8|R1CBC8_9FIRM,GO:0046914,0.20454,transition metal ion binding
tr|R1CBC8|R1CBC8_9FIRM,GO:0051540,0.16868,metal cluster binding
tr|R1CBC8|R1CBC8_9FIRM,GO:0051536,0.16830,iron-sulfur cluster binding
tr|R1CBC8|R1CBC8_9FIRM,GO:0051539,0.16529,"4 iron, 4 sulfur cluster binding"
tr|R1CBC8|R1CBC8_9FIRM,GO:0008270,0.14388,zinc ion binding
tr|R1CBC8|R1CBC8_9FIRM,GO:0016829,0.13281,lyase activity
tr|R1CBC8|R1CBC8_9FIRM,GO:0000287,0.12138,magnesium ion binding
tr|R1CBC8|R1CBC8_9FIRM,GO:0097367,0.11510,carbohydrate derivative binding
tr|R1CI03|R1CI03_9FIRM,GO:0003723,0.19211,RNA binding
tr|R1CI03|R1CI03_9FIRM,GO:0016829,0.11938,lyase activity
tr|R1CI03|R1CI03_9FIRM,GO:0003735,0.11637,structural constituent of ribosome
tr|R1CSD5|R1CSD5_9FIRM,GO:0097367,0.23540,carbohydrate derivative binding
tr|R1CSD5|R1CSD5_9FIRM,GO:0032553,0.21358,ribonucleotide binding
tr|R1CSD5|R1CSD5_9FIRM,GO:0032555,0.19666,purine ribonucleotide binding
tr|R1CSD5|R1CSD5_9FIRM,GO:0035639,0.19045,purine ribonucleoside triphosphate binding
tr|R1CSD5|R1CSD5_9FIRM,GO:0017076,0.18948,purine nucleotide binding
tr|R1CSD5|R1CSD5_9FIRM,GO:0032559,0.15458,adenyl ribonucleotide binding
tr|R1CSD5|R1CSD5_9FIRM,GO:0005524,0.15009,ATP binding
tr|R1CSD5|R1CSD5_9FIRM,GO:0030554,0.14905,adenyl nucleotide binding
tr|R1CU03|R1CU03_9FIRM,GO:0017076,0.99931,purine nucleotide binding
tr|R1CU03|R1CU03_9FIRM,GO:0030554,0.99928,adenyl nucleotide binding
tr|R1CU03|R1CU03_9FIRM,GO:0035639,0.99909,purine ribonucleoside triphosphate binding
tr|R1CU03|R1CU03_9FIRM,GO:0032555,0.99908,purine ribonucleotide binding
tr|R1CU03|R1CU03_9FIRM,GO:0032559,0.99903,adenyl ribonucleotide binding
tr|R1CU03|R1CU03_9FIRM,GO:0005524,0.99902,ATP binding
tr|R1CU03|R1CU03_9FIRM,GO:0032553,0.99902,ribonucleotide binding
tr|R1CU03|R1CU03_9FIRM,GO:0097367,0.99881,carbohydrate derivative binding
tr|R1CU03|R1CU03_9FIRM,GO:0051082,0.95227,unfolded protein binding
tr|R1CUK3|R1CUK3_9FIRM,GO:0003735,0.29926,structural constituent of ribosome
tr|R1CUK3|R1CUK3_9FIRM,GO:0005198,0.28045,structural molecule activity
tr|R1CUK3|R1CUK3_9FIRM,GO:0003723,0.25476,RNA binding
tr|R1CUK3|R1CUK3_9FIRM,GO:0003677,0.17757,DNA binding
tr|R1CUK3|R1CUK3_9FIRM,GO:0019843,0.10898,rRNA binding
tr|R2QTP1|R2QTP1_9ENTE,GO:0017076,0.98451,purine nucleotide binding
tr|R2QTP1|R2QTP1_9ENTE,GO:0032555,0.98392,purine ribonucleotide binding
tr|R2QTP1|R2QTP1_9ENTE,GO:0035639,0.98372,purine ribonucleoside triphosphate binding
tr|R2QTP1|R2QTP1_9ENTE,GO:0032553,0.97965,ribonucleotide binding
tr|R2QTP1|R2QTP1_9ENTE,GO:0097367,0.97865,carbohydrate derivative binding
tr|R2QTP1|R2QTP1_9ENTE,GO:0030554,0.94503,adenyl nucleotide binding
tr|R2QTP1|R2QTP1_9ENTE,GO:0032559,0.94349,adenyl ribonucleotide binding
tr|R2QTP1|R2QTP1_9ENTE,GO:0005524,0.94293,ATP binding
tr|R2QTP1|R2QTP1_9ENTE,GO:0017111,0.13878,nucleoside-triphosphatase activity
tr|R2QTP1|R2QTP1_9ENTE,GO:0016462,0.11188,pyrophosphatase activity
tr|R2QTP1|R2QTP1_9ENTE,GO:0016817,0.10525,"hydrolase activity, acting on acid anhydrides"
tr|R2QTP1|R2QTP1_9ENTE,GO:0016818,0.10476,"hydrolase activity, acting on acid anhydrides, in phosphorus-containing anhydrides"
tr|R2QVW8|R2QVW8_9ENTE,GO:0016829,0.96360,lyase activity
tr|R2QVW8|R2QVW8_9ENTE,GO:0016835,0.91880,carbon-oxygen lyase activity
tr|R2QVW8|R2QVW8_9ENTE,GO:0016836,0.79874,hydro-lyase activity
tr|R2QVW8|R2QVW8_9ENTE,GO:0051539,0.63963,"4 iron, 4 sulfur cluster binding"
tr|R2QVW8|R2QVW8_9ENTE,GO:0051536,0.63778,iron-sulfur cluster binding
tr|R2QVW8|R2QVW8_9ENTE,GO:0051540,0.63742,metal cluster binding
tr|R4G013|R4G013_9BACL,GO:0097367,0.10321,carbohydrate derivative binding
tr|R4G6B0|R4G6B0_9BACL,GO:0097367,0.36474,carbohydrate derivative binding
tr|R4G6B0|R4G6B0_9BACL,GO:0032553,0.25817,ribonucleotide binding
tr|R4G6B0|R4G6B0_9BACL,GO:0032555,0.25344,purine ribonucleotide binding
tr|R4G6B0|R4G6B0_9BACL,GO:0035639,0.24751,purine ribonucleoside triphosphate binding
tr|R4G6B0|R4G6B0_9BACL,GO:0017076,0.24554,purine nucleotide binding
tr|R4G6B0|R4G6B0_9BACL,GO:0032559,0.11566,adenyl ribonucleotide binding
tr|R4G6B0|R4G6B0_9BACL,GO:0030554,0.11190,adenyl nucleotide binding
tr|R4G6B0|R4G6B0_9BACL,GO:0005524,0.11153,ATP binding
tr|R4NED8|R4NED8_CLOBO,GO:0003723,0.17092,RNA binding
tr|R4NED8|R4NED8_CLOBO,GO:0032555,0.17046,purine ribonucleotide binding
tr|R4NED8|R4NED8_CLOBO,GO:0097367,0.16857,carbohydrate derivative binding
tr|R4NED8|R4NED8_CLOBO,GO:0017076,0.16743,purine nucleotide binding
tr|R4NED8|R4NED8_CLOBO,GO:0035639,0.16574,purine ribonucleoside triphosphate binding
tr|R4NED8|R4NED8_CLOBO,GO:0003677,0.16526,DNA binding
tr|R4NED8|R4NED8_CLOBO,GO:0032559,0.15870,adenyl ribonucleotide binding
tr|R4NED8|R4NED8_CLOBO,GO:0032553,0.15722,ribonucleotide binding
tr|R4NED8|R4NED8_CLOBO,GO:0005524,0.15591,ATP binding
tr|R4NED8|R4NED8_CLOBO,GO:0030554,0.15582,adenyl nucleotide binding
tr|R4NED8|R4NED8_CLOBO,GO:0140097,0.11858,"catalytic activity, acting on DNA"
tr|R4NED8|R4NED8_CLOBO,GO:0140096,0.11483,"catalytic activity, acting on a protein"
tr|R4NED8|R4NED8_CLOBO,GO:0016874,0.11166,ligase activity
tr|R4NED8|R4NED8_CLOBO,GO:0016788,0.10148,"hydrolase activity, acting on ester bonds"
tr|R4R8A7|R4R8A7_9BACT,GO:0003723,0.14059,RNA binding
tr|R4R8A7|R4R8A7_9BACT,GO:0005198,0.10144,structural molecule activity
tr|R5AJ49|R5AJ49_9CLOT,GO:0016620,0.99842,"oxidoreductase activity, acting on the aldehyde or oxo group of donors, NAD or NADP as acceptor"
tr|R5AJ49|R5AJ49_9CLOT,GO:0016903,0.99769,"oxidoreductase activity, acting on the aldehyde or oxo group of donors"
tr|R5AJ49|R5AJ49_9CLOT,GO:0051287,0.86216,NAD binding
tr|R5AJ49|R5AJ49_9CLOT,GO:0050661,0.82343,NADP binding
tr|R5AJ49|R5AJ49_9CLOT,GO:0043891,0.74658,glyceraldehyde-3-phosphate dehydrogenase (NAD(P)+) (phosphorylating) activity
tr|R5AJ49|R5AJ49_9CLOT,GO:0004365,0.71959,glyceraldehyde-3-phosphate dehydrogenase (NAD+) (phosphorylating) activity
tr|R5AN25|R5AN25_9CLOT,GO:0030554,0.99962,adenyl nucleotide binding
tr|R5AN25|R5AN25_9CLOT,GO:0017076,0.99961,purine nucleotide binding
tr|R5AN25|R5AN25_9CLOT,GO:0032559,0.99939,adenyl ribonucleotide binding
tr|R5AN25|R5AN25_9CLOT,GO:0005524,0.99939,ATP binding
tr|R5AN25|R5AN25_9CLOT,GO:0035639,0.99939,purine ribonucleoside triphosphate binding
tr|R5AN25|R5AN25_9CLOT,GO:0032555,0.99938,purine ribonucleotide binding
tr|R5AN25|R5AN25_9CLOT,GO:0032553,0.99934,ribonucleotide binding
tr|R5AN25|R5AN25_9CLOT,GO:0097367,0.99920,carbohydrate derivative binding
tr|R5AN25|R5AN25_9CLOT,GO:0051082,0.95173,unfolded protein binding
tr|R5AUK8|R5AUK8_9CLOT,GO:0046914,0.25739,transition metal ion binding
tr|R5AUK8|R5AUK8_9CLOT,GO:0016829,0.19227,lyase activity
tr|R5AUK8|R5AUK8_9CLOT,GO:0008270,0.14736,zinc ion binding
tr|R5AUK8|R5AUK8_9CLOT,GO:0097367,0.13869,carbohydrate derivative binding
tr|R5AUK8|R5AUK8_9CLOT,GO:0032553,0.12410,ribonucleotide binding
tr|R5AUK8|R5AUK8_9CLOT,GO:0032555,0.11984,purine ribonucleotide binding
tr|R5AUK8|R5AUK8_9CLOT,GO:0035639,0.11728,purine ribonucleoside triphosphate binding
tr|R5AUK8|R5AUK8_9CLOT,GO:0017076,0.11609,purine nucleotide binding
tr|R5AUK8|R5AUK8_9CLOT,GO:0016788,0.11568,"hydrolase activity, acting on ester bonds"
tr|R5AUK8|R5AUK8_9CLOT,GO:0140096,0.10830,"catalytic activity, acting on a protein"
tr|R5AUK8|R5AUK8_9CLOT,GO:0032559,0.10534,adenyl ribonucleotide binding
tr|R5AUK8|R5AUK8_9CLOT,GO:0016830,0.10442,carbon-carbon lyase activity
tr|R5AUK8|R5AUK8_9CLOT,GO:0005524,0.10354,ATP binding
tr|R5AUK8|R5AUK8_9CLOT,GO:0030554,0.10232,adenyl nucleotide binding
tr|R5AUK8|R5AUK8_9CLOT,GO:0051540,0.10157,metal cluster binding
tr|R5AUK8|R5AUK8_9CLOT,GO:0051536,0.10126,iron-sulfur cluster binding
tr|R5B543|R5B543_9CLOT,GO:0032550,1.00000,purine ribonucleoside binding
tr|R5B543|R5B543_9CLOT,GO:0019001,1.00000,guanyl nucleotide binding
tr|R5B543|R5B543_9CLOT,GO:0005525,1.00000,GTP binding
tr|R5B543|R5B543_9CLOT,GO:0001883,1.00000,purine nucleoside binding
tr|R5B543|R5B543_9CLOT,GO:0032549,1.00000,ribonucleoside binding
tr|R5B543|R5B543_9CLOT,GO:0032561,1.00000,guanyl ribonucleotide binding
tr|R5B543|R5B543_9CLOT,GO:0001882,1.00000,nucleoside binding
tr|R5B543|R5B543_9CLOT,GO:0003924,1.00000,GTPase activity
tr|R5B543|R5B543_9CLOT,GO:0016818,1.00000,"hydrolase activity, acting on acid anhydrides, in phosphorus-containing anhydrides"
tr|R5B543|R5B543_9CLOT,GO:0016817,1.00000,"hydrolase activity, acting on acid anhydrides"
tr|R5B543|R5B543_9CLOT,GO:0032553,1.00000,ribonucleotide binding
tr|R5B543|R5B543_9CLOT,GO:0016462,1.00000,pyrophosphatase activity
tr|R5B543|R5B543_9CLOT,GO:0097367,1.00000,carbohydrate derivative binding
tr|R5B543|R5B543_9CLOT,GO:0035639,0.99999,purine ribonucleoside triphosphate binding
tr|R5B543|R5B543_9CLOT,GO:0032555,0.99999,purine ribonucleotide binding
tr|R5B543|R5B543_9CLOT,GO:0017076,0.99999,purine nucleotide binding
tr|R5B543|R5B543_9CLOT,GO:0008135,0.99999,"translation factor activity, RNA binding"
tr|R5B543|R5B543_9CLOT,GO:0090079,0.99999,"translation regulator activity, nucleic acid binding"
tr|R5B543|R5B543_9CLOT,GO:0045182,0.99999,translation regulator activity
tr|R5B543|R5B543_9CLOT,GO:0017111,0.99999,nucleoside-triphosphatase activity
tr|R5B543|R5B543_9CLOT,GO:0003746,0.99924,translation elongation factor activity
tr|R5B543|R5B543_9CLOT,GO:0003723,0.99893,RNA binding
tr|R5B677|R5B677_9CLOT,GO:0097367,0.37539,carbohydrate derivative binding
tr|R5B677|R5B677_9CLOT,GO:0032555,0.35903,purine ribonucleotide binding
tr|R5B677|R5B677_9CLOT,GO:0035639,0.35060,purine ribonucleoside triphosphate binding
tr|R5B677|R5B677_9CLOT,GO:0032553,0.34542,ribonucleotide binding
tr|R5B677|R5B677_9CLOT,GO:0017076,0.34332,purine nucleotide binding
tr|R5B677|R5B677_9CLOT,GO:0032559,0.31984,adenyl ribonucleotide binding
tr|R5B677|R5B677_9CLOT,GO:0005524,0.31122,ATP binding
tr|R5B677|R5B677_9CLOT,GO:0030554,0.30516,adenyl nucleotide binding
tr|R5C908|R5C908_9FIRM,GO:0097367,0.19963,carbohydrate derivative binding
tr|R5C908|R5C908_9FIRM,GO:0032553,0.15693,ribonucleotide binding
tr|R5C908|R5C908_9FIRM,GO:0017076,0.14369,purine nucleotide binding
tr|R5C908|R5C908_9FIRM,GO:0032555,0.13807,purine ribonucleotide binding
tr|R5C908|R5C908_9FIRM,GO:0035639,0.13685,purine ribonucleoside triphosphate binding
tr|R5C908|R5C908_9FIRM,GO:0030554,0.12137,adenyl nucleotide binding
tr|R5C908|R5C908_9FIRM,GO:0032559,0.11651,adenyl ribonucleotide binding
tr|R5C908|R5C908_9FIRM,GO:0005524,0.11533,ATP binding
tr|R5CL47|R5CL47_9FIRM,GO:0016829,0.13947,lyase activity
tr|R5EDR2|R5EDR2_9FIRM,GO:0046914,0.17825,transition metal ion binding
tr|R5EDR2|R5EDR2_9FIRM,GO:0097367,0.11625,carbohydrate derivative binding
tr|R5IUB2|R5IUB2_9FIRM,GO:0097367,0.24449,carbohydrate derivative binding
tr|R5IUB2|R5IUB2_9FIRM,GO:0032553,0.21645,ribonucleotide binding
tr|R5IUB2|R5IUB2_9FIRM,GO:0032555,0.17339,purine ribonucleotide binding
tr|R5IUB2|R5IUB2_9FIRM,GO:0017076,0.17176,purine nucleotide binding
tr|R5IUB2|R5IUB2_9FIRM,GO:0035639,0.16981,purine ribonucleoside triphosphate binding
tr|R5IUY3|R5IUY3_9FIRM,GO:0097367,0.13552,carbohydrate derivative binding
tr|R5IUY3|R5IUY3_9FIRM,GO:0140096,0.10231,"catalytic activity, acting on a protein"
tr|R5IYI9|R5IYI9_9FIRM,GO:0097367,0.29994,carbohydrate derivative binding
tr|R5IYI9|R5IYI9_9FIRM,GO:0032553,0.26053,ribonucleotide binding
tr|R5IYI9|R5IYI9_9FIRM,GO:0032555,0.22668,purine ribonucleotide binding
tr|R5IYI9|R5IYI9_9FIRM,GO:0035639,0.22121,purine ribonucleoside triphosphate binding
tr|R5IYI9|R5IYI9_9FIRM,GO:0017076,0.21754,purine nucleotide binding
tr|R5IYI9|R5IYI9_9FIRM,GO:0032559,0.14946,adenyl ribonucleotide binding
tr|R5IYI9|R5IYI9_9FIRM,GO:0005524,0.14675,ATP binding
tr|R5IYI9|R5IYI9_9FIRM,GO:0030554,0.14263,adenyl nucleotide binding
tr|R5P4E8|R5P4E8_9BACT,GO:0016798,0.11189,"hydrolase activity, acting on glycosyl bonds"
tr|R5PN61|R5PN61_9BACT,GO:0140096,0.18199,"catalytic activity, acting on a protein"
tr|R5PN61|R5PN61_9BACT,GO:0008233,0.13696,peptidase activity
tr|R5PN61|R5PN61_9BACT,GO:0004553,0.12982,"hydrolase activity, hydrolyzing O-glycosyl compounds"
tr|R5PN61|R5PN61_9BACT,GO:0016798,0.12005,"hydrolase activity, acting on glycosyl bonds"
tr|R5PN61|R5PN61_9BACT,GO:0097367,0.10995,carbohydrate derivative binding
tr|R5TPD2|R5TPD2_9FIRM,GO:0016798,0.16181,"hydrolase activity, acting on glycosyl bonds"
tr|R5TPD2|R5TPD2_9FIRM,GO:0004553,0.13190,"hydrolase activity, hydrolyzing O-glycosyl compounds"
tr|R5VY39|R5VY39_9BACT,GO:0016798,0.21302,"hydrolase activity, acting on glycosyl bonds"
tr|R5VY39|R5VY39_9BACT,GO:0004553,0.17653,"hydrolase activity, hydrolyzing O-glycosyl compounds"
tr|R5YUA2|R5YUA2_9FIRM,GO:0046914,0.33846,transition metal ion binding
tr|R5YUA2|R5YUA2_9FIRM,GO:0016829,0.17265,lyase activity
tr|R5YUA2|R5YUA2_9FIRM,GO:0008270,0.15917,zinc ion binding
tr|R6AW96|R6AW96_9CLOT,GO:0019842,0.49479,vitamin binding
tr|R6AW96|R6AW96_9CLOT,GO:0030170,0.49197,pyridoxal phosphate binding
tr|R6AW96|R6AW96_9CLOT,GO:0070279,0.49166,vitamin B6 binding
tr|R6AW96|R6AW96_9CLOT,GO:0016769,0.21904,"transferase activity, transferring nitrogenous groups"
tr|R6AW96|R6AW96_9CLOT,GO:0008483,0.17551,transaminase activity
tr|R6C9X5|R6C9X5_9CLOT,GO:0097367,0.18292,carbohydrate derivative binding
tr|R6C9X5|R6C9X5_9CLOT,GO:0032553,0.12279,ribonucleotide binding
tr|R6C9X5|R6C9X5_9CLOT,GO:0140096,0.10934,"catalytic activity, acting on a protein"
tr|R6C9X5|R6C9X5_9CLOT,GO:0032555,0.10523,purine ribonucleotide binding
tr|R6C9X5|R6C9X5_9CLOT,GO:0016798,0.10354,"hydrolase activity, acting on glycosyl bonds"
tr|R6C9X5|R6C9X5_9CLOT,GO:0035639,0.10129,purine ribonucleoside triphosphate binding
tr|R6C9X5|R6C9X5_9CLOT,GO:0008233,0.10027,peptidase activity
tr|R6D3U3|R6D3U3_9BACE,GO:0016798,0.13153,"hydrolase activity, acting on glycosyl bonds"
tr|R6D3U3|R6D3U3_9BACE,GO:0097367,0.11300,carbohydrate derivative binding
tr|R6DUF5|R6DUF5_9FIRM,GO:0005198,0.22160,structural molecule activity
tr|R6DUF5|R6DUF5_9FIRM,GO:0003735,0.21969,structural constituent of ribosome
tr|R6DUF5|R6DUF5_9FIRM,GO:0019843,0.19067,rRNA binding
tr|R6DUF5|R6DUF5_9FIRM,GO:0003723,0.16418,RNA binding
tr|R6FLJ1|R6FLJ1_9BACE,GO:0016798,0.12759,"hydrolase activity, acting on glycosyl bonds"
tr|R6FLJ1|R6FLJ1_9BACE,GO:0097367,0.11802,carbohydrate derivative binding
tr|R6LIJ9|R6LIJ9_9FIRM,GO:0030170,0.81558,pyridoxal phosphate binding
tr|R6LIJ9|R6LIJ9_9FIRM,GO:0070279,0.81526,vitamin B6 binding
tr|R6LIJ9|R6LIJ9_9FIRM,GO:0019842,0.71882,vitamin binding
tr|R6LIJ9|R6LIJ9_9FIRM,GO:0016769,0.56106,"transferase activity, transferring nitrogenous groups"
tr|R6LIJ9|R6LIJ9_9FIRM,GO:0008483,0.46006,transaminase activity
tr|R6NFR6|R6NFR6_9FIRM,GO:0097367,0.14969,carbohydrate derivative binding
tr|R6NFR6|R6NFR6_9FIRM,GO:0032553,0.12753,ribonucleotide binding
tr|R6NFR6|R6NFR6_9FIRM,GO:0032559,0.12192,adenyl ribonucleotide binding
tr|R6NFR6|R6NFR6_9FIRM,GO:0005524,0.12045,ATP binding
tr|R6NFR6|R6NFR6_9FIRM,GO:0030554,0.11666,adenyl nucleotide binding
tr|R6NFR6|R6NFR6_9FIRM,GO:0032555,0.11360,purine ribonucleotide binding
tr|R6NFR6|R6NFR6_9FIRM,GO:0035639,0.11125,purine ribonucleoside triphosphate binding
tr|R6NFR6|R6NFR6_9FIRM,GO:0017076,0.10839,purine nucleotide binding
tr|R6XH07|R6XH07_9BACT,GO:0140096,0.12669,"catalytic activity, acting on a protein"
tr|R6YHM3|R6YHM3_9FIRM,GO:0097367,0.16139,carbohydrate derivative binding
tr|R6YHM3|R6YHM3_9FIRM,GO:0032553,0.11582,ribonucleotide binding
tr|R6YHM3|R6YHM3_9FIRM,GO:0008233,0.11017,peptidase activity
tr|R6YHM3|R6YHM3_9FIRM,GO:0140096,0.10953,"catalytic activity, acting on a protein"
tr|R7KD67|R7KD67_9FIRM,GO:0051540,0.18643,metal cluster binding
tr|R7KD67|R7KD67_9FIRM,GO:0051536,0.18558,iron-sulfur cluster binding
tr|R7KD67|R7KD67_9FIRM,GO:0046914,0.13206,transition metal ion binding
tr|R7KD67|R7KD67_9FIRM,GO:0016829,0.12082,lyase activity
tr|R7KD67|R7KD67_9FIRM,GO:0051539,0.11666,"4 iron, 4 sulfur cluster binding"
tr|R7LES4|R7LES4_9BACT,GO:0097367,0.11411,carbohydrate derivative binding
tr|R7MUF0|R7MUF0_MEGEL,GO:0046914,0.14482,transition metal ion binding
tr|R7MUF0|R7MUF0_MEGEL,GO:0016829,0.13995,lyase activity
tr|R7MUF0|R7MUF0_MEGEL,GO:0051540,0.10061,metal cluster binding
tr|R7MUF0|R7MUF0_MEGEL,GO:0051536,0.10022,iron-sulfur cluster binding
tr|R7XE79|R7XE79_9BURK,GO:0097367,0.10827,carbohydrate derivative binding
tr|R8W0F3|R8W0F3_9FIRM,GO:0005198,0.10629,structural molecule activity
tr|R9GY12|R9GY12_9SPHI,GO:0097367,0.18380,carbohydrate derivative binding
tr|R9GY12|R9GY12_9SPHI,GO:0032553,0.13602,ribonucleotide binding
tr|R9GY12|R9GY12_9SPHI,GO:0140096,0.12465,"catalytic activity, acting on a protein"
tr|R9GY12|R9GY12_9SPHI,GO:0016798,0.12013,"hydrolase activity, acting on glycosyl bonds"
tr|R9GY12|R9GY12_9SPHI,GO:0017076,0.11853,purine nucleotide binding
tr|R9GY12|R9GY12_9SPHI,GO:0032555,0.11493,purine ribonucleotide binding
tr|R9GY12|R9GY12_9SPHI,GO:0035639,0.11187,purine ribonucleoside triphosphate binding
tr|R9H3X4|R9H3X4_9SPHI,GO:0016798,0.15631,"hydrolase activity, acting on glycosyl bonds"
tr|R9H3X4|R9H3X4_9SPHI,GO:0004553,0.14207,"hydrolase activity, hydrolyzing O-glycosyl compounds"
tr|R9HHB2|R9HHB2_BACT4,GO:0097367,0.13760,carbohydrate derivative binding
tr|R9L4G3|R9L4G3_9BACL,GO:0005198,0.40551,structural molecule activity
tr|S0EWK0|S0EWK0_CHTCT,GO:0097367,0.21184,carbohydrate derivative binding
tr|S0EWK0|S0EWK0_CHTCT,GO:0032553,0.16865,ribonucleotide binding
tr|S0EWK0|S0EWK0_CHTCT,GO:0032555,0.14879,purine ribonucleotide binding
tr|S0EWK0|S0EWK0_CHTCT,GO:0035639,0.14628,purine ribonucleoside triphosphate binding
tr|S0EWK0|S0EWK0_CHTCT,GO:0017076,0.13619,purine nucleotide binding
tr|S0EWK0|S0EWK0_CHTCT,GO:0016798,0.13216,"hydrolase activity, acting on glycosyl bonds"
tr|S0EX61|S0EX61_CHTCT,GO:0004553,0.10057,"hydrolase activity, hydrolyzing O-glycosyl compounds"
tr|S0F203|S0F203_SALET,GO:0016757,0.11425,"transferase activity, transferring glycosyl groups"
tr|S0G508|S0G508_9BACT,GO:0003723,0.12082,RNA binding
tr|S0G508|S0G508_9BACT,GO:0097367,0.11686,carbohydrate derivative binding
tr|S0G508|S0G508_9BACT,GO:0032553,0.10727,ribonucleotide binding
tr|S0GNQ5|S0GNQ5_9BACT,GO:0097367,0.11820,carbohydrate derivative binding
tr|S0GS27|S0GS27_9BACT,GO:0140096,0.11969,"catalytic activity, acting on a protein"
tr|S0GS27|S0GS27_9BACT,GO:0016798,0.10226,"hydrolase activity, acting on glycosyl bonds"
tr|S0GTY4|S0GTY4_9BACT,GO:0004553,0.12043,"hydrolase activity, hydrolyzing O-glycosyl compounds"
tr|S0GTY4|S0GTY4_9BACT,GO:0016798,0.10981,"hydrolase activity, acting on glycosyl bonds"
tr|S0GTY4|S0GTY4_9BACT,GO:0140096,0.10203,"catalytic activity, acting on a protein"
tr|S0GTY4|S0GTY4_9BACT,GO:0008233,0.10190,peptidase activity
tr|S0KXL5|S0KXL5_9ENTE,GO:0008324,0.90163,cation transmembrane transporter activity
tr|S0KXL5|S0KXL5_9ENTE,GO:0032553,0.89809,ribonucleotide binding
tr|S0KXL5|S0KXL5_9ENTE,GO:0022890,0.89766,inorganic cation transmembrane transporter activity
tr|S0KXL5|S0KXL5_9ENTE,GO:0022857,0.89608,transmembrane transporter activity
tr|S0KXL5|S0KXL5_9ENTE,GO:0015075,0.89474,ion transmembrane transporter activity
tr|S0KXL5|S0KXL5_9ENTE,GO:0032559,0.89366,adenyl ribonucleotide binding
tr|S0KXL5|S0KXL5_9ENTE,GO:0005524,0.89291,ATP binding
tr|S0KXL5|S0KXL5_9ENTE,GO:0005215,0.88789,transporter activity
tr|S0KXL5|S0KXL5_9ENTE,GO:0030554,0.88723,adenyl nucleotide binding
tr|S0KXL5|S0KXL5_9ENTE,GO:0097367,0.88229,carbohydrate derivative binding
tr|S0KXL5|S0KXL5_9ENTE,GO:0032555,0.88031,purine ribonucleotide binding
tr|S0KXL5|S0KXL5_9ENTE,GO:0035639,0.87736,purine ribonucleoside triphosphate binding
tr|S0KXL5|S0KXL5_9ENTE,GO:0017076,0.87249,purine nucleotide binding
tr|S0KXL5|S0KXL5_9ENTE,GO:0022804,0.85534,active transmembrane transporter activity
tr|S0KXL5|S0KXL5_9ENTE,GO:0015399,0.83516,primary active transmembrane transporter activity
tr|S0KXL5|S0KXL5_9ENTE,GO:0022853,0.83331,active ion transmembrane transporter activity
tr|S0KXL5|S0KXL5_9ENTE,GO:0015318,0.83208,inorganic molecular entity transmembrane transporter activity
tr|S0KXL5|S0KXL5_9ENTE,GO:0042626,0.82436,ATPase-coupled transmembrane transporter activity
tr|S0KXL5|S0KXL5_9ENTE,GO:0042625,0.81585,ATPase-coupled ion transmembrane transporter activity
tr|S0KXL5|S0KXL5_9ENTE,GO:0019829,0.81151,ATPase-coupled cation transmembrane transporter activity
tr|S0KXL5|S0KXL5_9ENTE,GO:0046873,0.49428,metal ion transmembrane transporter activity
tr|S0KXL5|S0KXL5_9ENTE,GO:0015079,0.12123,potassium ion transmembrane transporter activity
tr|S0PBP9|S0PBP9_9ENTE,GO:0016301,0.99954,kinase activity
tr|S0PBP9|S0PBP9_9ENTE,GO:0016773,0.99933,"phosphotransferase activity, alcohol group as acceptor"
tr|S0PBP9|S0PBP9_9ENTE,GO:0016772,0.99882,"transferase activity, transferring phosphorus-containing groups"
tr|S0PBP9|S0PBP9_9ENTE,GO:0004672,0.99205,protein kinase activity
tr|S0PBP9|S0PBP9_9ENTE,GO:0035639,0.99108,purine ribonucleoside triphosphate binding
tr|S0PBP9|S0PBP9_9ENTE,GO:0032555,0.99098,purine ribonucleotide binding
tr|S0PBP9|S0PBP9_9ENTE,GO:0005524,0.99060,ATP binding
tr|S0PBP9|S0PBP9_9ENTE,GO:0017076,0.99055,purine nucleotide binding
tr|S0PBP9|S0PBP9_9ENTE,GO:0032559,0.99047,adenyl ribonucleotide binding
tr|S0PBP9|S0PBP9_9ENTE,GO:0030554,0.99008,adenyl nucleotide binding
tr|S0PBP9|S0PBP9_9ENTE,GO:0032553,0.98943,ribonucleotide binding
tr|S0PBP9|S0PBP9_9ENTE,GO:0097367,0.98863,carbohydrate derivative binding
tr|S0PBP9|S0PBP9_9ENTE,GO:0140096,0.95070,"catalytic activity, acting on a protein"
tr|S0PBP9|S0PBP9_9ENTE,GO:0004674,0.51048,protein serine/threonine kinase activity
tr|S1NE10|S1NE10_9ENTE,GO:0032553,0.99995,ribonucleotide binding
tr|S1NE10|S1NE10_9ENTE,GO:0017076,0.99995,purine nucleotide binding
tr|S1NE10|S1NE10_9ENTE,GO:0035639,0.99995,purine ribonucleoside triphosphate binding
tr|S1NE10|S1NE10_9ENTE,GO:0032555,0.99995,purine ribonucleotide binding
tr|S1NE10|S1NE10_9ENTE,GO:0097367,0.99994,carbohydrate derivative binding
tr|S1NE10|S1NE10_9ENTE,GO:0030554,0.99983,adenyl nucleotide binding
tr|S1NE10|S1NE10_9ENTE,GO:0005524,0.99982,ATP binding
tr|S1NE10|S1NE10_9ENTE,GO:0032559,0.99982,adenyl ribonucleotide binding
tr|S1NE10|S1NE10_9ENTE,GO:0016874,0.98637,ligase activity
tr|S1NE10|S1NE10_9ENTE,GO:0016879,0.95862,"ligase activity, forming carbon-nitrogen bonds"
tr|S1NI13|S1NI13_9ENTE,GO:0016788,0.11751,"hydrolase activity, acting on ester bonds"
tr|S1NWB0|S1NWB0_9ENTE,GO:0030170,0.99814,pyridoxal phosphate binding
tr|S1NWB0|S1NWB0_9ENTE,GO:0070279,0.99813,vitamin B6 binding
tr|S1NWB0|S1NWB0_9ENTE,GO:0019842,0.99733,vitamin binding
tr|S1NWB0|S1NWB0_9ENTE,GO:0016769,0.95607,"transferase activity, transferring nitrogenous groups"
tr|S1NWB0|S1NWB0_9ENTE,GO:0008483,0.94848,transaminase activity
tr|S1NYY8|S1NYY8_9ENTE,GO:0097367,0.48861,carbohydrate derivative binding
tr|S1NYY8|S1NYY8_9ENTE,GO:0032553,0.47624,ribonucleotide binding
tr|S1NYY8|S1NYY8_9ENTE,GO:0017076,0.44394,purine nucleotide binding
tr|S1NYY8|S1NYY8_9ENTE,GO:0032555,0.40676,purine ribonucleotide binding
tr|S1NYY8|S1NYY8_9ENTE,GO:0035639,0.40522,purine ribonucleoside triphosphate binding
tr|S1NYY8|S1NYY8_9ENTE,GO:0030554,0.31871,adenyl nucleotide binding
tr|S1NYY8|S1NYY8_9ENTE,GO:0032559,0.28663,adenyl ribonucleotide binding
tr|S1NYY8|S1NYY8_9ENTE,GO:0005524,0.28558,ATP binding
tr|S2D9A2|S2D9A2_INDAL,GO:0097367,0.13450,carbohydrate derivative binding
tr|S2D9A2|S2D9A2_INDAL,GO:0032553,0.10662,ribonucleotide binding
tr|S2D9A2|S2D9A2_INDAL,GO:0140096,0.10465,"catalytic activity, acting on a protein"
tr|S2DF40|S2DF40_INDAL,GO:0097367,0.40184,carbohydrate derivative binding
tr|S2DF40|S2DF40_INDAL,GO:0032553,0.32860,ribonucleotide binding
tr|S2DF40|S2DF40_INDAL,GO:0032555,0.30930,purine ribonucleotide binding
tr|S2DF40|S2DF40_INDAL,GO:0035639,0.30403,purine ribonucleoside triphosphate binding
tr|S2DF40|S2DF40_INDAL,GO:0017076,0.28167,purine nucleotide binding
tr|S2DF40|S2DF40_INDAL,GO:0032559,0.13341,adenyl ribonucleotide binding
tr|S2DF40|S2DF40_INDAL,GO:0005524,0.12828,ATP binding
tr|S2DF40|S2DF40_INDAL,GO:0030554,0.11927,adenyl nucleotide binding
tr|S2E8V6|S2E8V6_INDAL,GO:0005198,0.20850,structural molecule activity
tr|S2E8V6|S2E8V6_INDAL,GO:0003735,0.19164,structural constituent of ribosome
tr|S3WQV2|S3WQV2_9ACTN,GO:0051540,0.71189,metal cluster binding
tr|S3WQV2|S3WQV2_9ACTN,GO:0051536,0.71157,iron-sulfur cluster binding
tr|S3WQV2|S3WQV2_9ACTN,GO:0051539,0.54642,"4 iron, 4 sulfur cluster binding"
tr|S3WQV2|S3WQV2_9ACTN,GO:0046914,0.40147,transition metal ion binding
tr|S3WQV2|S3WQV2_9ACTN,GO:0005506,0.15811,iron ion binding
tr|S3WQV2|S3WQV2_9ACTN,GO:0008270,0.11157,zinc ion binding
tr|S3X5J4|S3X5J4_9ACTN,GO:0005198,0.13365,structural molecule activity
tr|S3X5J4|S3X5J4_9ACTN,GO:0003723,0.12324,RNA binding
tr|S3X5J4|S3X5J4_9ACTN,GO:0019843,0.11030,rRNA binding
tr|S3X5J4|S3X5J4_9ACTN,GO:0003735,0.10277,structural constituent of ribosome
tr|S4WB64|S4WB64_9BACT,GO:0097367,0.13686,carbohydrate derivative binding
tr|S4WB64|S4WB64_9BACT,GO:0004553,0.11737,"hydrolase activity, hydrolyzing O-glycosyl compounds"
tr|S4WB64|S4WB64_9BACT,GO:0016798,0.10664,"hydrolase activity, acting on glycosyl bonds"
tr|S5DM28|S5DM28_9ACTN,GO:0016746,0.10665,"transferase activity, transferring acyl groups"
tr|S5DNW6|S5DNW6_9ACTN,GO:0030554,0.99991,adenyl nucleotide binding
tr|S5DNW6|S5DNW6_9ACTN,GO:0017076,0.99991,purine nucleotide binding
tr|S5DNW6|S5DNW6_9ACTN,GO:0005524,0.99988,ATP binding
tr|S5DNW6|S5DNW6_9ACTN,GO:0032559,0.99987,adenyl ribonucleotide binding
tr|S5DNW6|S5DNW6_9ACTN,GO:0035639,0.99987,purine ribonucleoside triphosphate binding
tr|S5DNW6|S5DNW6_9ACTN,GO:0032555,0.99987,purine ribonucleotide binding
tr|S5DNW6|S5DNW6_9ACTN,GO:0032553,0.99986,ribonucleotide binding
tr|S5DNW6|S5DNW6_9ACTN,GO:0097367,0.99980,carbohydrate derivative binding
tr|S5DNW6|S5DNW6_9ACTN,GO:0051082,0.97611,unfolded protein binding
tr|S5DQP2|S5DQP2_9ACTN,GO:0030554,0.89942,adenyl nucleotide binding
tr|S5DQP2|S5DQP2_9ACTN,GO:0032559,0.88711,adenyl ribonucleotide binding
tr|S5DQP2|S5DQP2_9ACTN,GO:0005524,0.88395,ATP binding
tr|S5DQP2|S5DQP2_9ACTN,GO:0097367,0.87995,carbohydrate derivative binding
tr|S5DQP2|S5DQP2_9ACTN,GO:0032553,0.87717,ribonucleotide binding
tr|S5DQP2|S5DQP2_9ACTN,GO:0017076,0.87323,purine nucleotide binding
tr|S5DQP2|S5DQP2_9ACTN,GO:0032555,0.85900,purine ribonucleotide binding
tr|S5DQP2|S5DQP2_9ACTN,GO:0035639,0.85433,purine ribonucleoside triphosphate binding
tr|S5DQP2|S5DQP2_9ACTN,GO:0051082,0.32005,unfolded protein binding
tr|S5DQP2|S5DQP2_9ACTN,GO:0031072,0.14353,heat shock protein binding
tr|S5ZRV8|S5ZRV8_9SPIR,GO:0032553,0.11268,ribonucleotide binding
tr|S5ZRV8|S5ZRV8_9SPIR,GO:0097367,0.11033,carbohydrate derivative binding
tr|S7TWR2|S7TWR2_DESML,GO:0097367,0.18648,carbohydrate derivative binding
tr|S7TWR2|S7TWR2_DESML,GO:0032553,0.16925,ribonucleotide binding
tr|S7TWR2|S7TWR2_DESML,GO:0032555,0.13630,purine ribonucleotide binding
tr|S7TWR2|S7TWR2_DESML,GO:0035639,0.13624,purine ribonucleoside triphosphate binding
tr|S7TWR2|S7TWR2_DESML,GO:0017076,0.12485,purine nucleotide binding
tr|S7TWR2|S7TWR2_DESML,GO:0046914,0.12241,transition metal ion binding
tr|S7TYS9|S7TYS9_DESML,GO:0051536,0.71571,iron-sulfur cluster binding
tr|S7TYS9|S7TYS9_DESML,GO:0051540,0.71528,metal cluster binding
tr|S7TYS9|S7TYS9_DESML,GO:0051539,0.56848,"4 iron, 4 sulfur cluster binding"
tr|S7TYS9|S7TYS9_DESML,GO:0046914,0.30819,transition metal ion binding
tr|S7TYS9|S7TYS9_DESML,GO:0003677,0.12506,DNA binding
tr|S7TYS9|S7TYS9_DESML,GO:0097367,0.11348,carbohydrate derivative binding
tr|S7TYS9|S7TYS9_DESML,GO:0032553,0.10567,ribonucleotide binding
tr|S7U4F1|S7U4F1_9BACT,GO:0097367,0.10632,carbohydrate derivative binding
tr|S7U4F1|S7U4F1_9BACT,GO:0140096,0.10419,"catalytic activity, acting on a protein"
tr|S7USU4|S7USU4_9BACT,GO:0016614,0.71539,"oxidoreductase activity, acting on CH-OH group of donors"
tr|S7USU4|S7USU4_9BACT,GO:0016616,0.68365,"oxidoreductase activity, acting on the CH-OH group of donors, NAD or NADP as acceptor"
tr|S7USU4|S7USU4_9BACT,GO:0046914,0.49279,transition metal ion binding
tr|S7USU4|S7USU4_9BACT,GO:0008270,0.43853,zinc ion binding
tr|S7V5F0|S7V5F0_DESML,GO:0051540,0.74413,metal cluster binding
tr|S7V5F0|S7V5F0_DESML,GO:0051536,0.74406,iron-sulfur cluster binding
tr|S7V5F0|S7V5F0_DESML,GO:0051539,0.62156,"4 iron, 4 sulfur cluster binding"
tr|S7V5F0|S7V5F0_DESML,GO:0016651,0.41041,"oxidoreductase activity, acting on NAD(P)H"
tr|S7V5F0|S7V5F0_DESML,GO:0009055,0.38204,electron transfer activity
tr|S7V5F0|S7V5F0_DESML,GO:0046914,0.33565,transition metal ion binding
tr|S7V5F0|S7V5F0_DESML,GO:0005506,0.26258,iron ion binding
tr|S7V5F0|S7V5F0_DESML,GO:0016655,0.20050,"oxidoreductase activity, acting on NAD(P)H, quinone or similar compound as acceptor"
tr|S7V5F0|S7V5F0_DESML,GO:0016667,0.19401,"oxidoreductase activity, acting on a sulfur group of donors"
tr|S7V5F0|S7V5F0_DESML,GO:0003955,0.18636,NAD(P)H dehydrogenase (quinone) activity
tr|S7V5F0|S7V5F0_DESML,GO:0003954,0.16851,NADH dehydrogenase activity
tr|S7V5F0|S7V5F0_DESML,GO:0050136,0.15450,NADH dehydrogenase (quinone) activity
tr|S7V5F0|S7V5F0_DESML,GO:0048038,0.14721,quinone binding
tr|S8FBS3|S8FBS3_9BACT,GO:0016798,0.13266,"hydrolase activity, acting on glycosyl bonds"
tr|S8FBS3|S8FBS3_9BACT,GO:0004553,0.12761,"hydrolase activity, hydrolyzing O-glycosyl compounds"
tr|S9NVF1|S9NVF1_CYSF2,GO:0097367,0.10596,carbohydrate derivative binding
tr|S9SLW8|S9SLW8_PAEAL,GO:0140096,0.17743,"catalytic activity, acting on a protein"
tr|S9SLW8|S9SLW8_PAEAL,GO:0008233,0.11847,peptidase activity
tr|T0RVS3|T0RVS3_9BACT,GO:0097367,0.35590,carbohydrate derivative binding
tr|T0RVS3|T0RVS3_9BACT,GO:0032553,0.26678,ribonucleotide binding
tr|T0RVS3|T0RVS3_9BACT,GO:0032555,0.25125,purine ribonucleotide binding
tr|T0RVS3|T0RVS3_9BACT,GO:0035639,0.24594,purine ribonucleoside triphosphate binding
tr|T0RVS3|T0RVS3_9BACT,GO:0017076,0.23303,purine nucleotide binding
tr|T0RVS3|T0RVS3_9BACT,GO:0032559,0.11726,adenyl ribonucleotide binding
tr|T0RVS3|T0RVS3_9BACT,GO:0005524,0.11421,ATP binding
tr|T0RVS3|T0RVS3_9BACT,GO:0030554,0.10741,adenyl nucleotide binding
tr|T1C730|T1C730_9ZZZZ,GO:0003677,0.20856,DNA binding
tr|T1C730|T1C730_9ZZZZ,GO:0003723,0.20008,RNA binding
tr|T1C730|T1C730_9ZZZZ,GO:0003735,0.18883,structural constituent of ribosome
tr|T1C730|T1C730_9ZZZZ,GO:0019843,0.17337,rRNA binding
tr|T1C730|T1C730_9ZZZZ,GO:0005198,0.16838,structural molecule activity
tr|U1R3B8|U1R3B8_9PAST,GO:0003677,0.16333,DNA binding
tr|U2B7G9|U2B7G9_9PSED,GO:0016788,0.14430,"hydrolase activity, acting on ester bonds"
tr|U2B7G9|U2B7G9_9PSED,GO:0003723,0.13292,RNA binding
tr|U2IY26|U2IY26_9SPHI,GO:0004553,0.10673,"hydrolase activity, hydrolyzing O-glycosyl compounds"
tr|U2IY26|U2IY26_9SPHI,GO:0016798,0.10276,"hydrolase activity, acting on glycosyl bonds"
tr|U2JET0|U2JET0_9SPHI,GO:0016798,0.19668,"hydrolase activity, acting on glycosyl bonds"
tr|U2JET0|U2JET0_9SPHI,GO:0004553,0.17029,"hydrolase activity, hydrolyzing O-glycosyl compounds"
tr|U2TGF5|U2TGF5_9FIRM,GO:0140096,0.12539,"catalytic activity, acting on a protein"
tr|U4R5R1|U4R5R1_9FIRM,GO:0017076,0.99943,purine nucleotide binding
tr|U4R5R1|U4R5R1_9FIRM,GO:0030554,0.99925,adenyl nucleotide binding
tr|U4R5R1|U4R5R1_9FIRM,GO:0035639,0.99920,purine ribonucleoside triphosphate binding
tr|U4R5R1|U4R5R1_9FIRM,GO:0032555,0.99919,purine ribonucleotide binding
tr|U4R5R1|U4R5R1_9FIRM,GO:0032553,0.99910,ribonucleotide binding
tr|U4R5R1|U4R5R1_9FIRM,GO:0005524,0.99892,ATP binding
tr|U4R5R1|U4R5R1_9FIRM,GO:0097367,0.99892,carbohydrate derivative binding
tr|U4R5R1|U4R5R1_9FIRM,GO:0032559,0.99892,adenyl ribonucleotide binding
tr|U4R5R1|U4R5R1_9FIRM,GO:0051082,0.92609,unfolded protein binding
tr|U5C0K9|U5C0K9_9BACT,GO:0097367,0.17948,carbohydrate derivative binding
tr|U5C0K9|U5C0K9_9BACT,GO:0032553,0.14160,ribonucleotide binding
tr|U5C0K9|U5C0K9_9BACT,GO:0032555,0.13071,purine ribonucleotide binding
tr|U5C0K9|U5C0K9_9BACT,GO:0035639,0.12532,purine ribonucleoside triphosphate binding
tr|U5C0K9|U5C0K9_9BACT,GO:0017076,0.11929,purine nucleotide binding
tr|U5L3Q3|U5L3Q3_POPTO,GO:0140096,0.17106,"catalytic activity, acting on a protein"
tr|U5L3Q3|U5L3Q3_POPTO,GO:0097367,0.11622,carbohydrate derivative binding
tr|U5Q2N1|U5Q2N1_9BACT,GO:0016741,0.11555,"transferase activity, transferring one-carbon groups"
tr|U5Q4Z0|U5Q4Z0_9BACT,GO:0016798,0.15315,"hydrolase activity, acting on glycosyl bonds"
tr|U5Q4Z0|U5Q4Z0_9BACT,GO:0004553,0.13617,"hydrolase activity, hydrolyzing O-glycosyl compounds"
tr|U5Q7I2|U5Q7I2_9BACT,GO:0003677,0.12823,DNA binding
tr|U6EA74|U6EA74_9EURY,GO:0032553,0.97572,ribonucleotide binding
tr|U6EA74|U6EA74_9EURY,GO:0035639,0.97428,purine ribonucleoside triphosphate binding
tr|U6EA74|U6EA74_9EURY,GO:0097367,0.97401,carbohydrate derivative binding
tr|U6EA74|U6EA74_9EURY,GO:0032555,0.97387,purine ribonucleotide binding
tr|U6EA74|U6EA74_9EURY,GO:0017076,0.97198,purine nucleotide binding
tr|U6EA74|U6EA74_9EURY,GO:0005524,0.96595,ATP binding
tr|U6EA74|U6EA74_9EURY,GO:0032559,0.96564,adenyl ribonucleotide binding
tr|U6EA74|U6EA74_9EURY,GO:0030554,0.96319,adenyl nucleotide binding
tr|U6EA74|U6EA74_9EURY,GO:0051082,0.23026,unfolded protein binding
tr|U6EA90|U6EA90_9EURY,GO:0140096,0.55233,"catalytic activity, acting on a protein"
tr|U6EA90|U6EA90_9EURY,GO:0008233,0.48324,peptidase activity
tr|U6EA90|U6EA90_9EURY,GO:0004175,0.34772,endopeptidase activity
tr|U6EA90|U6EA90_9EURY,GO:0004298,0.26750,threonine-type endopeptidase activity
tr|U6EA90|U6EA90_9EURY,GO:0070003,0.26691,threonine-type peptidase activity
tr|U6EB36|U6EB36_9EURY,GO:0046914,0.29612,transition metal ion binding
tr|U6EB36|U6EB36_9EURY,GO:0140096,0.15579,"catalytic activity, acting on a protein"
tr|U6EB36|U6EB36_9EURY,GO:0016810,0.15087,"hydrolase activity, acting on carbon-nitrogen (but not peptide) bonds"
tr|U6EB36|U6EB36_9EURY,GO:0008270,0.13389,zinc ion binding
tr|U6EBR7|U6EBR7_9EURY,GO:0140096,0.13693,"catalytic activity, acting on a protein"
tr|U6EBR7|U6EBR7_9EURY,GO:0097367,0.13234,carbohydrate derivative binding
tr|U6EBR7|U6EBR7_9EURY,GO:0046914,0.11845,transition metal ion binding
tr|U6EBR7|U6EBR7_9EURY,GO:0032553,0.10765,ribonucleotide binding
tr|U6EBU8|U6EBU8_9EURY,GO:0015078,0.31928,proton transmembrane transporter activity
tr|U6EBU8|U6EBU8_9EURY,GO:0008324,0.29403,cation transmembrane transporter activity
tr|U6EBU8|U6EBU8_9EURY,GO:0015075,0.28406,ion transmembrane transporter activity
tr|U6EBU8|U6EBU8_9EURY,GO:0022857,0.28339,transmembrane transporter activity
tr|U6EBU8|U6EBU8_9EURY,GO:0022890,0.28011,inorganic cation transmembrane transporter activity
tr|U6EBU8|U6EBU8_9EURY,GO:0015318,0.27809,inorganic molecular entity transmembrane transporter activity
tr|U6EBU8|U6EBU8_9EURY,GO:0005215,0.27006,transporter activity
tr|U6EBU8|U6EBU8_9EURY,GO:0046933,0.24926,"proton-transporting ATP synthase activity, rotational mechanism"
tr|U6EBU8|U6EBU8_9EURY,GO:0015252,0.24756,proton channel activity
tr|U6EBU8|U6EBU8_9EURY,GO:0016874,0.23275,ligase activity
tr|U6EBU8|U6EBU8_9EURY,GO:0030554,0.21433,adenyl nucleotide binding
tr|U6EBU8|U6EBU8_9EURY,GO:0003723,0.21169,RNA binding
tr|U6EBU8|U6EBU8_9EURY,GO:0017076,0.19444,purine nucleotide binding
tr|U6EBU8|U6EBU8_9EURY,GO:0005261,0.17826,cation channel activity
tr|U6EBU8|U6EBU8_9EURY,GO:0097367,0.16716,carbohydrate derivative binding
tr|U6EBU8|U6EBU8_9EURY,GO:0032559,0.16536,adenyl ribonucleotide binding
tr|U6EBU8|U6EBU8_9EURY,GO:0005524,0.16403,ATP binding
tr|U6EBU8|U6EBU8_9EURY,GO:0032553,0.16202,ribonucleotide binding
tr|U6EBU8|U6EBU8_9EURY,GO:0015267,0.16141,channel activity
tr|U6EBU8|U6EBU8_9EURY,GO:0022803,0.16124,passive transmembrane transporter activity
tr|U6EBU8|U6EBU8_9EURY,GO:0005216,0.16006,ion channel activity
tr|U6EBU8|U6EBU8_9EURY,GO:0035639,0.14994,purine ribonucleoside triphosphate binding
tr|U6EBU8|U6EBU8_9EURY,GO:0032555,0.14994,purine ribonucleotide binding
tr|U6EBU8|U6EBU8_9EURY,GO:0009678,0.11300,pyrophosphate hydrolysis-driven proton transmembrane transporter activity
tr|U6EBU8|U6EBU8_9EURY,GO:0044769,0.10059,"ATPase activity, coupled to transmembrane movement of ions, rotational mechanism"
tr|U6EBU8|U6EBU8_9EURY,GO:0046961,0.10047,"proton-transporting ATPase activity, rotational mechanism"
tr|U6ECD7|U6ECD7_9EURY,GO:0003677,0.22718,DNA binding
tr|U6ECD7|U6ECD7_9EURY,GO:0046914,0.12724,transition metal ion binding
tr|U6ECM8|U6ECM8_9EURY,GO:0008233,0.11404,peptidase activity
tr|U6ECM8|U6ECM8_9EURY,GO:0016798,0.10771,"hydrolase activity, acting on glycosyl bonds"
tr|U6EDD7|U6EDD7_9EURY,GO:0003723,0.11987,RNA binding
tr|U6EDD7|U6EDD7_9EURY,GO:0046914,0.11482,transition metal ion binding
tr|U6EE04|U6EE04_9EURY,GO:0051536,0.69410,iron-sulfur cluster binding
tr|U6EE04|U6EE04_9EURY,GO:0051540,0.69389,metal cluster binding
tr|U6EE04|U6EE04_9EURY,GO:0051539,0.62475,"4 iron, 4 sulfur cluster binding"
tr|U6EE04|U6EE04_9EURY,GO:0046914,0.26777,transition metal ion binding
tr|U6EE04|U6EE04_9EURY,GO:0008270,0.12217,zinc ion binding
tr|U6EE04|U6EE04_9EURY,GO:0003723,0.10988,RNA binding
tr|U6EEA9|U6EEA9_9EURY,GO:0003677,0.17963,DNA binding
tr|U6EEC5|U6EEC5_9EURY,GO:0016829,0.16944,lyase activity
tr|U6EEC5|U6EEC5_9EURY,GO:0000287,0.12319,magnesium ion binding
tr|U6EEC5|U6EEC5_9EURY,GO:0046914,0.10820,transition metal ion binding
tr|U6EEC5|U6EEC5_9EURY,GO:0097367,0.10059,carbohydrate derivative binding
tr|U6EEP1|U6EEP1_9EURY,GO:0097367,0.17730,carbohydrate derivative binding
tr|U6EEP1|U6EEP1_9EURY,GO:0032553,0.15300,ribonucleotide binding
tr|U6EEP1|U6EEP1_9EURY,GO:0030554,0.13308,adenyl nucleotide binding
tr|U6EEP1|U6EEP1_9EURY,GO:0017076,0.13146,purine nucleotide binding
tr|U6EEP1|U6EEP1_9EURY,GO:0032559,0.12452,adenyl ribonucleotide binding
tr|U6EEP1|U6EEP1_9EURY,GO:0032555,0.12362,purine ribonucleotide binding
tr|U6EEP1|U6EEP1_9EURY,GO:0005524,0.12072,ATP binding
tr|U6EEP1|U6EEP1_9EURY,GO:0035639,0.11969,purine ribonucleoside triphosphate binding
tr|U6EF41|U6EF41_9EURY,GO:0008233,0.91696,peptidase activity
tr|U6EF41|U6EF41_9EURY,GO:0004298,0.89575,threonine-type endopeptidase activity
tr|U6EF41|U6EF41_9EURY,GO:0070003,0.89559,threonine-type peptidase activity
tr|U6EF41|U6EF41_9EURY,GO:0140096,0.86352,"catalytic activity, acting on a protein"
tr|U6EF41|U6EF41_9EURY,GO:0004175,0.85214,endopeptidase activity
tr|U6EF42|U6EF42_9EURY,GO:0051540,0.88267,metal cluster binding
tr|U6EF42|U6EF42_9EURY,GO:0051536,0.88263,iron-sulfur cluster binding
tr|U6EF42|U6EF42_9EURY,GO:0051539,0.82671,"4 iron, 4 sulfur cluster binding"
tr|U6EF42|U6EF42_9EURY,GO:0046914,0.27707,transition metal ion binding
tr|U6EF42|U6EF42_9EURY,GO:0005506,0.15501,iron ion binding
tr|U6EF42|U6EF42_9EURY,GO:0016829,0.10798,lyase activity
tr|U6EF83|U6EF83_9EURY,GO:0015075,0.22540,ion transmembrane transporter activity
tr|U6EF83|U6EF83_9EURY,GO:0022857,0.22045,transmembrane transporter activity
tr|U6EF83|U6EF83_9EURY,GO:0005215,0.20491,transporter activity
tr|U6EF83|U6EF83_9EURY,GO:0015318,0.17701,inorganic molecular entity transmembrane transporter activity
tr|U6EF83|U6EF83_9EURY,GO:0008324,0.14190,cation transmembrane transporter activity
tr|U6EF83|U6EF83_9EURY,GO:0022890,0.13175,inorganic cation transmembrane transporter activity
tr|U6EF83|U6EF83_9EURY,GO:0015078,0.12686,proton transmembrane transporter activity
tr|U6EF83|U6EF83_9EURY,GO:0016874,0.10372,ligase activity
tr|U7D7H7|U7D7H7_9BACT,GO:0022857,0.20993,transmembrane transporter activity
tr|U7D7H7|U7D7H7_9BACT,GO:0005215,0.20864,transporter activity
tr|U7D7H7|U7D7H7_9BACT,GO:0015075,0.15514,ion transmembrane transporter activity
tr|U7D7H7|U7D7H7_9BACT,GO:0022803,0.15397,passive transmembrane transporter activity
tr|U7D7H7|U7D7H7_9BACT,GO:0015267,0.15383,channel activity
tr|U7D7H7|U7D7H7_9BACT,GO:0015318,0.10704,inorganic molecular entity transmembrane transporter activity
tr|V4ALB7|V4ALB7_LOTGI,GO:0032555,0.96205,purine ribonucleotide binding
tr|V4ALB7|V4ALB7_LOTGI,GO:0097367,0.96200,carbohydrate derivative binding
tr|V4ALB7|V4ALB7_LOTGI,GO:0035639,0.96191,purine ribonucleoside triphosphate binding
tr|V4ALB7|V4ALB7_LOTGI,GO:0017076,0.95886,purine nucleotide binding
tr|V4ALB7|V4ALB7_LOTGI,GO:0032553,0.95634,ribonucleotide binding
tr|V4ALB7|V4ALB7_LOTGI,GO:0032559,0.92386,adenyl ribonucleotide binding
tr|V4ALB7|V4ALB7_LOTGI,GO:0005524,0.92305,ATP binding
tr|V4ALB7|V4ALB7_LOTGI,GO:0030554,0.91740,adenyl nucleotide binding
tr|V4ALB7|V4ALB7_LOTGI,GO:0017111,0.79521,nucleoside-triphosphatase activity
tr|V4ALB7|V4ALB7_LOTGI,GO:0016817,0.78316,"hydrolase activity, acting on acid anhydrides"
tr|V4ALB7|V4ALB7_LOTGI,GO:0016818,0.78265,"hydrolase activity, acting on acid anhydrides, in phosphorus-containing anhydrides"
tr|V4ALB7|V4ALB7_LOTGI,GO:0016462,0.76659,pyrophosphatase activity
tr|V4ALB7|V4ALB7_LOTGI,GO:0016887,0.72023,ATPase activity
tr|V4ALB7|V4ALB7_LOTGI,GO:0004386,0.30357,helicase activity
tr|V4ALB7|V4ALB7_LOTGI,GO:0140096,0.12244,"catalytic activity, acting on a protein"
tr|V5EMR2|V5EMR2_PHOLE,GO:0003677,0.90806,DNA binding
tr|V5EMR2|V5EMR2_PHOLE,GO:0140110,0.31655,transcription regulator activity
tr|V5EMR2|V5EMR2_PHOLE,GO:0003700,0.30878,DNA-binding transcription factor activity
tr|V5EMR2|V5EMR2_PHOLE,GO:0043565,0.22818,sequence-specific DNA binding
tr|V5WH45|V5WH45_9SPIO,GO:0046914,0.12775,transition metal ion binding
tr|V6DLT5|V6DLT5_9LACO,GO:0003723,0.16613,RNA binding
tr|V6DLT5|V6DLT5_9LACO,GO:0003677,0.13663,DNA binding
tr|V6DLT5|V6DLT5_9LACO,GO:0016788,0.10334,"hydrolase activity, acting on ester bonds"
tr|V7I6J0|V7I6J0_9CLOT,GO:0016798,0.16834,"hydrolase activity, acting on glycosyl bonds"
tr|V7I6J0|V7I6J0_9CLOT,GO:0004553,0.11625,"hydrolase activity, hydrolyzing O-glycosyl compounds"
tr|V9H2A5|V9H2A5_9CLOT,GO:0017076,0.99952,purine nucleotide binding
tr|V9H2A5|V9H2A5_9CLOT,GO:0030554,0.99948,adenyl nucleotide binding
tr|V9H2A5|V9H2A5_9CLOT,GO:0032555,0.99934,purine ribonucleotide binding
tr|V9H2A5|V9H2A5_9CLOT,GO:0035639,0.99934,purine ribonucleoside triphosphate binding
tr|V9H2A5|V9H2A5_9CLOT,GO:0032559,0.99928,adenyl ribonucleotide binding
tr|V9H2A5|V9H2A5_9CLOT,GO:0005524,0.99926,ATP binding
tr|V9H2A5|V9H2A5_9CLOT,GO:0032553,0.99926,ribonucleotide binding
tr|V9H2A5|V9H2A5_9CLOT,GO:0097367,0.99912,carbohydrate derivative binding
tr|V9H2A5|V9H2A5_9CLOT,GO:0051082,0.91899,unfolded protein binding
tr|W0F2C4|W0F2C4_9BACT,GO:0016798,0.17456,"hydrolase activity, acting on glycosyl bonds"
tr|W0F2C4|W0F2C4_9BACT,GO:0004553,0.17045,"hydrolase activity, hydrolyzing O-glycosyl compounds"
tr|W0FJJ4|W0FJJ4_9BACT,GO:0097367,0.12645,carbohydrate derivative binding
tr|W0FJJ4|W0FJJ4_9BACT,GO:0046914,0.11347,transition metal ion binding
tr|W0FJJ4|W0FJJ4_9BACT,GO:0032553,0.10422,ribonucleotide binding
tr|W0FJK1|W0FJK1_9BACT,GO:0046914,0.10399,transition metal ion binding
tr|W0FQ61|W0FQ61_9BACT,GO:0032550,1.00000,purine ribonucleoside binding
tr|W0FQ61|W0FQ61_9BACT,GO:0032549,1.00000,ribonucleoside binding
tr|W0FQ61|W0FQ61_9BACT,GO:0019001,1.00000,guanyl nucleotide binding
tr|W0FQ61|W0FQ61_9BACT,GO:0032561,1.00000,guanyl ribonucleotide binding
tr|W0FQ61|W0FQ61_9BACT,GO:0005525,1.00000,GTP binding
tr|W0FQ61|W0FQ61_9BACT,GO:0001883,1.00000,purine nucleoside binding
tr|W0FQ61|W0FQ61_9BACT,GO:0001882,1.00000,nucleoside binding
tr|W0FQ61|W0FQ61_9BACT,GO:0003924,1.00000,GTPase activity
tr|W0FQ61|W0FQ61_9BACT,GO:0016818,1.00000,"hydrolase activity, acting on acid anhydrides, in phosphorus-containing anhydrides"
tr|W0FQ61|W0FQ61_9BACT,GO:0016817,1.00000,"hydrolase activity, acting on acid anhydrides"
tr|W0FQ61|W0FQ61_9BACT,GO:0016462,1.00000,pyrophosphatase activity
tr|W0FQ61|W0FQ61_9BACT,GO:0032553,0.99999,ribonucleotide binding
tr|W0FQ61|W0FQ61_9BACT,GO:0097367,0.99999,carbohydrate derivative binding
tr|W0FQ61|W0FQ61_9BACT,GO:0008135,0.99999,"translation factor activity, RNA binding"
tr|W0FQ61|W0FQ61_9BACT,GO:0090079,0.99999,"translation regulator activity, nucleic acid binding"
tr|W0FQ61|W0FQ61_9BACT,GO:0045182,0.99999,translation regulator activity
tr|W0FQ61|W0FQ61_9BACT,GO:0017111,0.99999,nucleoside-triphosphatase activity
tr|W0FQ61|W0FQ61_9BACT,GO:0035639,0.99998,purine ribonucleoside triphosphate binding
tr|W0FQ61|W0FQ61_9BACT,GO:0032555,0.99998,purine ribonucleotide binding
tr|W0FQ61|W0FQ61_9BACT,GO:0017076,0.99998,purine nucleotide binding
tr|W0FQ61|W0FQ61_9BACT,GO:0003723,0.99925,RNA binding
tr|W0FQ61|W0FQ61_9BACT,GO:0003746,0.99887,translation elongation factor activity
tr|W0FQ61|W0FQ61_9BACT,GO:0003743,0.10805,translation initiation factor activity
tr|W0J1Z1|W0J1Z1_9BACT,GO:0097367,0.14332,carbohydrate derivative binding
tr|W0J1Z1|W0J1Z1_9BACT,GO:0032553,0.12378,ribonucleotide binding
tr|W0RQC1|W0RQC1_9BACT,GO:0016798,0.13481,"hydrolase activity, acting on glycosyl bonds"
tr|W0RQC1|W0RQC1_9BACT,GO:0004553,0.11751,"hydrolase activity, hydrolyzing O-glycosyl compounds"
tr|W0RST4|W0RST4_9BACT,GO:0097367,0.14735,carbohydrate derivative binding
tr|W0RST4|W0RST4_9BACT,GO:0032553,0.10858,ribonucleotide binding
tr|W1N968|W1N968_9GAMM,GO:0003677,0.10079,DNA binding
tr|W2CK11|W2CK11_9BACT,GO:0016798,0.13277,"hydrolase activity, acting on glycosyl bonds"
tr|W2CK11|W2CK11_9BACT,GO:0097367,0.11704,carbohydrate derivative binding
tr|W2CK11|W2CK11_9BACT,GO:0004553,0.10700,"hydrolase activity, hydrolyzing O-glycosyl compounds"
tr|W2KME0|W2KME0_PHYNI,GO:0032555,0.67028,purine ribonucleotide binding
tr|W2KME0|W2KME0_PHYNI,GO:0035639,0.66457,purine ribonucleoside triphosphate binding
tr|W2KME0|W2KME0_PHYNI,GO:0017076,0.65183,purine nucleotide binding
tr|W2KME0|W2KME0_PHYNI,GO:0097367,0.64098,carbohydrate derivative binding
tr|W2KME0|W2KME0_PHYNI,GO:0032553,0.61065,ribonucleotide binding
tr|W2KME0|W2KME0_PHYNI,GO:0032559,0.33951,adenyl ribonucleotide binding
tr|W2KME0|W2KME0_PHYNI,GO:0005524,0.33655,ATP binding
tr|W2KME0|W2KME0_PHYNI,GO:0030554,0.31845,adenyl nucleotide binding
tr|W2L0L2|W2L0L2_PHYNI,GO:0097367,0.17899,carbohydrate derivative binding
tr|W2L0L2|W2L0L2_PHYNI,GO:0032553,0.16796,ribonucleotide binding
tr|W2L0L2|W2L0L2_PHYNI,GO:0140096,0.16398,"catalytic activity, acting on a protein"
tr|W2L0L2|W2L0L2_PHYNI,GO:0032555,0.15231,purine ribonucleotide binding
tr|W2L0L2|W2L0L2_PHYNI,GO:0035639,0.14577,purine ribonucleoside triphosphate binding
tr|W2L0L2|W2L0L2_PHYNI,GO:0017076,0.14503,purine nucleotide binding
tr|W2L0L2|W2L0L2_PHYNI,GO:0032559,0.10378,adenyl ribonucleotide binding
tr|W2L0L2|W2L0L2_PHYNI,GO:0005524,0.10084,ATP binding
tr|W2L3G7|W2L3G7_PHYNI,GO:0017076,0.99989,purine nucleotide binding
tr|W2L3G7|W2L3G7_PHYNI,GO:0035639,0.99987,purine ribonucleoside triphosphate binding
tr|W2L3G7|W2L3G7_PHYNI,GO:0032555,0.99987,purine ribonucleotide binding
tr|W2L3G7|W2L3G7_PHYNI,GO:0032553,0.99981,ribonucleotide binding
tr|W2L3G7|W2L3G7_PHYNI,GO:0097367,0.99975,carbohydrate derivative binding
tr|W2L3G7|W2L3G7_PHYNI,GO:0030554,0.99681,adenyl nucleotide binding
tr|W2L3G7|W2L3G7_PHYNI,GO:0005524,0.99635,ATP binding
tr|W2L3G7|W2L3G7_PHYNI,GO:0032559,0.99626,adenyl ribonucleotide binding
tr|W2L3G7|W2L3G7_PHYNI,GO:0017111,0.46185,nucleoside-triphosphatase activity
tr|W2L3G7|W2L3G7_PHYNI,GO:0016462,0.38931,pyrophosphatase activity
tr|W2L3G7|W2L3G7_PHYNI,GO:0016818,0.35861,"hydrolase activity, acting on acid anhydrides, in phosphorus-containing anhydrides"
tr|W2L3G7|W2L3G7_PHYNI,GO:0016817,0.35414,"hydrolase activity, acting on acid anhydrides"
tr|W2L3G7|W2L3G7_PHYNI,GO:0016887,0.11018,ATPase activity
tr|W2LNG5|W2LNG5_PHYNI,GO:0003677,0.15532,DNA binding
tr|W2LNG5|W2LNG5_PHYNI,GO:0046914,0.15502,transition metal ion binding
tr|W2LNG5|W2LNG5_PHYNI,GO:0008270,0.11020,zinc ion binding
tr|W2MFK2|W2MFK2_PHYNI,GO:0097367,0.37651,carbohydrate derivative binding
tr|W2MFK2|W2MFK2_PHYNI,GO:0030554,0.32532,adenyl nucleotide binding
tr|W2MFK2|W2MFK2_PHYNI,GO:0017076,0.30388,purine nucleotide binding
tr|W2MFK2|W2MFK2_PHYNI,GO:0032559,0.28238,adenyl ribonucleotide binding
tr|W2MFK2|W2MFK2_PHYNI,GO:0005524,0.27506,ATP binding
tr|W2MFK2|W2MFK2_PHYNI,GO:0032553,0.27218,ribonucleotide binding
tr|W2MFK2|W2MFK2_PHYNI,GO:0032555,0.26336,purine ribonucleotide binding
tr|W2MFK2|W2MFK2_PHYNI,GO:0035639,0.26086,purine ribonucleoside triphosphate binding
tr|W2MFK2|W2MFK2_PHYNI,GO:0140096,0.13213,"catalytic activity, acting on a protein"
tr|W2NEK5|W2NEK5_PHYNI,GO:0003723,0.49864,RNA binding
tr|W2NEK5|W2NEK5_PHYNI,GO:0017076,0.12428,purine nucleotide binding
tr|W2NEK5|W2NEK5_PHYNI,GO:0097367,0.11142,carbohydrate derivative binding
tr|W2NEK5|W2NEK5_PHYNI,GO:0032555,0.10994,purine ribonucleotide binding
tr|W2NEK5|W2NEK5_PHYNI,GO:0035639,0.10499,purine ribonucleoside triphosphate binding
tr|W2NEK5|W2NEK5_PHYNI,GO:0032553,0.10270,ribonucleotide binding
tr|W2NU56|W2NU56_PHYNI,GO:0097367,0.17246,carbohydrate derivative binding
tr|W2NU56|W2NU56_PHYNI,GO:0017076,0.15530,purine nucleotide binding
tr|W2NU56|W2NU56_PHYNI,GO:0032553,0.15279,ribonucleotide binding
tr|W2NU56|W2NU56_PHYNI,GO:0030554,0.13773,adenyl nucleotide binding
tr|W2NU56|W2NU56_PHYNI,GO:0032555,0.13617,purine ribonucleotide binding
tr|W2NU56|W2NU56_PHYNI,GO:0035639,0.13328,purine ribonucleoside triphosphate binding
tr|W2NU56|W2NU56_PHYNI,GO:0032559,0.11995,adenyl ribonucleotide binding
tr|W2NU56|W2NU56_PHYNI,GO:0005524,0.11876,ATP binding
tr|W2UQK8|W2UQK8_9FLAO,GO:0140096,0.12524,"catalytic activity, acting on a protein"
tr|W2UQK8|W2UQK8_9FLAO,GO:0016798,0.10557,"hydrolase activity, acting on glycosyl bonds"
tr|W4B4Y3|W4B4Y3_9BACL,GO:0097367,0.13301,carbohydrate derivative binding
tr|W4B4Y3|W4B4Y3_9BACL,GO:0017076,0.12107,purine nucleotide binding
tr|W4B4Y3|W4B4Y3_9BACL,GO:0032553,0.11483,ribonucleotide binding
tr|W4B4Y3|W4B4Y3_9BACL,GO:0030554,0.10762,adenyl nucleotide binding
tr|W4B4Y3|W4B4Y3_9BACL,GO:0032555,0.10467,purine ribonucleotide binding
tr|W4B4Y3|W4B4Y3_9BACL,GO:0003723,0.10261,RNA binding
tr|W4B4Y3|W4B4Y3_9BACL,GO:0035639,0.10242,purine ribonucleoside triphosphate binding
tr|W4LWG6|W4LWG6_ENTF1,GO:0016616,0.79146,"oxidoreductase activity, acting on the CH-OH group of donors, NAD or NADP as acceptor"
tr|W4LWG6|W4LWG6_ENTF1,GO:0016614,0.78633,"oxidoreductase activity, acting on CH-OH group of donors"
tr|W4LWG6|W4LWG6_ENTF1,GO:0030060,0.28627,L-malate dehydrogenase activity
tr|W4LWG6|W4LWG6_ENTF1,GO:0016615,0.27438,malate dehydrogenase activity
tr|W4LXG6|W4LXG6_9BACT,GO:0016614,0.80651,"oxidoreductase activity, acting on CH-OH group of donors"
tr|W4LXG6|W4LXG6_9BACT,GO:0016616,0.80499,"oxidoreductase activity, acting on the CH-OH group of donors, NAD or NADP as acceptor"
tr|W4LXG6|W4LXG6_9BACT,GO:0030060,0.30754,L-malate dehydrogenase activity
tr|W4LXG6|W4LXG6_9BACT,GO:0016615,0.29736,malate dehydrogenase activity
tr|W4M898|W4M898_9BACT,GO:0097367,0.11039,carbohydrate derivative binding
tr|W4P5J8|W4P5J8_9BACE,GO:0097367,0.13295,carbohydrate derivative binding
tr|W4P5J8|W4P5J8_9BACE,GO:0016798,0.11356,"hydrolase activity, acting on glycosyl bonds"
tr|W4UPQ7|W4UPQ7_9BACE,GO:0097367,0.12093,carbohydrate derivative binding
tr|W4V5X5|W4V5X5_9FIRM,GO:0016620,0.99980,"oxidoreductase activity, acting on the aldehyde or oxo group of donors, NAD or NADP as acceptor"
tr|W4V5X5|W4V5X5_9FIRM,GO:0016903,0.99967,"oxidoreductase activity, acting on the aldehyde or oxo group of donors"
tr|W4V5X5|W4V5X5_9FIRM,GO:0043891,0.94504,glyceraldehyde-3-phosphate dehydrogenase (NAD(P)+) (phosphorylating) activity
tr|W4V5X5|W4V5X5_9FIRM,GO:0004365,0.93436,glyceraldehyde-3-phosphate dehydrogenase (NAD+) (phosphorylating) activity
tr|W4V5X5|W4V5X5_9FIRM,GO:0050661,0.92686,NADP binding
tr|W4V5X5|W4V5X5_9FIRM,GO:0051287,0.92651,NAD binding
tr|W6M789|W6M789_9GAMM,GO:0016798,0.16606,"hydrolase activity, acting on glycosyl bonds"
tr|W6M789|W6M789_9GAMM,GO:0004553,0.13484,"hydrolase activity, hydrolyzing O-glycosyl compounds"
tr|W6M789|W6M789_9GAMM,GO:0017171,0.10216,serine hydrolase activity
tr|W6M789|W6M789_9GAMM,GO:0008236,0.10198,serine-type peptidase activity
tr|W6M789|W6M789_9GAMM,GO:0008233,0.10113,peptidase activity
tr|W6U0Y7|W6U0Y7_9SPHI,GO:0016798,0.17153,"hydrolase activity, acting on glycosyl bonds"
tr|W6U0Y7|W6U0Y7_9SPHI,GO:0004553,0.15489,"hydrolase activity, hydrolyzing O-glycosyl compounds"
tr|W7KQA8|W7KQA8_CYTFI,GO:0022857,0.10593,transmembrane transporter activity
tr|W7KQA8|W7KQA8_CYTFI,GO:0005215,0.10233,transporter activity
tr|W7TAE0|W7TAE0_KUTS7,GO:0097367,0.44156,carbohydrate derivative binding
tr|W7TAE0|W7TAE0_KUTS7,GO:0032553,0.30774,ribonucleotide binding
tr|W7TAE0|W7TAE0_KUTS7,GO:0032555,0.24027,purine ribonucleotide binding
tr|W7TAE0|W7TAE0_KUTS7,GO:0035639,0.23451,purine ribonucleoside triphosphate binding
tr|W7TAE0|W7TAE0_KUTS7,GO:0017076,0.22720,purine nucleotide binding
tr|W7TAE0|W7TAE0_KUTS7,GO:0004553,0.17935,"hydrolase activity, hydrolyzing O-glycosyl compounds"
tr|W7TAE0|W7TAE0_KUTS7,GO:0016798,0.13901,"hydrolase activity, acting on glycosyl bonds"
tr|W7TAE0|W7TAE0_KUTS7,GO:0008233,0.13878,peptidase activity
tr|W7YJ12|W7YJ12_9BACT,GO:0097367,0.17424,carbohydrate derivative binding
tr|W7YJ12|W7YJ12_9BACT,GO:0032553,0.12971,ribonucleotide binding
tr|W7YJ12|W7YJ12_9BACT,GO:0032555,0.10668,purine ribonucleotide binding
tr|W7YJ12|W7YJ12_9BACT,GO:0035639,0.10114,purine ribonucleoside triphosphate binding
tr|W8QZ56|W8QZ56_STUST,GO:0140096,0.11365,"catalytic activity, acting on a protein"
tr|W8U908|W8U908_PEPAC,GO:0097367,0.33283,carbohydrate derivative binding
tr|W8U908|W8U908_PEPAC,GO:0032553,0.29710,ribonucleotide binding
tr|W8U908|W8U908_PEPAC,GO:0032555,0.28937,purine ribonucleotide binding
tr|W8U908|W8U908_PEPAC,GO:0035639,0.28310,purine ribonucleoside triphosphate binding
tr|W8U908|W8U908_PEPAC,GO:0017076,0.26756,purine nucleotide binding
tr|W8U908|W8U908_PEPAC,GO:0032559,0.11763,adenyl ribonucleotide binding
tr|W8U908|W8U908_PEPAC,GO:0005524,0.11499,ATP binding
tr|W8U908|W8U908_PEPAC,GO:0030554,0.10697,adenyl nucleotide binding
tr|W8ZLB9|W8ZLB9_9BACL,GO:0097367,0.14774,carbohydrate derivative binding
tr|W9NZ45|W9NZ45_FUSOX,GO:0003677,0.18641,DNA binding
tr|W9NZ45|W9NZ45_FUSOX,GO:0097367,0.14675,carbohydrate derivative binding
tr|W9NZ45|W9NZ45_FUSOX,GO:0008270,0.14574,zinc ion binding
tr|W9NZ45|W9NZ45_FUSOX,GO:0046914,0.13611,transition metal ion binding
tr|W9NZ45|W9NZ45_FUSOX,GO:0140096,0.12675,"catalytic activity, acting on a protein"
tr|W9NZ45|W9NZ45_FUSOX,GO:0032553,0.11035,ribonucleotide binding
tr|X0RFZ0|X0RFZ0_9ZZZZ,GO:0140096,0.12966,"catalytic activity, acting on a protein"
tr|X0S5R9|X0S5R9_9ZZZZ,GO:0016614,0.11344,"oxidoreductase activity, acting on CH-OH group of donors"
tr|X0S5R9|X0S5R9_9ZZZZ,GO:0016616,0.10127,"oxidoreductase activity, acting on the CH-OH group of donors, NAD or NADP as acceptor"
tr|X0S989|X0S989_9ZZZZ,GO:0046914,0.30373,transition metal ion binding
tr|X0S989|X0S989_9ZZZZ,GO:0005506,0.15763,iron ion binding
tr|X0S989|X0S989_9ZZZZ,GO:0008270,0.12944,zinc ion binding
tr|X0S989|X0S989_9ZZZZ,GO:0003723,0.11642,RNA binding
tr|X0S989|X0S989_9ZZZZ,GO:0003677,0.11485,DNA binding
tr|X0SCD5|X0SCD5_9ZZZZ,GO:0005198,0.12069,structural molecule activity
tr|X0SDX9|X0SDX9_9ZZZZ,GO:0140096,0.12156,"catalytic activity, acting on a protein"
tr|X0SGC5|X0SGC5_9ZZZZ,GO:0016798,0.36380,"hydrolase activity, acting on glycosyl bonds"
tr|X0SGC5|X0SGC5_9ZZZZ,GO:0004553,0.32330,"hydrolase activity, hydrolyzing O-glycosyl compounds"
tr|X0SGC5|X0SGC5_9ZZZZ,GO:0008233,0.10306,peptidase activity
tr|X0SU14|X0SU14_9ZZZZ,GO:0016798,0.20436,"hydrolase activity, acting on glycosyl bonds"
tr|X0SU14|X0SU14_9ZZZZ,GO:0008233,0.15416,peptidase activity
tr|X0SU14|X0SU14_9ZZZZ,GO:0004553,0.13764,"hydrolase activity, hydrolyzing O-glycosyl compounds"
tr|X0SU14|X0SU14_9ZZZZ,GO:0140096,0.11456,"catalytic activity, acting on a protein"
tr|X0T7S4|X0T7S4_9ZZZZ,GO:0016772,0.17018,"transferase activity, transferring phosphorus-containing groups"
tr|X0T7S4|X0T7S4_9ZZZZ,GO:0097367,0.15701,carbohydrate derivative binding
tr|X0T7S4|X0T7S4_9ZZZZ,GO:0032553,0.13703,ribonucleotide binding
tr|X0T7S4|X0T7S4_9ZZZZ,GO:0017076,0.13165,purine nucleotide binding
tr|X0T7S4|X0T7S4_9ZZZZ,GO:0032555,0.12834,purine ribonucleotide binding
tr|X0T7S4|X0T7S4_9ZZZZ,GO:0035639,0.12537,purine ribonucleoside triphosphate binding
tr|X0T7S4|X0T7S4_9ZZZZ,GO:0016788,0.10046,"hydrolase activity, acting on ester bonds"
tr|X0TRV5|X0TRV5_9ZZZZ,GO:0032555,0.99945,purine ribonucleotide binding
tr|X0TRV5|X0TRV5_9ZZZZ,GO:0035639,0.99945,purine ribonucleoside triphosphate binding
tr|X0TRV5|X0TRV5_9ZZZZ,GO:0017076,0.99941,purine nucleotide binding
tr|X0TRV5|X0TRV5_9ZZZZ,GO:0032553,0.99939,ribonucleotide binding
tr|X0TRV5|X0TRV5_9ZZZZ,GO:0005524,0.99927,ATP binding
tr|X0TRV5|X0TRV5_9ZZZZ,GO:0032559,0.99927,adenyl ribonucleotide binding
tr|X0TRV5|X0TRV5_9ZZZZ,GO:0097367,0.99925,carbohydrate derivative binding
tr|X0TRV5|X0TRV5_9ZZZZ,GO:0030554,0.99922,adenyl nucleotide binding
tr|X0TRV5|X0TRV5_9ZZZZ,GO:0015078,0.98966,proton transmembrane transporter activity
tr|X0TRV5|X0TRV5_9ZZZZ,GO:0015075,0.98869,ion transmembrane transporter activity
tr|X0TRV5|X0TRV5_9ZZZZ,GO:0022857,0.98735,transmembrane transporter activity
tr|X0TRV5|X0TRV5_9ZZZZ,GO:0005215,0.98535,transporter activity
tr|X0TRV5|X0TRV5_9ZZZZ,GO:0022890,0.98265,inorganic cation transmembrane transporter activity
tr|X0TRV5|X0TRV5_9ZZZZ,GO:0008324,0.98252,cation transmembrane transporter activity
tr|X0TRV5|X0TRV5_9ZZZZ,GO:0015318,0.98243,inorganic molecular entity transmembrane transporter activity
tr|X0TRV5|X0TRV5_9ZZZZ,GO:0046933,0.97725,"proton-transporting ATP synthase activity, rotational mechanism"
tr|X0TRV5|X0TRV5_9ZZZZ,GO:0015252,0.97722,proton channel activity
tr|X0TRV5|X0TRV5_9ZZZZ,GO:0005261,0.95919,cation channel activity
tr|X0TRV5|X0TRV5_9ZZZZ,GO:0005216,0.95713,ion channel activity
tr|X0TRV5|X0TRV5_9ZZZZ,GO:0022803,0.95487,passive transmembrane transporter activity
tr|X0TRV5|X0TRV5_9ZZZZ,GO:0015267,0.95484,channel activity
tr|X0TRV5|X0TRV5_9ZZZZ,GO:0016874,0.88615,ligase activity
tr|X0TRV5|X0TRV5_9ZZZZ,GO:0042625,0.34159,ATPase-coupled ion transmembrane transporter activity
tr|X0TRV5|X0TRV5_9ZZZZ,GO:0022853,0.32195,active ion transmembrane transporter activity
tr|X0TRV5|X0TRV5_9ZZZZ,GO:0042626,0.31359,ATPase-coupled transmembrane transporter activity
tr|X0TRV5|X0TRV5_9ZZZZ,GO:0015399,0.30518,primary active transmembrane transporter activity
tr|X0TRV5|X0TRV5_9ZZZZ,GO:0022804,0.29176,active transmembrane transporter activity
tr|X0TRV5|X0TRV5_9ZZZZ,GO:0019829,0.23287,ATPase-coupled cation transmembrane transporter activity
tr|X0TRV5|X0TRV5_9ZZZZ,GO:0009678,0.22498,pyrophosphate hydrolysis-driven proton transmembrane transporter activity
tr|X0TRV5|X0TRV5_9ZZZZ,GO:0044769,0.19189,"ATPase activity, coupled to transmembrane movement of ions, rotational mechanism"
tr|X0TRV5|X0TRV5_9ZZZZ,GO:0046961,0.18453,"proton-transporting ATPase activity, rotational mechanism"
tr|X0UFW8|X0UFW8_9ZZZZ,GO:0016798,0.23471,"hydrolase activity, acting on glycosyl bonds"
tr|X0UFW8|X0UFW8_9ZZZZ,GO:0140096,0.22681,"catalytic activity, acting on a protein"
tr|X0UFW8|X0UFW8_9ZZZZ,GO:0016829,0.21409,lyase activity
tr|X0UFW8|X0UFW8_9ZZZZ,GO:0004553,0.19375,"hydrolase activity, hydrolyzing O-glycosyl compounds"
tr|X0UFW8|X0UFW8_9ZZZZ,GO:0008233,0.17274,peptidase activity
tr|X0UFW8|X0UFW8_9ZZZZ,GO:0016788,0.10685,"hydrolase activity, acting on ester bonds"
tr|X0UKX3|X0UKX3_9ZZZZ,GO:0004553,0.44444,"hydrolase activity, hydrolyzing O-glycosyl compounds"
tr|X0UKX3|X0UKX3_9ZZZZ,GO:0016798,0.42760,"hydrolase activity, acting on glycosyl bonds"
tr|X0UKX3|X0UKX3_9ZZZZ,GO:0008233,0.21994,peptidase activity
tr|X0UKX3|X0UKX3_9ZZZZ,GO:0140096,0.19526,"catalytic activity, acting on a protein"
tr|X0UKX3|X0UKX3_9ZZZZ,GO:0030246,0.17173,carbohydrate binding
tr|X0UKX3|X0UKX3_9ZZZZ,GO:0005509,0.12165,calcium ion binding
tr|X0UKX3|X0UKX3_9ZZZZ,GO:0015926,0.11813,glucosidase activity
tr|X0UKX3|X0UKX3_9ZZZZ,GO:0016788,0.10595,"hydrolase activity, acting on ester bonds"
tr|X0UQK9|X0UQK9_9ZZZZ,GO:0140096,0.21246,"catalytic activity, acting on a protein"
tr|X0UQK9|X0UQK9_9ZZZZ,GO:0090729,0.17217,toxin activity
tr|X0UQK9|X0UQK9_9ZZZZ,GO:0008233,0.14157,peptidase activity
tr|X0UQK9|X0UQK9_9ZZZZ,GO:0004553,0.12884,"hydrolase activity, hydrolyzing O-glycosyl compounds"
tr|X0UQK9|X0UQK9_9ZZZZ,GO:0016798,0.11320,"hydrolase activity, acting on glycosyl bonds"
tr|X0UQK9|X0UQK9_9ZZZZ,GO:0005509,0.10122,calcium ion binding
tr|X0VC43|X0VC43_9ZZZZ,GO:0005215,0.15592,transporter activity
tr|X0VC43|X0VC43_9ZZZZ,GO:0022857,0.15449,transmembrane transporter activity
tr|X0VC43|X0VC43_9ZZZZ,GO:0015075,0.13442,ion transmembrane transporter activity
tr|X0VC43|X0VC43_9ZZZZ,GO:0015318,0.10989,inorganic molecular entity transmembrane transporter activity
tr|X0VC43|X0VC43_9ZZZZ,GO:0140096,0.10850,"catalytic activity, acting on a protein"
tr|X0W391|X0W391_9ZZZZ,GO:0140096,0.14966,"catalytic activity, acting on a protein"
tr|X0W391|X0W391_9ZZZZ,GO:0004553,0.12411,"hydrolase activity, hydrolyzing O-glycosyl compounds"
tr|X0W391|X0W391_9ZZZZ,GO:0016798,0.11931,"hydrolase activity, acting on glycosyl bonds"
tr|X0W649|X0W649_9ZZZZ,GO:0016798,0.10303,"hydrolase activity, acting on glycosyl bonds"
tr|X0YL97|X0YL97_9ZZZZ,GO:0097367,0.17817,carbohydrate derivative binding
tr|X0YL97|X0YL97_9ZZZZ,GO:0032553,0.16595,ribonucleotide binding
tr|X0YL97|X0YL97_9ZZZZ,GO:0032555,0.13498,purine ribonucleotide binding
tr|X0YL97|X0YL97_9ZZZZ,GO:0035639,0.12902,purine ribonucleoside triphosphate binding
tr|X0YL97|X0YL97_9ZZZZ,GO:0017076,0.12767,purine nucleotide binding
tr|X0YL97|X0YL97_9ZZZZ,GO:0032559,0.11469,adenyl ribonucleotide binding
tr|X0YL97|X0YL97_9ZZZZ,GO:0005524,0.11034,ATP binding
tr|X0YL97|X0YL97_9ZZZZ,GO:0030554,0.10904,adenyl nucleotide binding
tr|X0YL97|X0YL97_9ZZZZ,GO:0140096,0.10211,"catalytic activity, acting on a protein"
tr|X0YSG8|X0YSG8_9ZZZZ,GO:0140096,0.17995,"catalytic activity, acting on a protein"
tr|X0YSG8|X0YSG8_9ZZZZ,GO:0004553,0.13652,"hydrolase activity, hydrolyzing O-glycosyl compounds"
tr|X0YSG8|X0YSG8_9ZZZZ,GO:0016798,0.12016,"hydrolase activity, acting on glycosyl bonds"
tr|X0YSG8|X0YSG8_9ZZZZ,GO:0016788,0.10809,"hydrolase activity, acting on ester bonds"
tr|X0ZLF6|X0ZLF6_9ZZZZ,GO:0016798,0.18988,"hydrolase activity, acting on glycosyl bonds"
tr|X0ZLF6|X0ZLF6_9ZZZZ,GO:0004553,0.14022,"hydrolase activity, hydrolyzing O-glycosyl compounds"
tr|X0ZLF6|X0ZLF6_9ZZZZ,GO:0140096,0.12908,"catalytic activity, acting on a protein"
tr|X0ZLF6|X0ZLF6_9ZZZZ,GO:0008233,0.10285,peptidase activity
tr|X0ZSC7|X0ZSC7_9ZZZZ,GO:0016741,0.97557,"transferase activity, transferring one-carbon groups"
tr|X0ZSC7|X0ZSC7_9ZZZZ,GO:0016742,0.88450,"hydroxymethyl-, formyl- and related transferase activity"
tr|X1AGG7|X1AGG7_9ZZZZ,GO:0003677,0.10953,DNA binding
tr|X1AGG7|X1AGG7_9ZZZZ,GO:0140096,0.10206,"catalytic activity, acting on a protein"
tr|X1C114|X1C114_9ZZZZ,GO:0140096,0.16799,"catalytic activity, acting on a protein"
tr|X1C114|X1C114_9ZZZZ,GO:0016741,0.15395,"transferase activity, transferring one-carbon groups"
tr|X1C114|X1C114_9ZZZZ,GO:0008168,0.12646,methyltransferase activity
tr|X1C6G6|X1C6G6_9ZZZZ,GO:0003677,0.15764,DNA binding
tr|X1C6G6|X1C6G6_9ZZZZ,GO:0016788,0.10752,"hydrolase activity, acting on ester bonds"
tr|X1CMG3|X1CMG3_9ZZZZ,GO:0140096,0.16985,"catalytic activity, acting on a protein"
tr|X1CMG3|X1CMG3_9ZZZZ,GO:0008233,0.10457,peptidase activity
tr|X1CSY9|X1CSY9_9ZZZZ,GO:0016798,0.26756,"hydrolase activity, acting on glycosyl bonds"
tr|X1CSY9|X1CSY9_9ZZZZ,GO:0004553,0.23984,"hydrolase activity, hydrolyzing O-glycosyl compounds"
tr|X1CSY9|X1CSY9_9ZZZZ,GO:0008233,0.22241,peptidase activity
tr|X1CSY9|X1CSY9_9ZZZZ,GO:0140096,0.19135,"catalytic activity, acting on a protein"
tr|X1CSY9|X1CSY9_9ZZZZ,GO:0016788,0.15949,"hydrolase activity, acting on ester bonds"
tr|X1CSY9|X1CSY9_9ZZZZ,GO:0005509,0.11321,calcium ion binding
tr|X1CSY9|X1CSY9_9ZZZZ,GO:0004175,0.10806,endopeptidase activity
tr|X1CSY9|X1CSY9_9ZZZZ,GO:0030246,0.10359,carbohydrate binding
tr|X1CSY9|X1CSY9_9ZZZZ,GO:0008236,0.10200,serine-type peptidase activity
tr|X1CSY9|X1CSY9_9ZZZZ,GO:0017171,0.10194,serine hydrolase activity
tr|X1DY61|X1DY61_9ZZZZ,GO:0016829,0.13674,lyase activity
tr|X1DY61|X1DY61_9ZZZZ,GO:0016853,0.11802,isomerase activity
tr|X1E1K7|X1E1K7_9ZZZZ,GO:0140096,0.10249,"catalytic activity, acting on a protein"
tr|X1EVA4|X1EVA4_9ZZZZ,GO:0004553,0.36868,"hydrolase activity, hydrolyzing O-glycosyl compounds"
tr|X1EVA4|X1EVA4_9ZZZZ,GO:0016798,0.31830,"hydrolase activity, acting on glycosyl bonds"
tr|X1EVA4|X1EVA4_9ZZZZ,GO:0097367,0.27330,carbohydrate derivative binding
tr|X1EVA4|X1EVA4_9ZZZZ,GO:0032553,0.21552,ribonucleotide binding
tr|X1EVA4|X1EVA4_9ZZZZ,GO:0032559,0.19038,adenyl ribonucleotide binding
tr|X1EVA4|X1EVA4_9ZZZZ,GO:0005524,0.18586,ATP binding
tr|X1EVA4|X1EVA4_9ZZZZ,GO:0030554,0.17829,adenyl nucleotide binding
tr|X1EVA4|X1EVA4_9ZZZZ,GO:0032555,0.16761,purine ribonucleotide binding
tr|X1EVA4|X1EVA4_9ZZZZ,GO:0140096,0.16700,"catalytic activity, acting on a protein"
tr|X1EVA4|X1EVA4_9ZZZZ,GO:0035639,0.16171,purine ribonucleoside triphosphate binding
tr|X1EVA4|X1EVA4_9ZZZZ,GO:0017076,0.15635,purine nucleotide binding
tr|X1EVA4|X1EVA4_9ZZZZ,GO:0008233,0.14437,peptidase activity
tr|X1EXY1|X1EXY1_9ZZZZ,GO:0016829,0.12407,lyase activity
tr|X1EXY1|X1EXY1_9ZZZZ,GO:0003677,0.11062,DNA binding
tr|X1EXY1|X1EXY1_9ZZZZ,GO:0003723,0.10795,RNA binding
tr|X1FB49|X1FB49_9ZZZZ,GO:0051536,0.82424,iron-sulfur cluster binding
tr|X1FB49|X1FB49_9ZZZZ,GO:0051540,0.82377,metal cluster binding
tr|X1FB49|X1FB49_9ZZZZ,GO:0051539,0.77309,"4 iron, 4 sulfur cluster binding"
tr|X1FB49|X1FB49_9ZZZZ,GO:0046914,0.19980,transition metal ion binding
tr|X1FB49|X1FB49_9ZZZZ,GO:0097367,0.15790,carbohydrate derivative binding
tr|X1FB49|X1FB49_9ZZZZ,GO:0032553,0.15671,ribonucleotide binding
tr|X1FB49|X1FB49_9ZZZZ,GO:0032555,0.14621,purine ribonucleotide binding
tr|X1FB49|X1FB49_9ZZZZ,GO:0035639,0.14614,purine ribonucleoside triphosphate binding
tr|X1FB49|X1FB49_9ZZZZ,GO:0017076,0.14393,purine nucleotide binding
tr|X1FB49|X1FB49_9ZZZZ,GO:0032559,0.12215,adenyl ribonucleotide binding
tr|X1FB49|X1FB49_9ZZZZ,GO:0005524,0.12195,ATP binding
tr|X1FB49|X1FB49_9ZZZZ,GO:0030554,0.12033,adenyl nucleotide binding
tr|X1FG20|X1FG20_9ZZZZ,GO:0009055,0.12798,electron transfer activity
tr|X1FG20|X1FG20_9ZZZZ,GO:0046914,0.10999,transition metal ion binding
tr|X1FW71|X1FW71_9ZZZZ,GO:0005198,0.12525,structural molecule activity
tr|X1FW71|X1FW71_9ZZZZ,GO:0003723,0.11586,RNA binding
tr|X1GVL1|X1GVL1_9ZZZZ,GO:0140096,0.22612,"catalytic activity, acting on a protein"
tr|X1GVL1|X1GVL1_9ZZZZ,GO:0016798,0.20799,"hydrolase activity, acting on glycosyl bonds"
tr|X1GVL1|X1GVL1_9ZZZZ,GO:0004553,0.17746,"hydrolase activity, hydrolyzing O-glycosyl compounds"
tr|X1GVL1|X1GVL1_9ZZZZ,GO:0097367,0.16453,carbohydrate derivative binding
tr|X1GVL1|X1GVL1_9ZZZZ,GO:0016757,0.13189,"transferase activity, transferring glycosyl groups"
tr|X1GVL1|X1GVL1_9ZZZZ,GO:0032553,0.12106,ribonucleotide binding
tr|X1GVL1|X1GVL1_9ZZZZ,GO:0008233,0.11187,peptidase activity
tr|X1GVL1|X1GVL1_9ZZZZ,GO:0032555,0.10950,purine ribonucleotide binding
tr|X1GVL1|X1GVL1_9ZZZZ,GO:0030246,0.10835,carbohydrate binding
tr|X1GVL1|X1GVL1_9ZZZZ,GO:0035639,0.10709,purine ribonucleoside triphosphate binding
tr|X1GVL1|X1GVL1_9ZZZZ,GO:0017076,0.10496,purine nucleotide binding
tr|X1H6E6|X1H6E6_9ZZZZ,GO:0140096,0.15853,"catalytic activity, acting on a protein"
tr|X1H6E6|X1H6E6_9ZZZZ,GO:0016798,0.15303,"hydrolase activity, acting on glycosyl bonds"
tr|X1H6E6|X1H6E6_9ZZZZ,GO:0004553,0.14203,"hydrolase activity, hydrolyzing O-glycosyl compounds"
tr|X1H6E6|X1H6E6_9ZZZZ,GO:0016788,0.12856,"hydrolase activity, acting on ester bonds"
tr|X1H6E6|X1H6E6_9ZZZZ,GO:0008233,0.11236,peptidase activity
tr|X1H6E6|X1H6E6_9ZZZZ,GO:0097367,0.10064,carbohydrate derivative binding
tr|X1HJF2|X1HJF2_9ZZZZ,GO:0097367,0.20404,carbohydrate derivative binding
tr|X1HJF2|X1HJF2_9ZZZZ,GO:0032553,0.19234,ribonucleotide binding
tr|X1HJF2|X1HJF2_9ZZZZ,GO:0032555,0.16038,purine ribonucleotide binding
tr|X1HJF2|X1HJF2_9ZZZZ,GO:0035639,0.15616,purine ribonucleoside triphosphate binding
tr|X1HJF2|X1HJF2_9ZZZZ,GO:0017076,0.15234,purine nucleotide binding
tr|X1HJF2|X1HJF2_9ZZZZ,GO:0032559,0.12940,adenyl ribonucleotide binding
tr|X1HJF2|X1HJF2_9ZZZZ,GO:0005524,0.12696,ATP binding
tr|X1HJF2|X1HJF2_9ZZZZ,GO:0030554,0.12321,adenyl nucleotide binding
tr|X1HQ47|X1HQ47_9ZZZZ,GO:0140096,0.12586,"catalytic activity, acting on a protein"
tr|X1I827|X1I827_9ZZZZ,GO:0009055,0.10039,electron transfer activity
tr|X1J6B9|X1J6B9_9ZZZZ,GO:0016829,0.13555,lyase activity
tr|X1J6B9|X1J6B9_9ZZZZ,GO:0016788,0.10990,"hydrolase activity, acting on ester bonds"
tr|X1KFP0|X1KFP0_9ZZZZ,GO:0004553,0.34150,"hydrolase activity, hydrolyzing O-glycosyl compounds"
tr|X1KFP0|X1KFP0_9ZZZZ,GO:0016798,0.29908,"hydrolase activity, acting on glycosyl bonds"
tr|X1KFP0|X1KFP0_9ZZZZ,GO:0030246,0.20233,carbohydrate binding
tr|X1KFP0|X1KFP0_9ZZZZ,GO:0140096,0.17158,"catalytic activity, acting on a protein"
tr|X1KFP0|X1KFP0_9ZZZZ,GO:0008233,0.11052,peptidase activity
tr|X1KFP0|X1KFP0_9ZZZZ,GO:0016209,0.10431,antioxidant activity
tr|X1KKM0|X1KKM0_9ZZZZ,GO:0032559,0.67389,adenyl ribonucleotide binding
tr|X1KKM0|X1KKM0_9ZZZZ,GO:0005524,0.67271,ATP binding
tr|X1KKM0|X1KKM0_9ZZZZ,GO:0097367,0.67057,carbohydrate derivative binding
tr|X1KKM0|X1KKM0_9ZZZZ,GO:0030554,0.66621,adenyl nucleotide binding
tr|X1KKM0|X1KKM0_9ZZZZ,GO:0032553,0.64243,ribonucleotide binding
tr|X1KKM0|X1KKM0_9ZZZZ,GO:0032555,0.62852,purine ribonucleotide binding
tr|X1KKM0|X1KKM0_9ZZZZ,GO:0035639,0.62668,purine ribonucleoside triphosphate binding
tr|X1KKM0|X1KKM0_9ZZZZ,GO:0017076,0.61947,purine nucleotide binding
tr|X1KKM0|X1KKM0_9ZZZZ,GO:0016301,0.50600,kinase activity
tr|X1KKM0|X1KKM0_9ZZZZ,GO:0016772,0.47593,"transferase activity, transferring phosphorus-containing groups"
tr|X1KKM0|X1KKM0_9ZZZZ,GO:0016773,0.35106,"phosphotransferase activity, alcohol group as acceptor"
tr|X1KT70|X1KT70_9ZZZZ,GO:0016829,0.19176,lyase activity
tr|X1KT70|X1KT70_9ZZZZ,GO:0003677,0.13792,DNA binding
tr|X1L5K9|X1L5K9_9ZZZZ,GO:0003677,0.14056,DNA binding
tr|X1L5K9|X1L5K9_9ZZZZ,GO:0097367,0.11424,carbohydrate derivative binding
tr|X1L5K9|X1L5K9_9ZZZZ,GO:0032553,0.10319,ribonucleotide binding
tr|X1L5K9|X1L5K9_9ZZZZ,GO:0016829,0.10256,lyase activity
tr|X1LDG2|X1LDG2_9ZZZZ,GO:0004553,0.26339,"hydrolase activity, hydrolyzing O-glycosyl compounds"
tr|X1LDG2|X1LDG2_9ZZZZ,GO:0016798,0.25815,"hydrolase activity, acting on glycosyl bonds"
tr|X1LDG2|X1LDG2_9ZZZZ,GO:0008233,0.14834,peptidase activity
tr|X1LDG2|X1LDG2_9ZZZZ,GO:0008236,0.12680,serine-type peptidase activity
tr|X1LDG2|X1LDG2_9ZZZZ,GO:0017171,0.12635,serine hydrolase activity
tr|X1LHN1|X1LHN1_9ZZZZ,GO:0016829,0.10578,lyase activity
tr|X1LM53|X1LM53_9ZZZZ,GO:0140096,0.25825,"catalytic activity, acting on a protein"
tr|X1LM53|X1LM53_9ZZZZ,GO:0008233,0.17338,peptidase activity
tr|X1LM53|X1LM53_9ZZZZ,GO:0008236,0.10274,serine-type peptidase activity
tr|X1LM53|X1LM53_9ZZZZ,GO:0017171,0.10260,serine hydrolase activity
tr|X1ME48|X1ME48_9ZZZZ,GO:0097367,0.11021,carbohydrate derivative binding
tr|X1MNW3|X1MNW3_9ZZZZ,GO:0140096,0.32486,"catalytic activity, acting on a protein"
tr|X1MNW3|X1MNW3_9ZZZZ,GO:0008233,0.25863,peptidase activity
tr|X1MNW3|X1MNW3_9ZZZZ,GO:0005509,0.13538,calcium ion binding
tr|X1MNW3|X1MNW3_9ZZZZ,GO:0004175,0.11782,endopeptidase activity
tr|X1MNW3|X1MNW3_9ZZZZ,GO:0008236,0.11636,serine-type peptidase activity
tr|X1MNW3|X1MNW3_9ZZZZ,GO:0017171,0.11605,serine hydrolase activity
tr|X1MNW3|X1MNW3_9ZZZZ,GO:0004553,0.10976,"hydrolase activity, hydrolyzing O-glycosyl compounds"
tr|X1MNW3|X1MNW3_9ZZZZ,GO:0016798,0.10476,"hydrolase activity, acting on glycosyl bonds"
tr|X1MP29|X1MP29_9ZZZZ,GO:0003723,0.12697,RNA binding
tr|X1MP29|X1MP29_9ZZZZ,GO:0140096,0.10691,"catalytic activity, acting on a protein"
tr|X1MSU6|X1MSU6_9ZZZZ,GO:0003677,0.13058,DNA binding
tr|X1MSU6|X1MSU6_9ZZZZ,GO:0016788,0.12734,"hydrolase activity, acting on ester bonds"
tr|X1MSU6|X1MSU6_9ZZZZ,GO:0003723,0.11461,RNA binding
tr|X1MSU6|X1MSU6_9ZZZZ,GO:0046914,0.11158,transition metal ion binding
tr|X1MSU6|X1MSU6_9ZZZZ,GO:0016779,0.10248,nucleotidyltransferase activity
tr|X1N1L6|X1N1L6_9ZZZZ,GO:0051540,0.28554,metal cluster binding
tr|X1N1L6|X1N1L6_9ZZZZ,GO:0051536,0.28465,iron-sulfur cluster binding
tr|X1N1L6|X1N1L6_9ZZZZ,GO:0046914,0.26867,transition metal ion binding
tr|X1N1L6|X1N1L6_9ZZZZ,GO:0051539,0.17874,"4 iron, 4 sulfur cluster binding"
tr|X1N1L6|X1N1L6_9ZZZZ,GO:0009055,0.15434,electron transfer activity
tr|X1N1L6|X1N1L6_9ZZZZ,GO:0016651,0.14199,"oxidoreductase activity, acting on NAD(P)H"
tr|X1N1L6|X1N1L6_9ZZZZ,GO:0003723,0.10983,RNA binding
tr|X1N3Y2|X1N3Y2_9ZZZZ,GO:0051540,0.45990,metal cluster binding
tr|X1N3Y2|X1N3Y2_9ZZZZ,GO:0051536,0.45967,iron-sulfur cluster binding
tr|X1N3Y2|X1N3Y2_9ZZZZ,GO:0051539,0.29608,"4 iron, 4 sulfur cluster binding"
tr|X1N3Y2|X1N3Y2_9ZZZZ,GO:0046914,0.21083,transition metal ion binding
tr|X1N3Y2|X1N3Y2_9ZZZZ,GO:0016667,0.10032,"oxidoreductase activity, acting on a sulfur group of donors"
tr|X1N5F4|X1N5F4_9ZZZZ,GO:0016835,0.82463,carbon-oxygen lyase activity
tr|X1N5F4|X1N5F4_9ZZZZ,GO:0016829,0.82186,lyase activity
tr|X1N5F4|X1N5F4_9ZZZZ,GO:0016836,0.73726,hydro-lyase activity
tr|X1N5F4|X1N5F4_9ZZZZ,GO:0016853,0.13093,isomerase activity
tr|X1NGQ5|X1NGQ5_9ZZZZ,GO:0140096,0.15562,"catalytic activity, acting on a protein"
tr|X1QQX8|X1QQX8_9ZZZZ,GO:0046914,0.11532,transition metal ion binding
tr|X1QQX8|X1QQX8_9ZZZZ,GO:0140096,0.11475,"catalytic activity, acting on a protein"
tr|X1QQX8|X1QQX8_9ZZZZ,GO:0016788,0.11434,"hydrolase activity, acting on ester bonds"
tr|X1QQX8|X1QQX8_9ZZZZ,GO:0016829,0.11239,lyase activity
tr|X1QW30|X1QW30_9ZZZZ,GO:0140096,0.20308,"catalytic activity, acting on a protein"
tr|X1QW30|X1QW30_9ZZZZ,GO:0005509,0.11947,calcium ion binding
tr|X1QW30|X1QW30_9ZZZZ,GO:0016788,0.11586,"hydrolase activity, acting on ester bonds"
tr|X1QW30|X1QW30_9ZZZZ,GO:0008233,0.10869,peptidase activity
tr|X1RB81|X1RB81_9ZZZZ,GO:0140096,0.20551,"catalytic activity, acting on a protein"
tr|X1RB81|X1RB81_9ZZZZ,GO:0016798,0.18331,"hydrolase activity, acting on glycosyl bonds"
tr|X1RB81|X1RB81_9ZZZZ,GO:0004553,0.17940,"hydrolase activity, hydrolyzing O-glycosyl compounds"
tr|X1RB81|X1RB81_9ZZZZ,GO:0008233,0.16213,peptidase activity
tr|X1RB81|X1RB81_9ZZZZ,GO:0016829,0.14463,lyase activity
tr|X1RB81|X1RB81_9ZZZZ,GO:0046914,0.12982,transition metal ion binding
tr|X1RB81|X1RB81_9ZZZZ,GO:0030246,0.11664,carbohydrate binding
tr|X1RB81|X1RB81_9ZZZZ,GO:0008238,0.10960,exopeptidase activity
tr|X1SEN9|X1SEN9_9ZZZZ,GO:0016798,0.18631,"hydrolase activity, acting on glycosyl bonds"
tr|X1SEN9|X1SEN9_9ZZZZ,GO:0004553,0.14883,"hydrolase activity, hydrolyzing O-glycosyl compounds"
tr|X1SEN9|X1SEN9_9ZZZZ,GO:0008233,0.11873,peptidase activity
tr|X1SEN9|X1SEN9_9ZZZZ,GO:0140096,0.11552,"catalytic activity, acting on a protein"
tr|X1T1P6|X1T1P6_9ZZZZ,GO:0046914,0.12419,transition metal ion binding
tr|X1T1P6|X1T1P6_9ZZZZ,GO:0016829,0.12244,lyase activity
tr|X1T1P6|X1T1P6_9ZZZZ,GO:0003677,0.12016,DNA binding
tr|X1T1P6|X1T1P6_9ZZZZ,GO:0140096,0.11842,"catalytic activity, acting on a protein"
tr|X1T1P6|X1T1P6_9ZZZZ,GO:0097367,0.10282,carbohydrate derivative binding
tr|X1TF24|X1TF24_9ZZZZ,GO:0140096,0.34681,"catalytic activity, acting on a protein"
tr|X1TF24|X1TF24_9ZZZZ,GO:0005509,0.22211,calcium ion binding
tr|X1TF24|X1TF24_9ZZZZ,GO:0008233,0.19509,peptidase activity
tr|X1TGL9|X1TGL9_9ZZZZ,GO:0140096,0.12539,"catalytic activity, acting on a protein"
tr|X1TPB7|X1TPB7_9ZZZZ,GO:0016798,0.24321,"hydrolase activity, acting on glycosyl bonds"
tr|X1TPB7|X1TPB7_9ZZZZ,GO:0004553,0.23562,"hydrolase activity, hydrolyzing O-glycosyl compounds"
tr|X1TPB7|X1TPB7_9ZZZZ,GO:0140096,0.15241,"catalytic activity, acting on a protein"
tr|X1TPB7|X1TPB7_9ZZZZ,GO:0008233,0.13149,peptidase activity
tr|X1TPB7|X1TPB7_9ZZZZ,GO:0016829,0.13149,lyase activity
tr|X1TXK2|X1TXK2_9ZZZZ,GO:0003677,0.17737,DNA binding
tr|X1TXK2|X1TXK2_9ZZZZ,GO:0140096,0.14561,"catalytic activity, acting on a protein"
tr|X1TXK2|X1TXK2_9ZZZZ,GO:0140110,0.12382,transcription regulator activity
tr|X1TXK2|X1TXK2_9ZZZZ,GO:0098772,0.12170,molecular function regulator
tr|X1TXK2|X1TXK2_9ZZZZ,GO:0016788,0.11871,"hydrolase activity, acting on ester bonds"
tr|X1TXK2|X1TXK2_9ZZZZ,GO:0003723,0.10328,RNA binding
tr|X1TXK2|X1TXK2_9ZZZZ,GO:0003700,0.10110,DNA-binding transcription factor activity
tr|X1TXS3|X1TXS3_9ZZZZ,GO:0046914,0.18068,transition metal ion binding
tr|X1TXS3|X1TXS3_9ZZZZ,GO:0003677,0.12754,DNA binding
tr|X1TXS3|X1TXS3_9ZZZZ,GO:0051540,0.11817,metal cluster binding
tr|X1TXS3|X1TXS3_9ZZZZ,GO:0051536,0.11783,iron-sulfur cluster binding
tr|X1TXS3|X1TXS3_9ZZZZ,GO:0003723,0.10862,RNA binding
tr|X1UXZ2|X1UXZ2_9ZZZZ,GO:0016798,0.38007,"hydrolase activity, acting on glycosyl bonds"
tr|X1UXZ2|X1UXZ2_9ZZZZ,GO:0004553,0.24320,"hydrolase activity, hydrolyzing O-glycosyl compounds"
tr|X1UXZ2|X1UXZ2_9ZZZZ,GO:0140096,0.13105,"catalytic activity, acting on a protein"
tr|X1UXZ2|X1UXZ2_9ZZZZ,GO:0008233,0.12156,peptidase activity
tr|X1V2W2|X1V2W2_9ZZZZ,GO:0003723,0.12123,RNA binding
tr|X1V8T8|X1V8T8_9ZZZZ,GO:0140096,0.30446,"catalytic activity, acting on a protein"
tr|X1V8T8|X1V8T8_9ZZZZ,GO:0008233,0.22398,peptidase activity
tr|X1V8T8|X1V8T8_9ZZZZ,GO:0004553,0.12030,"hydrolase activity, hydrolyzing O-glycosyl compounds"
tr|X1V8T8|X1V8T8_9ZZZZ,GO:0016798,0.11314,"hydrolase activity, acting on glycosyl bonds"
tr|X1V8T8|X1V8T8_9ZZZZ,GO:0004175,0.10594,endopeptidase activity
tr|X1VA59|X1VA59_9ZZZZ,GO:0003677,0.13359,DNA binding
tr|X1VA59|X1VA59_9ZZZZ,GO:0005198,0.12113,structural molecule activity
tr|X1VJ43|X1VJ43_9ZZZZ,GO:0140096,0.18296,"catalytic activity, acting on a protein"
tr|X1VJ43|X1VJ43_9ZZZZ,GO:0016798,0.13874,"hydrolase activity, acting on glycosyl bonds"
tr|X1VJ43|X1VJ43_9ZZZZ,GO:0016788,0.11908,"hydrolase activity, acting on ester bonds"
tr|X1VJ43|X1VJ43_9ZZZZ,GO:0004553,0.11820,"hydrolase activity, hydrolyzing O-glycosyl compounds"
tr|X1VJ43|X1VJ43_9ZZZZ,GO:0008233,0.10192,peptidase activity
tr|X2CV80|X2CV80_EHRRU,GO:0008237,0.54009,metallopeptidase activity
tr|X2CV80|X2CV80_EHRRU,GO:0140096,0.51208,"catalytic activity, acting on a protein"
tr|X2CV80|X2CV80_EHRRU,GO:0008233,0.40472,peptidase activity
tr|X2CV80|X2CV80_EHRRU,GO:0046914,0.33586,transition metal ion binding
tr|X2CV80|X2CV80_EHRRU,GO:0008270,0.23629,zinc ion binding
tr|X2CV80|X2CV80_EHRRU,GO:0004222,0.18094,metalloendopeptidase activity
tr|X2CV80|X2CV80_EHRRU,GO:0004175,0.15168,endopeptidase activity
tr|X4ZSR1|X4ZSR1_9BACL,GO:0097367,0.10736,carbohydrate derivative binding
tr|X5D7Q4|X5D7Q4_9BACT,GO:0097367,0.12510,carbohydrate derivative binding
tr|X5D7Q4|X5D7Q4_9BACT,GO:0032553,0.10559,ribonucleotide binding
tr|X5D7Q4|X5D7Q4_9BACT,GO:0016874,0.10234,ligase activity
tr|X5D8M4|X5D8M4_9BACT,GO:0140096,0.14741,"catalytic activity, acting on a protein"
tr|X5DZ82|X5DZ82_9BACT,GO:0097367,0.10307,carbohydrate derivative binding
tr|X5DZ82|X5DZ82_9BACT,GO:0140096,0.10303,"catalytic activity, acting on a protein"
